id,disbursement_id,state,provider_name,provider_id,selection_reason,provider_error_category,created_at,last_updated_at,eta,max_eta,error,provider_error,receipt_number,psp_account_id,_cdc_operation,_cdc_lsn,_cdc_loaded_at
3fe68c9c-4758-367b-a649-9cdc507b9072,92ec89af-13ae-c376-c359-810a71a6014c,COMPLETED,THUNES,P218959,PRIORITY_ORDER,,2026-07-27 18:20:27,2026-07-27 19:00:27,2026-07-27 18:30:27,2026-07-28 18:20:27,,,R4121368,e9ddebf5-6311-9aca-848a-f4407fc15858,INSERT,2113,2026-09-07 11:52:00
8ccc9cea-109f-d8ee-b5a4-720058f0dd23,1679742f-ff4c-96d6-71f2-ce8fb69f68c3,FAILED,TERRAPAY,P668507,PREDEFINED,INVALID_ACCOUNT,2026-08-06 03:16:04,2026-08-07 03:16:04,2026-08-06 03:26:04,2026-08-07 03:16:04,provider declined,ERR_42,,b5a5f8e6-b639-1f04-2852-4385d9f2dd0d,INSERT,2114,2026-09-07 11:45:00
5c8ac066-cb2f-afa3-2c91-3a7ca3404f08,1679742f-ff4c-96d6-71f2-ce8fb69f68c3,WAITING_ON_PROVIDER,CELLULANT,P633469,SMART_ROUTING,INSUFFICIENT_FUNDS,2026-08-07 03:16:14,2026-08-07 03:21:14,2026-08-07 03:26:14,2026-08-08 03:16:14,provider declined,ERR_42,,238d6f44-cac4-d0eb-3373-730efc31a597,INSERT,2115,2026-09-07 11:51:00
12fc7a87-a470-4d48-5128-b9b1f8ede0ca,c4e7f7dd-6929-de73-8693-fd9d7a89cbeb,FAILED,THUNES,P571832,PROBING,PROVIDER_TIMEOUT,2026-08-20 09:29:24,2026-08-20 09:30:54,2026-08-20 09:39:24,2026-08-21 09:29:24,provider declined,ERR_42,,e0c1ff1e-20da-8972-5832-1ee48471b4b0,INSERT,2116,2026-09-07 11:41:00
96792482-a3c9-88e4-8d22-38e6c7bf4fbc,c4e7f7dd-6929-de73-8693-fd9d7a89cbeb,COMPLETED,TERRAPAY,P290802,SMART_ROUTING,,2026-08-20 09:31:04,2026-08-23 20:51:04,2026-08-20 09:41:04,2026-08-21 09:31:04,,,R8258130,0e2f8958-de43-1e06-e924-706980bbae52,INSERT,2117,2026-09-07 11:33:00
4d85e9c7-a001-7720-200b-290346426c45,143029a9-d88f-1c94-48b7-63d5e519dd7e,COMPLETED,TERRAPAY,P744274,PRIORITY_ORDER,,2026-08-08 06:20:20,2026-08-08 07:20:20,2026-08-08 06:30:20,2026-08-09 06:20:20,,,R9431778,f10d27c8-9780-c215-2b2b-b8e9a417c093,INSERT,2118,2026-09-07 11:58:00
a08dd21b-e395-4cb1-7f7f-6c0a07c0d116,35f789bc-a6b0-7458-43c0-7d4393a74792,WAITING_ON_PROVIDER,CELLULANT,P672079,PREDEFINED,PROVIDER_TIMEOUT,2026-08-23 19:34:45,2026-08-23 19:39:45,2026-08-23 19:44:45,2026-08-24 19:34:45,provider declined,ERR_42,,3eb05181-7ba2-4588-4d56-0a3df4e7069a,INSERT,2119,2026-09-07 11:45:00
51b1943c-1b2e-dedb-8fc8-5fc083d5bceb,f9b21e6e-586a-346a-dc5b-e7d1fcef1972,COMPLETED,TERRAPAY,P353480,PROBING,,2026-07-28 01:01:41,2026-07-28 01:26:41,2026-07-28 01:11:41,2026-07-29 01:01:41,,,R3055576,24108e9a-3f77-9cae-7318-b96d44790612,INSERT,2120,2026-09-07 11:40:00
750d112e-8164-ceec-64ab-851bf1fac6e7,7faeb748-7781-321e-83c5-01cbfef7d9ea,COMPLETED,TERRAPAY,P352422,SMART_ROUTING,,2026-09-04 10:49:55,2026-09-04 10:50:40,2026-09-04 10:59:55,2026-09-05 10:49:55,,,R6920597,7eb162f1-4806-f804-0cf0-374c0c74dc0f,INSERT,2121,2026-09-07 11:45:00
9f8cc29f-fd35-0c5f-d347-9a3b479bc637,62e7c1a6-12d2-fa06-49e1-cd138da00495,COMPLETED,CELLULANT,P813449,PRIORITY_ORDER,,2026-07-24 21:32:08,2026-07-24 22:32:08,2026-07-24 21:42:08,2026-07-25 21:32:08,,,R3158613,5f89ed12-64d6-dfbf-18c0-1e2bf99f0704,INSERT,2122,2026-09-07 11:44:00
23c8afdb-83f8-2f16-e4a4-474c9b33e3a4,554227de-b6ad-f48b-2314-d0c809f64405,COMPLETED,TERRAPAY,P443897,PREDEFINED,,2026-08-30 03:36:23,2026-08-30 03:37:53,2026-08-30 03:46:23,2026-08-31 03:36:23,,,R3726331,bd44089d-9dd2-f9de-fd98-fe336498abe9,INSERT,2123,2026-09-07 11:41:00
ff84faef-5336-723b-8f96-468535145890,ba370623-bc5f-d4dd-d92f-3c1edf70fb2a,FAILED,THUNES,P794395,PROBING,PROVIDER_TIMEOUT,2026-08-27 12:10:27,2026-08-27 13:10:27,2026-08-27 12:20:27,2026-08-28 12:10:27,provider declined,ERR_42,,2c55aef7-f4e9-5734-5052-1700607796a3,INSERT,2124,2026-09-07 11:46:00
35102852-b474-6349-49fc-2cd8c56bad4c,476cf68c-3f1b-e0d0-f514-105831383975,COMPLETED,CELLULANT,P823769,PROBING,,2026-08-26 07:27:08,2026-08-26 07:37:08,2026-08-26 07:37:08,2026-08-27 07:27:08,,,R6319061,ef06fccb-8f7c-1d59-594b-2a3a7ad465a1,INSERT,2125,2026-09-07 11:57:00
d3f4a49b-33ba-ba88-36c7-d6fa7aa4f052,ec8be537-58ab-4778-143b-45e3b6d1f6bb,COMPLETED,TERRAPAY,P664739,PREDEFINED,,2026-08-21 08:09:26,2026-08-22 08:09:27,2026-08-21 08:19:26,2026-08-22 08:09:26,,,R5557052,bdab07e7-9d9d-028e-1bf6-45f623245211,INSERT,2126,2026-09-07 11:54:00
c1836315-330f-8be1-a689-b4247a3a10e1,286ed390-edd9-7a1a-fa58-5b278ce3e7c3,COMPLETED,TERRAPAY,P401198,PREDEFINED,,2026-08-26 00:25:17,2026-08-26 01:25:16,2026-08-26 00:35:17,2026-08-27 00:25:17,,,R5788474,c4cb294f-e86e-8e63-0f25-477da55990e7,INSERT,2127,2026-09-07 11:59:00
df4e713e-f64e-3dfc-bfbe-ac7aefc59738,ff46a6bf-094d-916d-eb6d-2fedef158d5b,WAITING_ON_PROVIDER,TERRAPAY,P403528,PRIORITY_ORDER,INSUFFICIENT_FUNDS,2026-08-28 14:30:05,2026-08-28 14:35:05,2026-08-28 14:40:05,2026-08-29 14:30:05,provider declined,ERR_42,,1b780ede-9a4f-fc0c-9165-f2ed4c636e95,INSERT,2128,2026-09-07 11:42:00
aca58d95-915a-1c30-4b86-b5a1ca6fbff8,b7f60cdf-41dc-1c60-a5f6-0735757b6b29,COMPLETED,THUNES,P894068,SMART_ROUTING,,2026-08-24 15:11:29,2026-08-24 15:36:29,2026-08-24 15:21:29,2026-08-25 15:11:29,,,R3944316,e5a4983b-a383-889a-db2c-6ac89c678393,INSERT,2129,2026-09-07 11:45:00
4d4c5280-5462-52e7-f43b-a0524459bd6e,42c2d2eb-01bf-9e73-3f80-0385ef9240b6,COMPLETED,TERRAPAY,P710754,PRIORITY_ORDER,,2026-07-28 17:03:54,2026-07-29 20:50:34,2026-07-28 17:13:54,2026-07-29 17:03:54,,,R5388133,3c7e5368-b159-4847-5c0b-9b10a757cb10,INSERT,2130,2026-09-07 11:42:00
6a74dbb7-5fa5-e0aa-9b11-b530fd247c11,22319050-f515-9494-3818-cfd33889936a,COMPLETED,TERRAPAY,P836038,PROBING,,2026-08-01 06:05:30,2026-08-02 06:05:31,2026-08-01 06:15:30,2026-08-02 06:05:30,,,R4664338,c1369c65-ae2a-e341-3f59-e4f2c3093b6e,INSERT,2131,2026-09-07 11:39:00
1dc1e7eb-711c-7673-8535-1a69dabf984e,929c93b3-33c0-8bf1-8167-999fe723ada3,COMPLETED,CELLULANT,P813341,SMART_ROUTING,,2026-08-19 03:22:28,2026-08-19 03:47:28,2026-08-19 03:32:28,2026-08-20 03:22:28,,,R9201172,720b274b-82a7-f586-e61d-9cde1747f387,INSERT,2132,2026-09-07 11:58:00
e4eb8000-ef40-d162-0f6c-e9bffe7ee362,6c776e95-0b98-1ccd-12b2-102d940c3503,COMPLETED,TERRAPAY,P172371,PROBING,,2026-08-18 09:59:07,2026-08-18 10:59:07,2026-08-18 10:09:07,2026-08-19 09:59:07,,,R1532422,c4db5a62-2e13-418d-68ab-80ea497ec6d1,INSERT,2133,2026-09-07 11:31:00
8b60c511-b816-8aeb-ac6a-7c8576876c62,ba54e920-2099-d180-8762-3997649f7d88,FAILED,TERRAPAY,P544730,PROBING,INSUFFICIENT_FUNDS,2026-08-15 06:35:31,2026-08-15 06:45:31,2026-08-15 06:45:31,2026-08-16 06:35:31,provider declined,ERR_42,,27b608dc-589d-ecb0-75eb-89c23f5cf2f3,INSERT,2134,2026-09-07 11:48:00
b99b2b5a-e00d-a49d-effa-20023040413c,ba54e920-2099-d180-8762-3997649f7d88,COMPLETED,THUNES,P902674,PRIORITY_ORDER,,2026-08-15 06:45:41,2026-08-15 06:55:41,2026-08-15 06:55:41,2026-08-16 06:45:41,,,R1540516,9d6b9b62-6b53-5a19-a902-b73fcf39f648,INSERT,2135,2026-09-07 11:44:00
bb44badc-ea98-fef8-d0d7-5e373bf2025f,0e731dd7-c6ac-1b04-dd1d-6cd1c11f6bf5,COMPLETED,THUNES,P704095,PREDEFINED,,2026-07-27 18:24:28,2026-07-27 18:34:28,2026-07-27 18:34:28,2026-07-28 18:24:28,,,R6379867,24acb722-e052-7739-4d40-6f1b3ca5be29,INSERT,2136,2026-09-07 11:32:00
605fb1eb-4cc5-7e0d-2633-20186883ac6e,61935990-abdd-1a8f-a4b0-5c89f10bce9c,COMPLETED,CELLULANT,P292811,PROBING,,2026-08-06 20:35:09,2026-08-06 21:15:09,2026-08-06 20:45:09,2026-08-07 20:35:09,,,R5042775,db87d29c-4cfd-0fc1-39b0-2e2ad96e684f,INSERT,2137,2026-09-07 11:37:00
0a1fc9df-9a59-1974-9adf-4709ac75c344,b97e6224-891f-6912-17ab-b8635efeef4f,COMPLETED,THUNES,P176319,SMART_ROUTING,,2026-08-20 19:14:07,2026-08-20 19:54:07,2026-08-20 19:24:07,2026-08-21 19:14:07,,,R4640933,e8334da5-de95-d695-3579-c1437ab99428,INSERT,2138,2026-09-07 11:55:00
e1fff6c0-8347-f1da-5c11-ab6d42f5b3f5,775c30b5-6173-0c48-4876-9153c68813fe,COMPLETED,CELLULANT,P621433,PROBING,,2026-08-02 17:24:07,2026-08-02 17:34:07,2026-08-02 17:34:07,2026-08-03 17:24:07,,,R2654371,78308631-b8f0-188e-fb37-afaecd8563ca,INSERT,2139,2026-09-07 11:57:00
f186e47a-a794-6320-8cf6-e8b87fd238c3,3ae28023-5472-0d2d-3239-9ffb27046f25,COMPLETED,TERRAPAY,P818113,PREDEFINED,,2026-08-08 16:35:20,2026-08-08 16:39:20,2026-08-08 16:45:20,2026-08-09 16:35:20,,,R5317226,f76d15fd-7d16-45a0-d253-d966c36b9a0a,INSERT,2140,2026-09-07 11:38:00
3b3f3800-a175-a9c3-d7b1-02a92332a50e,ab102c9b-d168-2e09-f1f7-d90413075157,COMPLETED,THUNES,P171269,SMART_ROUTING,,2026-08-29 01:44:59,2026-08-29 02:24:59,2026-08-29 01:54:59,2026-08-30 01:44:59,,,R1153368,5f8a14bd-74bd-0c93-8177-b66137fe032c,INSERT,2141,2026-09-07 11:48:00
fd7fe973-3e42-df5b-90a3-fbbf7580e050,446f64dd-5abc-a6e5-d0b1-e3eb409e7a80,COMPLETED,TERRAPAY,P831105,SMART_ROUTING,,2026-09-01 23:24:18,2026-09-02 00:04:18,2026-09-01 23:34:18,2026-09-02 23:24:18,,,R6032739,14a34f7f-d90d-d19b-d3fb-e043af1d5a1a,INSERT,2142,2026-09-07 11:57:00
e336c243-b139-c476-de3c-e88be6b9d31a,1869a217-f94d-8fcb-dba3-496ffa323f69,FAILED,THUNES,P694316,PROBING,INVALID_ACCOUNT,2026-08-11 21:52:58,2026-08-11 21:56:58,2026-08-11 22:02:58,2026-08-12 21:52:58,provider declined,ERR_42,,af36b8cc-1308-7974-ec95-b3ac0beb7c34,INSERT,2143,2026-09-07 11:36:00
a879d8f8-9042-2eb7-8b04-0f53e63949d4,1869a217-f94d-8fcb-dba3-496ffa323f69,COMPLETED,CELLULANT,P134500,SMART_ROUTING,,2026-08-11 21:57:08,2026-08-11 22:07:08,2026-08-11 22:07:08,2026-08-12 21:57:08,,,R6276177,9647ff9f-3508-507a-f622-d84204022b3c,INSERT,2144,2026-09-07 11:51:00
57311609-1375-ee90-d6b3-61e43b6dca0d,bed63da0-8033-f5c2-1413-d64db962c8a7,COMPLETED,TERRAPAY,P734565,PROBING,,2026-08-01 09:16:35,2026-08-01 09:56:35,2026-08-01 09:26:35,2026-08-02 09:16:35,,,R6475691,c8969c5b-45f8-c28d-a255-e1bb07958c1f,INSERT,2145,2026-09-07 11:41:00
176de21f-1b46-ebdc-5c56-d9bc5111d31d,b630794d-6147-adeb-277b-06674499d0a6,COMPLETED,CELLULANT,P105447,PREDEFINED,,2026-08-20 08:20:38,2026-08-20 09:00:38,2026-08-20 08:30:38,2026-08-21 08:20:38,,,R8461429,1a2bd69c-450f-69ee-c2e7-9a985c238d8d,INSERT,2146,2026-09-07 11:51:00
3e245fbf-fa69-8cd2-fe23-90f3e7bbaefc,6346d4ef-69ef-74e3-4ab6-821c0328c136,COMPLETED,THUNES,P699743,SMART_ROUTING,,2026-08-15 06:56:56,2026-08-15 07:56:56,2026-08-15 07:06:56,2026-08-16 06:56:56,,,R7387623,4d16f049-44d7-df9a-238b-05b72b64777c,INSERT,2147,2026-09-07 11:31:00
614077d3-9ec4-ea48-d773-f98d550c2fe9,22af711f-1b62-8a9d-7536-6b9f320f72c0,COMPLETED,TERRAPAY,P943135,PREDEFINED,,2026-08-01 14:49:08,2026-08-01 15:29:08,2026-08-01 14:59:08,2026-08-02 14:49:08,,,R8385715,d2d33488-d0c3-0018-6e3c-dd4f55b145e4,INSERT,2148,2026-09-07 11:36:00
8bae591e-ff4c-c10f-979c-30cf33261887,47c1c017-6045-2909-536d-47d73e0f84ce,COMPLETED,TERRAPAY,P288667,PRIORITY_ORDER,,2026-08-22 18:48:01,2026-08-23 05:54:41,2026-08-22 18:58:01,2026-08-23 18:48:01,,,R8744735,703e957f-35ab-8466-b557-8b00f166cdcf,INSERT,2149,2026-09-07 11:59:00
a85894df-3f8c-1097-c4da-2c2e1bffa279,b39e4df2-5c0a-1feb-f7ea-e66eca6caf9b,COMPLETED,CELLULANT,P796982,PREDEFINED,,2026-08-19 10:35:29,2026-08-19 10:36:14,2026-08-19 10:45:29,2026-08-20 10:35:29,,,R3790696,902f3465-0b57-0720-9cd8-758ba5a1c825,INSERT,2150,2026-09-07 11:37:00
34f541c0-c8c5-eb2a-7490-adeb57d337d3,f0d0270f-d4d1-3d55-1db6-b84415fa9483,COMPLETED,CELLULANT,P646428,PROBING,,2026-08-12 11:42:45,2026-08-12 11:52:45,2026-08-12 11:52:45,2026-08-13 11:42:45,,,R6843509,b8d49848-702b-a49f-18fd-d2b979e5c9aa,INSERT,2151,2026-09-07 11:40:00
a137f8e4-67b1-3040-cc39-b9253b5ae288,28fea761-8d49-fe3f-2ca8-f78384182d35,COMPLETED,TERRAPAY,P293411,SMART_ROUTING,,2026-08-08 01:50:28,2026-08-08 02:50:27,2026-08-08 02:00:28,2026-08-09 01:50:28,,,R8250013,9d361cb6-bcc5-7be0-0779-250a6544e313,INSERT,2152,2026-09-07 11:44:00
f7464c02-8718-54c1-7d4e-d26edcd5bfae,327375bf-5373-bf4d-5da4-9cb92fdc9992,FAILED,TERRAPAY,P770153,PREDEFINED,PROVIDER_TIMEOUT,2026-08-14 08:28:25,2026-08-15 08:28:25,2026-08-14 08:38:25,2026-08-15 08:28:25,provider declined,ERR_42,,9645f0e4-647d-c392-9c7e-b575637ddcd6,INSERT,2153,2026-09-07 11:46:00
623ad0fc-9326-7d25-234b-456298af5cca,b1850eb8-5f90-fc87-2edc-017e1df05d18,COMPLETED,THUNES,P543588,SMART_ROUTING,,2026-08-23 11:17:16,2026-08-23 11:57:16,2026-08-23 11:27:16,2026-08-24 11:17:16,,,R9164971,eb4e2281-b184-d1fc-8991-b01aa2b03c4b,INSERT,2154,2026-09-07 11:37:00
816462cb-8fc3-d7d3-f6bd-80c7624a2a50,02740f73-f3ab-ea0d-5be9-fdb3dd92dd7c,COMPLETED,TERRAPAY,P784793,PROBING,,2026-08-17 06:28:57,2026-08-20 17:48:57,2026-08-17 06:38:57,2026-08-18 06:28:57,,,R7864135,b5cbe3f5-6a66-c184-7de1-bf5daf4847f0,INSERT,2155,2026-09-07 11:35:00
82c42e48-8cba-dae5-7ecc-daf4c4134dc2,2b0fbe44-49e6-4c22-89a0-b7eb398f569b,COMPLETED,TERRAPAY,P218710,PRIORITY_ORDER,,2026-07-28 12:19:35,2026-07-29 16:06:15,2026-07-28 12:29:35,2026-07-29 12:19:35,,,R5494430,fdab3441-d2c2-a960-8b09-01abc66dceb3,INSERT,2156,2026-09-07 11:55:00
52daf681-2b1a-c76c-89ec-bc5198cbaa52,0f321333-ce31-5937-34fa-32b6d0437e4c,COMPLETED,CELLULANT,P838253,PREDEFINED,,2026-08-31 03:41:04,2026-08-31 03:51:04,2026-08-31 03:51:04,2026-09-01 03:41:04,,,R5854206,dba6fdf8-f3d0-4ffb-4470-9848929ecc92,INSERT,2157,2026-09-07 11:47:00
6a0aa7d5-a0b8-5755-44ca-a5a2a1e518a2,ad1db537-d7f3-4368-c2ef-eecb3f5fbf4f,WAITING_ON_PROVIDER,TERRAPAY,P493396,PROBING,INSUFFICIENT_FUNDS,2026-08-31 15:24:17,2026-08-31 15:29:17,2026-08-31 15:34:17,2026-09-01 15:24:17,provider declined,ERR_42,,c4d598f7-e14f-e093-cb6a-d0c7a2356dd4,INSERT,2158,2026-09-07 11:53:00
5bb47c18-b281-87c4-aa05-5442a284e8fd,c62dbaea-de70-bd30-00a2-136794fb09f0,WAITING_ON_PROVIDER,CELLULANT,P991401,PRIORITY_ORDER,PROVIDER_TIMEOUT,2026-08-07 00:09:53,2026-08-07 00:14:53,2026-08-07 00:19:53,2026-08-08 00:09:53,provider declined,ERR_42,,6dfd171a-f7d7-465d-37c3-b3c965d0b517,INSERT,2159,2026-09-07 11:38:00
042b03ca-75a7-2686-d632-1d31c8acffcf,aebbb90e-e4e7-51de-57ff-51d9c9ce44bd,COMPLETED,THUNES,P230272,SMART_ROUTING,,2026-08-09 04:10:24,2026-08-10 04:10:24,2026-08-09 04:20:24,2026-08-10 04:10:24,,,R8403549,f54191ea-fde9-1c42-002c-4c2274de5f70,INSERT,2160,2026-09-07 11:45:00
6c1cc405-dc3f-42e0-fcf7-b8421edf3bfa,0260a123-71ef-e72a-ae13-591e84fa4c72,WAITING_ON_PROVIDER,THUNES,P827744,SMART_ROUTING,INVALID_ACCOUNT,2026-08-08 07:57:08,2026-08-08 08:02:08,2026-08-08 08:07:08,2026-08-09 07:57:08,provider declined,ERR_42,,16de66c9-6210-def6-3a9c-43081221cddf,INSERT,2161,2026-09-07 11:50:00
6965d1d1-eb7e-2e64-26c0-747ebf8e8bfa,70aa5b0d-2a03-8ad4-a667-b9829c3de1b0,COMPLETED,TERRAPAY,P746002,PROBING,,2026-08-11 08:14:55,2026-08-12 08:14:55,2026-08-11 08:24:55,2026-08-12 08:14:55,,,R4644760,23d7e6a1-19b8-14fc-e587-1d8916312fc6,INSERT,2162,2026-09-07 11:42:00
3d4574eb-f465-5a21-cb35-097ae5dd98f1,6449cb6f-bf72-ae52-304b-237082701238,FAILED,TERRAPAY,P618927,PROBING,INSUFFICIENT_FUNDS,2026-08-22 16:13:22,2026-08-23 20:00:02,2026-08-22 16:23:22,2026-08-23 16:13:22,provider declined,ERR_42,,980bc81e-a359-5d1f-7fe4-a42e3db788a6,INSERT,2163,2026-09-07 11:37:00
81b13b80-65e1-b0f5-ca0e-e8c4f2dcb12b,431e930f-0387-f74d-1149-d096965d744f,COMPLETED,THUNES,P400404,PROBING,,2026-07-30 21:46:46,2026-07-30 21:47:01,2026-07-30 21:56:46,2026-07-31 21:46:46,,,R8106413,a3fa4069-1519-fd38-66fb-a71db3a9dcaa,INSERT,2164,2026-09-07 11:38:00
16120aa6-3e96-39ba-0ed2-ec9d3d175712,b2dc6c34-4f67-448e-10ec-eb1fa4a5c736,COMPLETED,TERRAPAY,P555589,PRIORITY_ORDER,,2026-08-08 13:04:33,2026-08-12 00:24:33,2026-08-08 13:14:33,2026-08-09 13:04:33,,,R8606317,4f2da233-0e16-5b12-9bdc-70d19cbf7b8c,INSERT,2165,2026-09-07 11:50:00
861b4f5b-45a0-8539-6de8-370ace9e9ebd,44cdbfdd-df9b-141e-c7f7-bda1bff15840,FAILED,THUNES,P166974,PREDEFINED,PROVIDER_TIMEOUT,2026-08-27 20:46:20,2026-08-27 21:11:20,2026-08-27 20:56:20,2026-08-28 20:46:20,provider declined,ERR_42,,13badc91-a0a5-fde6-939f-71a2f99cea5c,INSERT,2166,2026-09-07 11:49:00
0e3141ec-5c31-1464-82c2-99f07487d772,44cdbfdd-df9b-141e-c7f7-bda1bff15840,COMPLETED,CELLULANT,P623879,SMART_ROUTING,,2026-08-27 21:11:30,2026-08-27 22:11:29,2026-08-27 21:21:30,2026-08-28 21:11:30,,,R7168777,1a57f9e4-c5f8-e2f8-414f-499428457780,INSERT,2167,2026-09-07 11:52:00
6a8fcacb-3f8e-2d0d-5261-9dec3979d5f5,e9f87970-cd98-f9e2-8d88-8beb090d9655,WAITING_ON_PROVIDER,CELLULANT,P855276,PREDEFINED,INVALID_ACCOUNT,2026-08-18 04:49:56,2026-08-18 04:54:56,2026-08-18 04:59:56,2026-08-19 04:49:56,provider declined,ERR_42,,5f705b25-9250-2e59-13f0-6822d3748a11,INSERT,2168,2026-09-07 11:41:00
76c3e642-3e19-fc1d-9f6a-6a65bd54da04,335f2f59-5e71-7fca-020a-449774ed5145,COMPLETED,TERRAPAY,P486162,PROBING,,2026-09-01 13:07:48,2026-09-01 13:17:48,2026-09-01 13:17:48,2026-09-02 13:07:48,,,R4278644,c2aef674-8beb-4e78-e683-73a3bb82b796,INSERT,2169,2026-09-07 11:34:00
ff38b918-f8f9-a45d-0f55-4896f610396b,34879e41-1a9c-672a-4eb9-047dba2ac3d9,FAILED,TERRAPAY,P249289,PREDEFINED,INSUFFICIENT_FUNDS,2026-08-13 09:44:06,2026-08-13 10:44:05,2026-08-13 09:54:06,2026-08-14 09:44:06,provider declined,ERR_42,,e5b4a1ae-3b41-c943-ebd8-a3b10b3d0c36,INSERT,2170,2026-09-07 11:31:00
e5449887-b36a-b3ed-69be-173a850ef0ad,34879e41-1a9c-672a-4eb9-047dba2ac3d9,COMPLETED,CELLULANT,P490586,PROBING,,2026-08-13 10:44:15,2026-08-16 22:04:15,2026-08-13 10:54:15,2026-08-14 10:44:15,,,R2424426,222df6a4-8163-b6ce-1877-bc0694ad6252,INSERT,2171,2026-09-07 11:43:00
95af6d0c-c528-5425-c7a9-f33c22d839d3,459ee674-73e7-f042-516c-3b0a53853918,FAILED,THUNES,P214266,SMART_ROUTING,INSUFFICIENT_FUNDS,2026-08-21 01:34:02,2026-08-21 01:38:02,2026-08-21 01:44:02,2026-08-22 01:34:02,provider declined,ERR_42,,50647c59-774f-6354-7316-ce642a147a96,INSERT,2172,2026-09-07 11:46:00
53ea4919-db48-62c2-d5ff-2a1f370b9a29,4de1087b-afa1-4a55-cebe-abaa28597b34,COMPLETED,CELLULANT,P255528,PRIORITY_ORDER,,2026-08-30 21:30:56,2026-08-30 21:31:11,2026-08-30 21:40:56,2026-08-31 21:30:56,,,R5164420,837217e0-6570-46ea-5b11-f51ff7e9101d,INSERT,2173,2026-09-07 11:55:00
f004e897-a15b-2e18-afb0-64065f4b1a97,38e7e019-fb89-86c8-c7ec-fe71d49347fc,COMPLETED,THUNES,P776001,PRIORITY_ORDER,,2026-07-26 00:13:17,2026-07-26 00:53:17,2026-07-26 00:23:17,2026-07-27 00:13:17,,,R5342289,0594b24f-1332-5c31-d010-318aeadc9960,INSERT,2174,2026-09-07 11:35:00
7fb75c57-4b8c-031f-a5b4-09833eebc04a,260cb547-e228-0fe3-722d-ce1347a48c42,COMPLETED,THUNES,P532005,PROBING,,2026-09-07 08:41:59,2026-09-07 19:48:39,2026-09-07 08:51:59,2026-09-08 08:41:59,,,R2023059,2321e64e-620d-4a1f-479f-66281674eb65,INSERT,2175,2026-09-07 11:42:00
cf03f0c8-0eff-d5bd-47eb-340dc74e48ff,98dc9e0b-51a1-f5df-06ac-10102e0869c1,COMPLETED,THUNES,P594596,PREDEFINED,,2026-08-31 10:26:46,2026-09-01 14:13:26,2026-08-31 10:36:46,2026-09-01 10:26:46,,,R4905100,3f738f50-19a2-676f-28dd-2bfdf956be95,INSERT,2176,2026-09-07 11:38:00
5a07d758-b357-f3f9-b415-7cea07388ba4,bcf474aa-ce63-cb1a-5168-bbf297af5bde,COMPLETED,CELLULANT,P695225,SMART_ROUTING,,2026-09-02 03:02:58,2026-09-02 14:09:38,2026-09-02 03:12:58,2026-09-03 03:02:58,,,R4158036,e1b243cc-cf76-7343-fced-f994d631c383,INSERT,2177,2026-09-07 11:41:00
24435958-eacf-33a9-b466-fab6962c04dd,cd6bb03b-eb35-37a0-2d6e-0291b7893986,COMPLETED,TERRAPAY,P911982,PRIORITY_ORDER,,2026-07-26 08:14:21,2026-07-26 08:15:51,2026-07-26 08:24:21,2026-07-27 08:14:21,,,R9829762,12916e60-f5e7-2daf-5d69-6bc8dc54d59b,INSERT,2178,2026-09-07 11:49:00
2401342a-7f05-fbf5-efca-c5771aa6f7cb,5176a9d1-9a36-24d6-2e9c-e8ff084a3c4b,COMPLETED,CELLULANT,P447255,PRIORITY_ORDER,,2026-08-29 03:10:28,2026-08-29 14:17:08,2026-08-29 03:20:28,2026-08-30 03:10:28,,,R4992909,2afaab7b-51cb-f9e5-fb7d-3ba158c88c48,INSERT,2179,2026-09-07 11:32:00
39bfca38-afe9-be90-c21c-3fb3a6a5f0ff,d42cb1ae-19f7-38cb-6016-c7438bc83a02,COMPLETED,TERRAPAY,P270557,PROBING,,2026-08-31 16:57:11,2026-09-01 04:03:51,2026-08-31 17:07:11,2026-09-01 16:57:11,,,R2236638,4b7f2183-088d-bd82-d883-e3f8cc9803de,INSERT,2180,2026-09-07 11:59:00
0db5d441-2837-f418-6f27-c1b9e3c6dedb,07ef2ba8-b45a-6ab3-7b94-a34de4aa786d,FAILED,THUNES,P206176,PREDEFINED,INSUFFICIENT_FUNDS,2026-07-28 02:27:29,2026-07-28 13:34:09,2026-07-28 02:37:29,2026-07-29 02:27:29,provider declined,ERR_42,,b27b7bb4-68c6-90b2-30a2-cee8f9722cc1,INSERT,2181,2026-09-07 11:40:00
8a45a905-badf-9397-ecf2-6429b8d77d2f,07ef2ba8-b45a-6ab3-7b94-a34de4aa786d,COMPLETED,TERRAPAY,P378150,PREDEFINED,,2026-07-28 13:34:19,2026-07-28 14:34:19,2026-07-28 13:44:19,2026-07-29 13:34:19,,,R5989554,64953d5f-0cb4-e891-188d-f23b3ccff6eb,INSERT,2182,2026-09-07 11:58:00
a939ebd1-e516-b0d4-7d35-72cc788fd0cd,d8014004-793b-ed1b-14f9-c394fa207403,COMPLETED,THUNES,P377877,PRIORITY_ORDER,,2026-08-11 00:24:16,2026-08-11 01:04:16,2026-08-11 00:34:16,2026-08-12 00:24:16,,,R7501626,61a66444-e2af-a629-5efb-336e2f546033,INSERT,2183,2026-09-07 11:37:00
85c7f3be-d183-010f-6319-629bd73e7bb9,f8802878-69fb-0763-8a9c-66f7cee4e512,COMPLETED,CELLULANT,P538967,PROBING,,2026-08-06 06:46:13,2026-08-06 06:46:28,2026-08-06 06:56:13,2026-08-07 06:46:13,,,R4953417,6511e61a-1436-65f5-4c81-926079ec533c,INSERT,2184,2026-09-07 11:35:00
fcffe9e3-140f-f589-6c62-4c2c0aeccec7,2c41cbd3-72f4-44ab-c1d7-1f4af3025d16,FAILED,TERRAPAY,P816308,PROBING,INSUFFICIENT_FUNDS,2026-09-06 05:06:52,2026-09-06 05:08:22,2026-09-06 05:16:52,2026-09-07 05:06:52,provider declined,ERR_42,,25db5946-a091-e5b4-d293-8e6eff4d0930,INSERT,2185,2026-09-07 11:48:00
e92a7b97-51db-1a37-4204-d73398550b1e,2c41cbd3-72f4-44ab-c1d7-1f4af3025d16,FAILED,THUNES,P862422,PRIORITY_ORDER,INSUFFICIENT_FUNDS,2026-09-06 05:08:32,2026-09-09 16:28:32,2026-09-06 05:18:32,2026-09-07 05:08:32,provider declined,ERR_42,,8d536c75-65b9-0e94-8e6d-e263635a775d,INSERT,2186,2026-09-07 11:41:00
ecc817a6-19a6-f80e-f08c-e6c2f6ff3521,25f06b0a-264e-f59d-6a18-e5af1cce08e9,COMPLETED,CELLULANT,P210766,PRIORITY_ORDER,,2026-09-07 00:34:45,2026-09-08 04:21:25,2026-09-07 00:44:45,2026-09-08 00:34:45,,,R5799841,5807cf74-e150-9425-891f-4683de12dbf1,INSERT,2187,2026-09-07 11:56:00
5f584603-e5a3-d8e9-44c1-f1b5ebbbd763,b0c58278-54dc-cba5-e103-5e1ce3bb22ae,COMPLETED,THUNES,P121215,PREDEFINED,,2026-08-25 06:53:28,2026-08-25 07:53:27,2026-08-25 07:03:28,2026-08-26 06:53:28,,,R6084418,7ddac1b6-d7c4-caed-47c4-cc514f9a5f98,INSERT,2188,2026-09-07 11:35:00
67443fb8-81bd-55d5-b5a6-571c4fa5c35e,84396fc0-c26e-2706-7c05-9799bdae8eff,FAILED,THUNES,P242239,PRIORITY_ORDER,INSUFFICIENT_FUNDS,2026-08-08 02:05:36,2026-08-08 02:06:21,2026-08-08 02:15:36,2026-08-09 02:05:36,provider declined,ERR_42,,3362d476-d53a-e57f-e00b-d5343158f1fb,INSERT,2189,2026-09-07 11:57:00
74d9d1f5-0877-5804-3fde-98140ec0ad4b,84396fc0-c26e-2706-7c05-9799bdae8eff,COMPLETED,TERRAPAY,P153015,PREDEFINED,,2026-08-08 02:06:31,2026-08-11 13:26:31,2026-08-08 02:16:31,2026-08-09 02:06:31,,,R4340507,76d70561-d2d1-4ef5-5e4c-4fd1462363a9,INSERT,2190,2026-09-07 11:40:00
c7c1fb1b-dd58-631b-0522-26b983666636,ad7d6f81-39a0-f145-a5ba-b05038aa76df,COMPLETED,THUNES,P904858,PRIORITY_ORDER,,2026-09-03 03:56:44,2026-09-03 04:36:44,2026-09-03 04:06:44,2026-09-04 03:56:44,,,R8954031,2c56e0cd-a5ba-2472-21df-5609e959137f,INSERT,2191,2026-09-07 11:57:00
d7e174e6-f76b-9723-a990-2071ffda9a93,65abc9ff-9fa4-a627-d306-08be8548867b,COMPLETED,CELLULANT,P980152,PREDEFINED,,2026-08-23 00:46:49,2026-08-23 01:46:49,2026-08-23 00:56:49,2026-08-24 00:46:49,,,R5742531,7b53359e-1bac-bd0d-af35-b30b4c68eb17,INSERT,2192,2026-09-07 11:43:00
a7c854e4-0684-3c86-b8a6-040223d26b8d,999bc859-cf5e-0f0b-cd67-b5dfdb7904e0,WAITING_ON_PROVIDER,TERRAPAY,P621533,PREDEFINED,INVALID_ACCOUNT,2026-08-09 06:49:13,2026-08-09 06:54:13,2026-08-09 06:59:13,2026-08-10 06:49:13,provider declined,ERR_42,,6365fc2a-6793-cb09-6b27-1effe82b5b36,INSERT,2193,2026-09-07 11:46:00
a8596f8c-d734-18fe-2b84-3ef3d86d655d,f0cf9d73-e812-1ef0-79c9-c839c8ef0377,WAITING_ON_PROVIDER,CELLULANT,P685365,SMART_ROUTING,INVALID_ACCOUNT,2026-08-21 06:29:09,2026-08-21 06:34:09,2026-08-21 06:39:09,2026-08-22 06:29:09,provider declined,ERR_42,,bdacdc5e-20c0-f275-7885-187d18fc83b7,INSERT,2194,2026-09-07 11:36:00
26996aab-daaf-7529-deef-f82a0dd70158,ae423568-de14-553b-1eac-41d9801f4909,COMPLETED,TERRAPAY,P244037,SMART_ROUTING,,2026-09-04 13:25:47,2026-09-04 14:05:47,2026-09-04 13:35:47,2026-09-05 13:25:47,,,R6749046,e4917f7d-91c4-6efc-fcb8-96bb68c0cbef,INSERT,2195,2026-09-07 11:54:00
9d4e8b5d-2120-bfba-1689-e0b8c79ddb62,c3b534db-9387-03c9-2b29-bf36c606ddc4,COMPLETED,THUNES,P554779,PROBING,,2026-09-04 08:46:12,2026-09-05 12:32:52,2026-09-04 08:56:12,2026-09-05 08:46:12,,,R7767819,62210670-7a36-e788-f71f-b9a66dd49c96,INSERT,2196,2026-09-07 11:36:00
4fe54745-5827-4e80-e082-1918b18ad67d,010e4265-ad3f-5dd4-0496-26ba30c9a2be,COMPLETED,CELLULANT,P235193,PRIORITY_ORDER,,2026-08-28 23:17:16,2026-08-28 23:21:16,2026-08-28 23:27:16,2026-08-29 23:17:16,,,R7434909,2ac1d5ca-4e5d-8f12-96b3-1f4a80daa8ca,INSERT,2197,2026-09-07 11:53:00
3610901c-2196-b3b5-fc21-109bba27bc64,e82a3879-f2b5-a7ea-2a35-ce30303cb04b,COMPLETED,TERRAPAY,P869735,PRIORITY_ORDER,,2026-08-15 15:12:03,2026-08-15 15:16:03,2026-08-15 15:22:03,2026-08-16 15:12:03,,,R9466346,b60b4f87-5dd8-effc-1f87-8b322b429596,INSERT,2198,2026-09-07 11:52:00
0261c87a-a15c-159a-af8c-a888b1f81ad9,40b374f8-8c1a-b2c7-1fa3-ed1f61584f88,WAITING_ON_PROVIDER,TERRAPAY,P415743,PROBING,PROVIDER_TIMEOUT,2026-08-05 22:01:27,2026-08-05 22:06:27,2026-08-05 22:11:27,2026-08-06 22:01:27,provider declined,ERR_42,,451d38fe-8532-fc74-a998-7bdf19d9d0b5,INSERT,2199,2026-09-07 11:40:00
b02e21aa-352b-6ec8-e90d-21cb7f111a36,68e5c8cd-b414-6e4a-5ba0-c3e033a0daa7,COMPLETED,TERRAPAY,P604012,PREDEFINED,,2026-08-18 08:02:52,2026-08-18 09:02:52,2026-08-18 08:12:52,2026-08-19 08:02:52,,,R4934345,16c8e3d7-abf0-263e-0343-8b6400b3700f,INSERT,2200,2026-09-07 11:35:00
198d13a4-0cd2-0e43-76da-e194439db29d,a4f34185-4182-2509-e79f-9f3d19ee2c3b,WAITING_ON_PROVIDER,THUNES,P952679,SMART_ROUTING,INSUFFICIENT_FUNDS,2026-08-17 11:40:52,2026-08-17 11:45:52,2026-08-17 11:50:52,2026-08-18 11:40:52,provider declined,ERR_42,,cd3566ef-5c37-0739-4a62-9c5eda2cf852,INSERT,2201,2026-09-07 11:35:00
6676cc75-6699-5af5-1d24-181c2ed087d4,bbaa574f-e0e3-c5ce-44af-ecb79f2ebefc,WAITING_ON_PROVIDER,THUNES,P578715,PREDEFINED,INVALID_ACCOUNT,2026-07-30 03:02:34,2026-07-30 03:07:34,2026-07-30 03:12:34,2026-07-31 03:02:34,provider declined,ERR_42,,ccc62fed-7a6e-43d0-d9c5-9cd9b09d721b,INSERT,2202,2026-09-07 11:54:00
f933a9fa-ba2e-eeb3-d6aa-5382e1446b45,5bcd236c-c777-4fae-6137-58c39c7faca6,COMPLETED,CELLULANT,P237002,PROBING,,2026-08-27 07:06:18,2026-08-28 07:06:18,2026-08-27 07:16:18,2026-08-28 07:06:18,,,R9189341,70d0ebcb-6949-ece5-e339-5b1a1ce97871,INSERT,2203,2026-09-07 11:33:00
588309de-7b5f-be41-3fa2-bde0ba05dd0f,b359390e-b030-9aaf-85ea-16e084e3b774,WAITING_ON_PROVIDER,CELLULANT,P795951,PROBING,INSUFFICIENT_FUNDS,2026-08-08 18:07:19,2026-08-08 18:12:19,2026-08-08 18:17:19,2026-08-09 18:07:19,provider declined,ERR_42,,e45e2ad0-8eef-a5dd-d391-6dcfd6cade2c,INSERT,2204,2026-09-07 11:54:00
cd1f75a3-71b6-5ca1-7587-3920142e3df0,a4b0718e-8ced-4707-3903-4b6581c61eeb,WAITING_ON_PROVIDER,TERRAPAY,P700870,PROBING,INSUFFICIENT_FUNDS,2026-08-01 02:50:31,2026-08-01 02:55:31,2026-08-01 03:00:31,2026-08-02 02:50:31,provider declined,ERR_42,,50e96888-7273-0e7b-7f9a-d277db496e6d,INSERT,2205,2026-09-07 11:59:00
a83c1c2b-b776-e729-791f-49f699966612,74577d47-d825-3010-3911-2943d10bf4dc,FAILED,TERRAPAY,P480941,PROBING,INSUFFICIENT_FUNDS,2026-08-03 13:00:27,2026-08-04 00:07:07,2026-08-03 13:10:27,2026-08-04 13:00:27,provider declined,ERR_42,,38c46b38-a8ae-57b9-c262-cad018f1a1e4,INSERT,2206,2026-09-07 11:39:00
30c9c51f-c80b-2af7-d315-fafa7500f785,3002d831-3227-e8d8-9c60-c81b41191aa7,FAILED,CELLULANT,P851606,PREDEFINED,INSUFFICIENT_FUNDS,2026-09-01 07:58:27,2026-09-01 08:02:27,2026-09-01 08:08:27,2026-09-02 07:58:27,provider declined,ERR_42,,ed376567-0be7-728e-6a1a-ba9dc1d48a10,INSERT,2207,2026-09-07 11:30:00
1f8b4af1-96bc-532d-ac11-7babd6642fe8,3002d831-3227-e8d8-9c60-c81b41191aa7,WAITING_ON_PROVIDER,THUNES,P909652,PROBING,INVALID_ACCOUNT,2026-09-01 08:02:37,2026-09-01 08:07:37,2026-09-01 08:12:37,2026-09-02 08:02:37,provider declined,ERR_42,,811317a8-f4c8-e393-96dd-6c82a8909e31,INSERT,2208,2026-09-07 11:44:00
6b2d9ccc-6279-403c-e1a2-cfe7810d5c57,632d0302-1a82-833c-20dd-a0ffd0b3d752,COMPLETED,CELLULANT,P738576,SMART_ROUTING,,2026-08-29 05:45:35,2026-08-29 06:10:35,2026-08-29 05:55:35,2026-08-30 05:45:35,,,R5590177,f8722413-57c5-982c-f6ae-10e865daced0,INSERT,2209,2026-09-07 11:36:00
fb38cd91-21f6-c63d-ac20-af11ebd33927,9fc97264-35af-bb2d-336d-778637a3c30a,COMPLETED,CELLULANT,P844904,SMART_ROUTING,,2026-08-13 12:53:29,2026-08-13 13:18:29,2026-08-13 13:03:29,2026-08-14 12:53:29,,,R9453929,5287964d-a30a-6658-b1be-6df28ae0b8a0,INSERT,2210,2026-09-07 11:56:00
5bd29cb1-0845-3b2f-8a8a-4105c0eb8875,4024c424-aef2-ab2f-495f-a2fcfbc8c77e,FAILED,CELLULANT,P953568,PROBING,INSUFFICIENT_FUNDS,2026-07-25 17:27:09,2026-07-25 17:31:09,2026-07-25 17:37:09,2026-07-26 17:27:09,provider declined,ERR_42,,bd4f6118-acef-45c4-de37-90fb9db94eee,INSERT,2211,2026-09-07 11:49:00
a5a99ebc-be0e-c2da-396c-357bdd664071,4024c424-aef2-ab2f-495f-a2fcfbc8c77e,COMPLETED,THUNES,P688534,PROBING,,2026-07-25 17:31:19,2026-07-25 18:31:19,2026-07-25 17:41:19,2026-07-26 17:31:19,,,R4986190,cc7f9517-cbfd-4a31-c8c8-5ad682cbcdc7,INSERT,2212,2026-09-07 11:57:00
4773e66a-6db2-b020-0a67-01436090103c,2fddb26a-1310-6665-aec2-bb19fbc398d8,WAITING_ON_PROVIDER,THUNES,P683635,PREDEFINED,INSUFFICIENT_FUNDS,2026-08-27 16:57:38,2026-08-27 17:02:38,2026-08-27 17:07:38,2026-08-28 16:57:38,provider declined,ERR_42,,4148bd11-d894-62e8-9580-1c3a2932a211,INSERT,2213,2026-09-07 11:56:00
8150e0c9-c948-384b-1174-035785467426,b52a9e6b-c8b6-48e0-12a8-50c55bab7f4a,WAITING_ON_PROVIDER,TERRAPAY,P267112,PROBING,PROVIDER_TIMEOUT,2026-08-01 00:22:12,2026-08-01 00:27:12,2026-08-01 00:32:12,2026-08-02 00:22:12,provider declined,ERR_42,,597278c5-1789-be63-6746-5743897b303d,INSERT,2214,2026-09-07 11:47:00
c53f1db3-d275-bd43-8451-7303e94d4fbe,41afeb2a-62c8-c3f4-1d06-149ef1eab64a,WAITING_ON_PROVIDER,CELLULANT,P493172,PROBING,INVALID_ACCOUNT,2026-08-10 07:08:09,2026-08-10 07:13:09,2026-08-10 07:18:09,2026-08-11 07:08:09,provider declined,ERR_42,,a6ca8d50-e5f5-c891-4be3-18a80b39dccf,INSERT,2215,2026-09-07 11:41:00
d428df6c-89aa-4293-34a0-dcd41a9af29e,a127dc6b-ab9b-153d-35f5-c65410c2c2e5,FAILED,CELLULANT,P836879,PROBING,PROVIDER_TIMEOUT,2026-07-29 03:48:20,2026-08-01 15:08:20,2026-07-29 03:58:20,2026-07-30 03:48:20,provider declined,ERR_42,,bf343ca7-1276-7d13-f093-8776d116d014,INSERT,2216,2026-09-07 11:37:00
b784ae08-758f-c8fa-0614-ac41275c75dc,a127dc6b-ab9b-153d-35f5-c65410c2c2e5,COMPLETED,THUNES,P447828,PRIORITY_ORDER,,2026-08-01 15:08:30,2026-08-02 15:08:30,2026-08-01 15:18:30,2026-08-02 15:08:30,,,R2468357,cb51a911-2d90-e4ee-0de4-833e12c0620c,INSERT,2217,2026-09-07 11:38:00
bef6a59a-c186-a221-1030-56b79e4c24dd,1e494952-ac5d-4e57-63b6-64f40452f779,COMPLETED,CELLULANT,P714054,PRIORITY_ORDER,,2026-09-06 17:23:04,2026-09-07 17:23:05,2026-09-06 17:33:04,2026-09-07 17:23:04,,,R2217848,1b2bb2ec-80b9-ec30-ed94-898b5b923c67,INSERT,2218,2026-09-07 11:47:00
4e003d55-15ca-dfaf-f26d-3dd38c2aa0b1,0149a2af-0ab1-a504-1f8c-56e0243113fd,WAITING_ON_PROVIDER,CELLULANT,P320256,PREDEFINED,INSUFFICIENT_FUNDS,2026-08-12 11:32:51,2026-08-12 11:37:51,2026-08-12 11:42:51,2026-08-13 11:32:51,provider declined,ERR_42,,d9f93502-a55b-c44f-e7d7-3d1d69a3b991,INSERT,2219,2026-09-07 11:34:00
94a1eab0-b9c0-37aa-3289-f58b1923cafc,12b99a50-8cb6-d1f0-a509-6396761579e7,COMPLETED,TERRAPAY,P610856,PREDEFINED,,2026-08-04 05:14:41,2026-08-04 05:24:41,2026-08-04 05:24:41,2026-08-05 05:14:41,,,R6991787,3c0a584e-a7cd-13cb-abda-06b220d2b528,INSERT,2220,2026-09-07 11:46:00
7ade4367-e0bd-202c-54e1-4f3abba41ae0,6fa5d3b0-a40d-fea5-bd64-987eb652ae99,FAILED,THUNES,P585331,PROBING,INVALID_ACCOUNT,2026-08-11 04:40:26,2026-08-12 04:40:26,2026-08-11 04:50:26,2026-08-12 04:40:26,provider declined,ERR_42,,8d3a5d76-7caa-281b-4e33-6644c65720ae,INSERT,2221,2026-09-07 11:47:00
14fc3a5d-9b4b-f377-a542-deb92cff45f8,6fa5d3b0-a40d-fea5-bd64-987eb652ae99,FAILED,TERRAPAY,P982683,PREDEFINED,INSUFFICIENT_FUNDS,2026-08-12 04:40:36,2026-08-12 04:41:21,2026-08-12 04:50:36,2026-08-13 04:40:36,provider declined,ERR_42,,4363589c-3249-5cff-89e2-df24e42c0aea,INSERT,2222,2026-09-07 11:37:00
3d274ad5-a9a5-4c24-02b6-22e9808e08d2,80499bbf-76f6-a778-2246-0ac94a7eebc2,FAILED,CELLULANT,P989173,SMART_ROUTING,PROVIDER_TIMEOUT,2026-08-06 03:38:54,2026-08-06 04:03:54,2026-08-06 03:48:54,2026-08-07 03:38:54,provider declined,ERR_42,,2ddc756b-28c2-cce9-723b-80d423ef5561,INSERT,2223,2026-09-07 11:44:00
606cc2f5-2c81-6bf0-91f6-04068b5a8683,d463c183-a231-7211-8578-b1c6f7ebc69a,FAILED,CELLULANT,P785428,PROBING,INVALID_ACCOUNT,2026-08-03 12:55:03,2026-08-04 00:01:43,2026-08-03 13:05:03,2026-08-04 12:55:03,provider declined,ERR_42,,d5e14d1f-e5f2-2dfb-a741-104b96721e98,INSERT,2224,2026-09-07 11:55:00
f9012b9c-6057-153a-4067-f79084440504,d463c183-a231-7211-8578-b1c6f7ebc69a,WAITING_ON_PROVIDER,TERRAPAY,P333726,PROBING,INVALID_ACCOUNT,2026-08-04 00:01:53,2026-08-04 00:06:53,2026-08-04 00:11:53,2026-08-05 00:01:53,provider declined,ERR_42,,7ca2f582-5854-09d9-de22-dc3fd1366db1,INSERT,2225,2026-09-07 11:32:00
227d4660-293f-c266-97a4-18b892d00319,6930b0c4-d557-6899-a5b2-c7ea29476f54,COMPLETED,THUNES,P760120,PRIORITY_ORDER,,2026-08-11 02:01:43,2026-08-11 02:03:13,2026-08-11 02:11:43,2026-08-12 02:01:43,,,R3463987,ec257a75-421d-4dca-2a95-59080e503fd8,INSERT,2226,2026-09-07 11:49:00
215d3b1f-a8cd-f44d-7b74-244017db4c2f,09fe4cdd-998d-65ba-9d60-22c5e6cfcbd8,COMPLETED,CELLULANT,P732789,PRIORITY_ORDER,,2026-08-12 05:06:14,2026-08-12 05:06:59,2026-08-12 05:16:14,2026-08-13 05:06:14,,,R8239315,dff47c51-5ed1-0e7f-6bb1-f2bc85a4b0cb,INSERT,2227,2026-09-07 11:54:00
be5f902f-b58a-c738-0166-72213063ae7f,48842a14-1575-11ad-dbea-e9f8e8fb5a96,FAILED,TERRAPAY,P927769,PRIORITY_ORDER,PROVIDER_TIMEOUT,2026-08-31 19:54:26,2026-08-31 20:04:26,2026-08-31 20:04:26,2026-09-01 19:54:26,provider declined,ERR_42,,01d77831-850f-1cdc-1e2a-03f185c53910,INSERT,2228,2026-09-07 11:56:00
cde5c35a-b011-7b0a-3496-51d6a79055b0,48842a14-1575-11ad-dbea-e9f8e8fb5a96,COMPLETED,CELLULANT,P431246,PROBING,,2026-08-31 20:04:36,2026-08-31 20:44:36,2026-08-31 20:14:36,2026-09-01 20:04:36,,,R7077878,a6cdae3c-6d13-0705-279f-91ab1b4909b6,INSERT,2229,2026-09-07 11:50:00
2358755c-bc5c-3cd8-65eb-d4dcb49b4b72,fd0ee0b6-40f7-924b-7bd7-b4bf8e0eabb7,COMPLETED,TERRAPAY,P996531,PRIORITY_ORDER,,2026-08-14 01:29:35,2026-08-15 05:16:15,2026-08-14 01:39:35,2026-08-15 01:29:35,,,R4854922,f301bb6c-b306-1300-c879-d93272540ab7,INSERT,2230,2026-09-07 11:48:00
9be950c7-147d-7bfc-5eef-0d1e38c5ef5e,99a9af6a-ed05-4732-78bf-46fa25343e85,COMPLETED,TERRAPAY,P139589,PROBING,,2026-08-12 22:41:44,2026-08-12 22:51:44,2026-08-12 22:51:44,2026-08-13 22:41:44,,,R7721705,49560c36-8560-9e8a-a7fb-19979d2cd944,INSERT,2231,2026-09-07 11:54:00
902bd154-6088-5550-f74f-690071594914,8366c189-cd8d-9f75-1df4-4d3ef26f9b19,FAILED,CELLULANT,P607122,SMART_ROUTING,INVALID_ACCOUNT,2026-08-22 22:28:22,2026-08-23 22:28:23,2026-08-22 22:38:22,2026-08-23 22:28:22,provider declined,ERR_42,,ae7cfd14-7577-1730-c68d-a4b2f613bda0,INSERT,2232,2026-09-07 11:37:00
0700749a-dcad-8ec2-963a-4333e58295dc,8366c189-cd8d-9f75-1df4-4d3ef26f9b19,COMPLETED,TERRAPAY,P605382,PRIORITY_ORDER,,2026-08-23 22:28:33,2026-08-23 23:28:32,2026-08-23 22:38:33,2026-08-24 22:28:33,,,R5325497,c9e55c47-a237-a8c1-61f6-dfbe114b3c79,INSERT,2233,2026-09-07 11:46:00
bf0418a9-f276-5513-2eca-f62944e22691,5059f77b-79ff-89d9-2db1-3debee6ffbea,COMPLETED,TERRAPAY,P816289,SMART_ROUTING,,2026-08-10 15:23:43,2026-08-11 02:30:23,2026-08-10 15:33:43,2026-08-11 15:23:43,,,R9371819,bc45144a-3c1f-dff0-331d-58bbbcb3636d,INSERT,2234,2026-09-07 11:31:00
fc40a3d4-e5eb-4549-7e0a-04c250bf2995,f53f091e-8a9e-0964-db6a-34eac3a58237,FAILED,CELLULANT,P702427,PREDEFINED,INVALID_ACCOUNT,2026-08-03 08:14:54,2026-08-03 19:21:34,2026-08-03 08:24:54,2026-08-04 08:14:54,provider declined,ERR_42,,ea7f6c7d-c3a6-b204-fc01-4a222ed0b0b2,INSERT,2235,2026-09-07 11:51:00
c00b19de-38db-128d-65db-6e4347bf8db7,f53f091e-8a9e-0964-db6a-34eac3a58237,COMPLETED,THUNES,P704677,SMART_ROUTING,,2026-08-03 19:21:44,2026-08-03 20:21:44,2026-08-03 19:31:44,2026-08-04 19:21:44,,,R1908455,7a732f35-6c55-40f0-cc9c-f41c86969901,INSERT,2236,2026-09-07 11:44:00
5c91f845-534f-c96d-19ca-9c1b94bcf47a,0227b8d5-b070-1a53-50ce-857f75c72fb6,COMPLETED,THUNES,P742544,PREDEFINED,,2026-08-12 14:43:18,2026-08-12 15:23:18,2026-08-12 14:53:18,2026-08-13 14:43:18,,,R4139896,44f7f01a-3cb5-26d7-434a-130e8c6ea6ad,INSERT,2237,2026-09-07 11:57:00
cccf4130-2556-03d4-3231-32fa618192de,b8875caf-1991-103f-d06e-ccbc3a8359b6,FAILED,CELLULANT,P874417,SMART_ROUTING,INVALID_ACCOUNT,2026-08-17 17:07:03,2026-08-21 04:27:03,2026-08-17 17:17:03,2026-08-18 17:07:03,provider declined,ERR_42,,6be8c756-2d36-226c-027e-789cce40483b,INSERT,2238,2026-09-07 11:54:00
d9719e00-e4ad-5e9b-fedd-22d9226cbc6a,b8875caf-1991-103f-d06e-ccbc3a8359b6,COMPLETED,TERRAPAY,P761286,PREDEFINED,,2026-08-21 04:27:13,2026-08-21 05:27:12,2026-08-21 04:37:13,2026-08-22 04:27:13,,,R9164132,dbc6c928-8fe8-4e20-403f-d5824ccf0a4b,INSERT,2239,2026-09-07 11:51:00
f68ece81-adf9-568b-de0b-de1859e110eb,41f9994a-cf5d-337f-ee8d-5daa8eb7c306,COMPLETED,TERRAPAY,P734992,SMART_ROUTING,,2026-08-27 00:32:58,2026-08-27 00:33:43,2026-08-27 00:42:58,2026-08-28 00:32:58,,,R3928275,5ae86d18-48dc-1e26-c7c2-564afab8328f,INSERT,2240,2026-09-07 11:47:00
20029d9f-05e9-f407-daad-a0b12f132a6d,96405fcd-bf76-1449-5cf8-5eebf0533851,FAILED,TERRAPAY,P863124,SMART_ROUTING,PROVIDER_TIMEOUT,2026-08-01 08:45:05,2026-08-01 08:46:35,2026-08-01 08:55:05,2026-08-02 08:45:05,provider declined,ERR_42,,b360dfaa-be6e-9d47-f0c0-804b406bf02d,INSERT,2241,2026-09-07 11:53:00
65a4c79b-2aba-a4f9-35e8-0364147f1f67,96405fcd-bf76-1449-5cf8-5eebf0533851,COMPLETED,CELLULANT,P208013,PRIORITY_ORDER,,2026-08-01 08:46:45,2026-08-02 08:46:46,2026-08-01 08:56:45,2026-08-02 08:46:45,,,R2070258,8c662766-7922-b440-e0f1-e44cefd1b588,INSERT,2242,2026-09-07 11:52:00
86017633-6f5a-ad52-9061-498fe096521e,98fb4727-9740-b212-2d52-45f48a0ec018,COMPLETED,TERRAPAY,P770864,PREDEFINED,,2026-08-25 17:05:56,2026-08-26 17:05:56,2026-08-25 17:15:56,2026-08-26 17:05:56,,,R6824517,ce015413-3a25-16fe-8a27-b0b07b4d8646,INSERT,2243,2026-09-07 11:48:00
cbf8f29e-3b30-ee97-98d5-3cf54afcf9e8,4cb34663-7a21-1151-c166-a8b3f26bcebf,COMPLETED,THUNES,P107568,PREDEFINED,,2026-08-13 12:15:38,2026-08-14 16:02:18,2026-08-13 12:25:38,2026-08-14 12:15:38,,,R4163696,6fe633f1-8f80-7d8b-e1d5-5f8569678586,INSERT,2244,2026-09-07 11:39:00
da7dcc53-3020-cf06-69b4-119444d18524,48e09502-4598-f3c8-af44-9605b1a50a3d,WAITING_ON_PROVIDER,CELLULANT,P171789,SMART_ROUTING,INSUFFICIENT_FUNDS,2026-08-29 06:48:46,2026-08-29 06:53:46,2026-08-29 06:58:46,2026-08-30 06:48:46,provider declined,ERR_42,,74915c14-a30b-669c-1c40-50454a22eae9,INSERT,2245,2026-09-07 11:39:00
4fc37d4e-6b95-0c1d-5787-99d93799a376,3b997815-0219-a9c7-ba23-b07a703c1286,WAITING_ON_PROVIDER,THUNES,P923892,PROBING,INVALID_ACCOUNT,2026-08-23 17:34:08,2026-08-23 17:39:08,2026-08-23 17:44:08,2026-08-24 17:34:08,provider declined,ERR_42,,081fec82-ca9a-cf77-b26a-51a576b40672,INSERT,2246,2026-09-07 11:57:00
a110e887-289a-c251-52b4-44e8efabcd73,790b185c-355c-ca9c-fb6b-f1dcaa7f7e06,COMPLETED,TERRAPAY,P863611,PRIORITY_ORDER,,2026-07-30 10:06:13,2026-07-30 10:16:13,2026-07-30 10:16:13,2026-07-31 10:06:13,,,R9739692,a3760c2d-7b31-dcdc-40d9-1a8e1f44aa88,INSERT,2247,2026-09-07 11:49:00
5f13fb98-27ad-8d51-98a1-5e4fb03b6934,0ac013d5-f805-90f0-0249-3a093e3b1a40,COMPLETED,CELLULANT,P908239,PRIORITY_ORDER,,2026-09-04 10:14:32,2026-09-04 11:14:31,2026-09-04 10:24:32,2026-09-05 10:14:32,,,R5172867,af9a1168-1766-1795-7ffa-b493285eed0a,INSERT,2248,2026-09-07 11:45:00
994316bb-d4d3-53a5-de1f-1619467ba9e5,8b2ab759-2fc6-c4e6-9113-5d7e30952621,WAITING_ON_PROVIDER,TERRAPAY,P681456,SMART_ROUTING,INSUFFICIENT_FUNDS,2026-08-02 20:49:45,2026-08-02 20:54:45,2026-08-02 20:59:45,2026-08-03 20:49:45,provider declined,ERR_42,,4bb13407-730a-d7de-27af-bff987f89f62,INSERT,2249,2026-09-07 11:35:00
89f90de9-f798-0131-a885-a7b410372a5c,c6a90598-5d34-0833-db59-2a199ea6ed4a,COMPLETED,CELLULANT,P958835,PROBING,,2026-08-15 13:02:55,2026-08-16 13:02:56,2026-08-15 13:12:55,2026-08-16 13:02:55,,,R4185480,c4072654-7f5f-61aa-aee7-c7a586296fbe,INSERT,2250,2026-09-07 11:56:00
e3c7ca9a-edab-ddab-7dcc-c026a7df30b2,b7c4b3ee-9b1f-c6d1-3881-49dc5dc96097,COMPLETED,THUNES,P972496,PRIORITY_ORDER,,2026-08-03 07:26:50,2026-08-03 07:30:50,2026-08-03 07:36:50,2026-08-04 07:26:50,,,R8852729,5c65a65c-0f8a-0c2c-a390-0bc0cd0fa4a6,INSERT,2251,2026-09-07 11:43:00
2dcc4095-f28f-9444-a015-4d6591ed554a,30807a5d-62a5-0eec-881a-f04f3b23feed,WAITING_ON_PROVIDER,THUNES,P685549,PROBING,PROVIDER_TIMEOUT,2026-07-27 07:55:58,2026-07-27 08:00:58,2026-07-27 08:05:58,2026-07-28 07:55:58,provider declined,ERR_42,,9399ad15-a37c-e1c5-c42b-266b1b02fa24,INSERT,2252,2026-09-07 11:51:00
5c29850b-410b-fc29-be9c-afcfed17f6e9,8bae295e-902a-405c-3d9f-fe599bc0fa93,COMPLETED,THUNES,P574379,PROBING,,2026-09-03 12:20:04,2026-09-03 13:20:04,2026-09-03 12:30:04,2026-09-04 12:20:04,,,R7662074,fba3091f-08df-aaf8-b9ef-aad6000cd21a,INSERT,2253,2026-09-07 11:59:00
27f6a2ac-5b0c-4170-75da-cbbe09a9161a,f17f3f92-d26a-a790-c582-8939058e389e,FAILED,THUNES,P245131,PREDEFINED,INVALID_ACCOUNT,2026-09-05 17:18:41,2026-09-05 17:19:26,2026-09-05 17:28:41,2026-09-06 17:18:41,provider declined,ERR_42,,3ba58126-3ff6-9f41-9508-2801e3be7ca0,INSERT,2254,2026-09-07 11:31:00
920b725b-1787-1810-4ce0-9ecbcfa28fb8,f17f3f92-d26a-a790-c582-8939058e389e,COMPLETED,CELLULANT,P519218,SMART_ROUTING,,2026-09-05 17:19:36,2026-09-05 17:29:36,2026-09-05 17:29:36,2026-09-06 17:19:36,,,R2295227,7b874b4a-cafb-c4fe-531f-04afb93c92d5,INSERT,2255,2026-09-07 11:40:00
ff5376a4-bb48-bbba-ac73-5be00ceeddc2,53ab3cce-264a-e04f-909e-21ba8a38d5aa,COMPLETED,CELLULANT,P511967,PROBING,,2026-09-04 17:22:59,2026-09-04 17:24:29,2026-09-04 17:32:59,2026-09-05 17:22:59,,,R9467953,4a2f3876-6e93-5615-38da-9a90170fad32,INSERT,2256,2026-09-07 11:58:00
ff408dcc-9db1-f7f9-8fa8-ae3432339053,32b73d80-8f2e-08d3-7b1d-bca32286e3f8,COMPLETED,TERRAPAY,P871403,SMART_ROUTING,,2026-08-09 19:40:21,2026-08-10 06:47:01,2026-08-09 19:50:21,2026-08-10 19:40:21,,,R5065372,6e18c9b3-c6da-85f1-4429-6ca21257429e,INSERT,2257,2026-09-07 11:42:00
5fb2b838-af73-b3cf-331e-91f23bc5f97f,9f88dda3-7134-ae6e-cd84-0a47fd7b1279,WAITING_ON_PROVIDER,THUNES,P263568,PRIORITY_ORDER,INSUFFICIENT_FUNDS,2026-08-13 13:51:58,2026-08-13 13:56:58,2026-08-13 14:01:58,2026-08-14 13:51:58,provider declined,ERR_42,,f2edcab0-3e38-69e2-0df6-3417bd5538c7,INSERT,2258,2026-09-07 11:58:00
86dc4e34-a9dc-fe52-e7f2-418a953fcfd4,9f7fae0c-7ba7-9d05-8c7e-29044237692a,FAILED,THUNES,P145594,PREDEFINED,INSUFFICIENT_FUNDS,2026-08-10 03:56:54,2026-08-10 04:36:54,2026-08-10 04:06:54,2026-08-11 03:56:54,provider declined,ERR_42,,ca0841de-3360-d115-48b5-1c880f635f4a,INSERT,2259,2026-09-07 11:38:00
7707ac0e-0d96-feb3-4572-b3859e32f085,9f7fae0c-7ba7-9d05-8c7e-29044237692a,COMPLETED,CELLULANT,P786563,PRIORITY_ORDER,,2026-08-10 04:37:04,2026-08-11 04:37:05,2026-08-10 04:47:04,2026-08-11 04:37:04,,,R2117325,a9b92a1d-4574-98ca-a90e-319d637e3f94,INSERT,2260,2026-09-07 11:48:00
ec19e4eb-3f55-1740-0a2d-36a605804493,f77fa3a7-802a-a6eb-32e9-7c2d2fb90ccf,COMPLETED,TERRAPAY,P655132,PREDEFINED,,2026-08-07 16:47:25,2026-08-08 16:47:26,2026-08-07 16:57:25,2026-08-08 16:47:25,,,R6596369,28317f0d-be90-63fb-64b5-d9a57d6c3d2a,INSERT,2261,2026-09-07 11:56:00
6d2ccf42-271a-919f-92a9-7acd3d884938,ad9112c5-f5ea-4128-854d-c3bf61d85365,FAILED,THUNES,P427557,PREDEFINED,INVALID_ACCOUNT,2026-08-04 10:49:52,2026-08-04 11:29:52,2026-08-04 10:59:52,2026-08-05 10:49:52,provider declined,ERR_42,,a7087280-34ee-0b67-21bb-d1838acfd4d6,INSERT,2262,2026-09-07 11:54:00
ccd3af7c-af1d-cfb8-8a96-2a1194be6d9f,ad9112c5-f5ea-4128-854d-c3bf61d85365,COMPLETED,CELLULANT,P312137,SMART_ROUTING,,2026-08-04 11:30:02,2026-08-04 11:31:32,2026-08-04 11:40:02,2026-08-05 11:30:02,,,R6184132,86181db2-e60d-7a94-b483-d162b043a39a,INSERT,2263,2026-09-07 11:59:00
ef0b743e-bee0-4762-7168-bdec4da838b7,c3f38c8c-078c-3875-ba21-e2692540fbfe,FAILED,CELLULANT,P961613,PREDEFINED,INSUFFICIENT_FUNDS,2026-07-31 13:07:23,2026-07-31 13:47:23,2026-07-31 13:17:23,2026-08-01 13:07:23,provider declined,ERR_42,,21acfdb5-1b55-5f6d-301c-6abfc7739d46,INSERT,2264,2026-09-07 11:43:00
9caad37c-fc67-95e2-c32f-c21b06b4ed27,c3f38c8c-078c-3875-ba21-e2692540fbfe,WAITING_ON_PROVIDER,TERRAPAY,P746915,PREDEFINED,PROVIDER_TIMEOUT,2026-07-31 13:47:33,2026-07-31 13:52:33,2026-07-31 13:57:33,2026-08-01 13:47:33,provider declined,ERR_42,,98ab182c-3b1d-0181-9cc3-c1f59129bc75,INSERT,2265,2026-09-07 11:59:00
e338e579-7521-aa18-dde4-f5c1532c5c01,fc5217cc-f467-2866-ed56-a2a02d54ff2b,FAILED,CELLULANT,P358771,PROBING,INVALID_ACCOUNT,2026-08-04 11:38:08,2026-08-05 11:38:09,2026-08-04 11:48:08,2026-08-05 11:38:08,provider declined,ERR_42,,bc3eb402-9ba1-4c35-0ab5-207fc6b6020a,INSERT,2266,2026-09-07 11:59:00
64e70f9a-501a-0ccf-b85f-164b61603399,fc5217cc-f467-2866-ed56-a2a02d54ff2b,COMPLETED,TERRAPAY,P741209,PRIORITY_ORDER,,2026-08-05 11:38:19,2026-08-08 22:58:19,2026-08-05 11:48:19,2026-08-06 11:38:19,,,R9735042,d3b6ef1b-74f7-6d09-739c-afa51bfc270c,INSERT,2267,2026-09-07 11:49:00
84581f73-b0a0-c1cd-0df6-c527eb45bc38,761ad914-4931-b2d4-d3de-f87cc60fb252,COMPLETED,THUNES,P249149,PROBING,,2026-08-19 14:40:16,2026-08-20 01:46:56,2026-08-19 14:50:16,2026-08-20 14:40:16,,,R8578236,1cf8d03f-802b-1bf4-b8ff-615c172720fa,INSERT,2268,2026-09-07 11:47:00
5ce9dbbc-a252-91f3-730b-c657b4cb4613,b7e767d4-29fb-832c-cbe6-8571b622e18e,COMPLETED,CELLULANT,P189450,PROBING,,2026-08-09 04:52:03,2026-08-09 04:52:48,2026-08-09 05:02:03,2026-08-10 04:52:03,,,R9584338,60f11528-28ef-2f46-f323-123e9cb0c90c,INSERT,2269,2026-09-07 11:50:00
9f601d17-00e7-8824-33ee-16e7f5defeba,49ed856e-723d-facd-f601-e005c4c4f69f,WAITING_ON_PROVIDER,CELLULANT,P902575,PREDEFINED,INSUFFICIENT_FUNDS,2026-08-01 19:06:13,2026-08-01 19:11:13,2026-08-01 19:16:13,2026-08-02 19:06:13,provider declined,ERR_42,,7fa70485-dafc-3805-7f64-85de75699aef,INSERT,2270,2026-09-07 11:59:00
fe656dcc-6abd-b05a-1be0-0f8e0c8d51d2,9a70ea8a-d688-1d3e-93fd-e248aac04912,FAILED,TERRAPAY,P286906,SMART_ROUTING,PROVIDER_TIMEOUT,2026-08-07 00:02:00,2026-08-07 00:02:45,2026-08-07 00:12:00,2026-08-08 00:02:00,provider declined,ERR_42,,b107094e-a932-5ae1-9c70-60da48cd29c5,INSERT,2271,2026-09-07 11:34:00
864f36dd-69ec-09d5-86ec-ed9954470290,227197ca-7887-73ed-4af7-15b7109efb40,WAITING_ON_PROVIDER,THUNES,P320038,SMART_ROUTING,PROVIDER_TIMEOUT,2026-08-21 14:33:10,2026-08-21 14:38:10,2026-08-21 14:43:10,2026-08-22 14:33:10,provider declined,ERR_42,,bacf7cfc-9245-1cc4-1bfb-3b3d0ee52f63,INSERT,2272,2026-09-07 11:31:00
850b7073-7f13-de67-9008-cdc99d421bae,86800a0b-4279-1490-5105-64f9d90949aa,FAILED,TERRAPAY,P864605,PROBING,INVALID_ACCOUNT,2026-08-26 22:20:55,2026-08-26 22:22:25,2026-08-26 22:30:55,2026-08-27 22:20:55,provider declined,ERR_42,,9c02040d-e237-c877-2e0e-6673ced7cd17,INSERT,2273,2026-09-07 11:41:00
318cd979-fab0-a15d-4a5d-6ceab565f64e,86800a0b-4279-1490-5105-64f9d90949aa,WAITING_ON_PROVIDER,CELLULANT,P101657,PRIORITY_ORDER,INSUFFICIENT_FUNDS,2026-08-26 22:22:35,2026-08-26 22:27:35,2026-08-26 22:32:35,2026-08-27 22:22:35,provider declined,ERR_42,,1e30614f-cbf6-aa23-a01e-31f57702beba,INSERT,2274,2026-09-07 11:41:00
b9974024-90a0-14ab-4ca1-cabd85650e0b,76647043-55c9-bf0f-e55b-93ad8976b471,FAILED,THUNES,P811141,PREDEFINED,PROVIDER_TIMEOUT,2026-09-02 23:29:06,2026-09-06 10:49:06,2026-09-02 23:39:06,2026-09-03 23:29:06,provider declined,ERR_42,,93d054e4-3550-b07e-04ca-bb38892fca69,INSERT,2275,2026-09-07 11:48:00
e355e636-ea8b-31f5-ccae-58fe54eb8e20,76647043-55c9-bf0f-e55b-93ad8976b471,COMPLETED,TERRAPAY,P934438,PREDEFINED,,2026-09-06 10:49:16,2026-09-07 10:49:16,2026-09-06 10:59:16,2026-09-07 10:49:16,,,R2110870,d73aae7b-47cc-3a66-2638-d8bef83893a2,INSERT,2276,2026-09-07 11:32:00
1cbb304b-2ccd-a2af-4d64-bb63866cfb2b,5f2019ea-3cd6-1f5e-e086-44187f3ef59b,FAILED,CELLULANT,P492393,PRIORITY_ORDER,INSUFFICIENT_FUNDS,2026-08-19 10:28:54,2026-08-19 10:32:54,2026-08-19 10:38:54,2026-08-20 10:28:54,provider declined,ERR_42,,8188de48-719b-2dd6-17b4-e75be9d18ec2,INSERT,2277,2026-09-07 11:57:00
80038f26-e7ab-2ef7-7b8f-d09acc8ceba9,5f2019ea-3cd6-1f5e-e086-44187f3ef59b,WAITING_ON_PROVIDER,TERRAPAY,P261562,SMART_ROUTING,INVALID_ACCOUNT,2026-08-19 10:33:04,2026-08-19 10:38:04,2026-08-19 10:43:04,2026-08-20 10:33:04,provider declined,ERR_42,,dfb68a5f-bb81-41f0-7bc4-d138ec737598,INSERT,2278,2026-09-07 11:54:00
c5d56016-51b3-ccf5-8843-3a3846d28109,35b8726c-e462-ff64-a38b-baa44fe898d8,COMPLETED,TERRAPAY,P562543,PRIORITY_ORDER,,2026-08-26 20:28:56,2026-08-26 20:38:56,2026-08-26 20:38:56,2026-08-27 20:28:56,,,R5574378,1d4d46d6-460d-113d-2851-a8be2639e214,INSERT,2279,2026-09-07 11:53:00
0dc5d42e-6233-960a-1b1e-06c30ceaaf73,214c87b1-0cfc-6420-7192-e4438a6342ca,COMPLETED,THUNES,P190302,PROBING,,2026-08-10 12:09:30,2026-08-11 12:09:30,2026-08-10 12:19:30,2026-08-11 12:09:30,,,R7575272,e42aa836-989b-68c0-b465-c0272dd1d45b,INSERT,2280,2026-09-07 11:39:00
645f273c-5d0b-042d-e9b1-4c76420fbeef,3b504fda-7875-b1c7-7724-3aa3c438eae0,COMPLETED,THUNES,P292259,PREDEFINED,,2026-07-29 00:15:48,2026-07-29 11:22:28,2026-07-29 00:25:48,2026-07-30 00:15:48,,,R6448586,10bbc60d-07bf-63ee-7ccd-3dc0740a5bed,INSERT,2281,2026-09-07 11:40:00
3e628981-9ef1-a74f-3d13-452669d75427,4d579d00-cadc-c10f-1228-130ba64272a2,COMPLETED,CELLULANT,P674566,SMART_ROUTING,,2026-08-15 21:23:37,2026-08-16 08:30:17,2026-08-15 21:33:37,2026-08-16 21:23:37,,,R9092903,354f184e-5739-0b03-10e9-4dce6241cba3,INSERT,2282,2026-09-07 11:44:00
9927839b-11d1-ce50-67e2-189bf4b4c704,8e1a3a51-534b-fa86-7681-2ad798986758,FAILED,TERRAPAY,P214027,PROBING,INVALID_ACCOUNT,2026-08-31 17:18:37,2026-08-31 17:28:37,2026-08-31 17:28:37,2026-09-01 17:18:37,provider declined,ERR_42,,0fbd4c81-a900-8ecd-a51e-01ad7e8a2078,INSERT,2283,2026-09-07 11:54:00
e3239264-2390-0c1d-d129-1d1337b567b4,8e1a3a51-534b-fa86-7681-2ad798986758,FAILED,THUNES,P708979,PRIORITY_ORDER,INSUFFICIENT_FUNDS,2026-08-31 17:28:47,2026-08-31 17:29:32,2026-08-31 17:38:47,2026-09-01 17:28:47,provider declined,ERR_42,,880061b6-73f6-21a8-2633-0c43a92f85fe,INSERT,2284,2026-09-07 11:42:00
a998c8e1-3612-41be-8b8c-e7be6f689d65,5170ca8a-a00e-0b60-64ee-c4c19714fadc,COMPLETED,CELLULANT,P281833,PROBING,,2026-09-06 05:50:15,2026-09-06 06:30:15,2026-09-06 06:00:15,2026-09-07 05:50:15,,,R3333188,d7e4527a-6274-d240-8e30-1bcc302fa247,INSERT,2285,2026-09-07 11:53:00
6c936f69-8269-041a-7453-30442e07336d,ce52309d-a46a-07c2-2320-de1615ac80e4,FAILED,CELLULANT,P678866,PROBING,INVALID_ACCOUNT,2026-08-07 12:06:04,2026-08-07 23:12:44,2026-08-07 12:16:04,2026-08-08 12:06:04,provider declined,ERR_42,,6cbdd931-2f90-0058-39ca-28265af56a23,INSERT,2286,2026-09-07 11:48:00
d8c823b0-7f87-36f1-93f3-c70201e6ee9a,ce52309d-a46a-07c2-2320-de1615ac80e4,COMPLETED,TERRAPAY,P866418,SMART_ROUTING,,2026-08-07 23:12:54,2026-08-08 10:19:34,2026-08-07 23:22:54,2026-08-08 23:12:54,,,R9417612,8bd18d4b-ed33-53fc-692c-aaae44ed98e2,INSERT,2287,2026-09-07 11:56:00
a1731ed8-78f2-961c-3ec7-7a8f16a46b83,77061136-4788-17ec-c764-032ec02627d1,COMPLETED,CELLULANT,P877714,PRIORITY_ORDER,,2026-08-21 01:57:02,2026-08-21 13:03:42,2026-08-21 02:07:02,2026-08-22 01:57:02,,,R6242875,57f2a45f-e751-5d4b-0d82-9d529cf021b8,INSERT,2288,2026-09-07 11:32:00
0fb91307-42ac-66dc-904f-0df7c8f72c2d,b1eedf64-090b-23ed-2ae1-d0bc4a099088,COMPLETED,CELLULANT,P759868,PROBING,,2026-08-18 09:18:14,2026-08-19 09:18:15,2026-08-18 09:28:14,2026-08-19 09:18:14,,,R3836678,fd888cbd-a804-9463-0d36-f5e492a6f3e6,INSERT,2289,2026-09-07 11:38:00
42e17302-2ce6-f908-cece-a5d35ea909ef,977e3f2c-e8fe-6095-2cb3-7e239a940c6c,COMPLETED,CELLULANT,P920539,SMART_ROUTING,,2026-07-28 12:08:22,2026-07-28 13:08:21,2026-07-28 12:18:22,2026-07-29 12:08:22,,,R9135582,dcacfa54-8702-f4ad-cca3-a4c42e4982cf,INSERT,2290,2026-09-07 11:30:00
76c9aeb2-2ae7-dc19-0d72-29181db1ce86,0de84b63-5856-e1fc-d782-5ea3bbff16e9,COMPLETED,CELLULANT,P518114,PROBING,,2026-08-22 09:52:02,2026-08-25 21:12:02,2026-08-22 10:02:02,2026-08-23 09:52:02,,,R6056101,c09f1c91-f2c0-a0cf-bf03-b8c279ec958b,INSERT,2291,2026-09-07 11:55:00
a6edcadd-eb04-cd29-9c48-c8306e8984f4,0a802167-f4b3-f20e-aed0-fb5787beb021,FAILED,CELLULANT,P385831,PREDEFINED,INVALID_ACCOUNT,2026-08-27 18:06:03,2026-08-31 05:26:03,2026-08-27 18:16:03,2026-08-28 18:06:03,provider declined,ERR_42,,415e3805-1928-aae5-cd64-9aff445fdde1,INSERT,2292,2026-09-07 11:40:00
c5ed3982-760b-3673-6422-a73e958c9cfd,0a802167-f4b3-f20e-aed0-fb5787beb021,WAITING_ON_PROVIDER,THUNES,P808094,SMART_ROUTING,PROVIDER_TIMEOUT,2026-08-31 05:26:13,2026-08-31 05:31:13,2026-08-31 05:36:13,2026-09-01 05:26:13,provider declined,ERR_42,,31e6a645-c53f-4f7e-96b6-a287ac00f929,INSERT,2293,2026-09-07 11:48:00
2f4cfefb-f798-28a2-cd9e-84ec90e9e294,603ecfef-2141-9a14-9acc-b00ddb3fb4a2,COMPLETED,CELLULANT,P216229,SMART_ROUTING,,2026-07-26 03:40:11,2026-07-27 03:40:11,2026-07-26 03:50:11,2026-07-27 03:40:11,,,R5250268,efa9a0a3-a915-1364-778a-669f4b68d94d,INSERT,2294,2026-09-07 11:41:00
335f0d14-edb7-d4e4-fabb-66097de17a85,f4a29332-421b-ecca-0f60-00f3fef72410,WAITING_ON_PROVIDER,TERRAPAY,P739947,PROBING,INSUFFICIENT_FUNDS,2026-08-14 05:28:48,2026-08-14 05:33:48,2026-08-14 05:38:48,2026-08-15 05:28:48,provider declined,ERR_42,,24d4d5a3-1bc2-197e-7df7-7791a53e62ba,INSERT,2295,2026-09-07 11:54:00
e79503fb-546f-cba3-b336-d14326cfbf51,a3ed033a-a722-2ea2-261b-50487f695b97,FAILED,CELLULANT,P510339,PRIORITY_ORDER,PROVIDER_TIMEOUT,2026-08-24 17:33:05,2026-08-24 17:43:05,2026-08-24 17:43:05,2026-08-25 17:33:05,provider declined,ERR_42,,7d9d2b3b-c55f-a445-f09e-0302b525a4d9,INSERT,2296,2026-09-07 11:31:00
ba4ef72f-d813-9af7-6766-d37b6fa179a5,a3ed033a-a722-2ea2-261b-50487f695b97,FAILED,THUNES,P918871,PRIORITY_ORDER,PROVIDER_TIMEOUT,2026-08-24 17:43:15,2026-08-24 18:43:14,2026-08-24 17:53:15,2026-08-25 17:43:15,provider declined,ERR_42,,f443864c-6269-9a44-00d8-c04639d11950,INSERT,2297,2026-09-07 11:45:00
a925de85-6258-8ce9-f7ae-ede80a119bac,4a3abb3a-c439-dfcf-c2ad-0d9775aaecb0,FAILED,CELLULANT,P300281,PREDEFINED,PROVIDER_TIMEOUT,2026-08-19 11:40:58,2026-08-19 12:40:58,2026-08-19 11:50:58,2026-08-20 11:40:58,provider declined,ERR_42,,a1701e8e-1b55-2618-e57e-72d363dde733,INSERT,2298,2026-09-07 11:37:00
7feb4cf3-4ec7-7371-a4b6-5cfa8a619e64,3d0d5c8f-97cb-4585-ff12-fe28b840d136,COMPLETED,TERRAPAY,P659876,PROBING,,2026-09-05 11:21:27,2026-09-06 15:08:07,2026-09-05 11:31:27,2026-09-06 11:21:27,,,R1275453,5674b9e2-0e59-95aa-56db-638a097ba119,INSERT,2299,2026-09-07 11:32:00
03ad702e-216a-ebcf-a616-dde4b388300a,04e1502a-a761-80c7-7d28-3421243f45fe,FAILED,THUNES,P280616,PRIORITY_ORDER,INVALID_ACCOUNT,2026-08-03 18:37:52,2026-08-03 18:41:52,2026-08-03 18:47:52,2026-08-04 18:37:52,provider declined,ERR_42,,74c88361-18e8-24e9-cb2f-bbc3d21bf733,INSERT,2300,2026-09-07 11:31:00
105f86aa-974e-8f83-d5d9-a3852bb24cbc,04e1502a-a761-80c7-7d28-3421243f45fe,COMPLETED,TERRAPAY,P957525,PRIORITY_ORDER,,2026-08-03 18:42:02,2026-08-04 05:48:42,2026-08-03 18:52:02,2026-08-04 18:42:02,,,R2915617,9d99d4c5-cc96-bf43-9850-70727f44cbca,INSERT,2301,2026-09-07 11:35:00
5eb38ef5-b240-70ca-2b05-61676a478ddf,102f4f5c-55e3-9295-2c67-10bd97d46f61,COMPLETED,THUNES,P680290,SMART_ROUTING,,2026-08-09 21:02:29,2026-08-11 00:49:09,2026-08-09 21:12:29,2026-08-10 21:02:29,,,R8359513,0a6b3e3d-94fd-0594-ecf9-12453e5f7e23,INSERT,2302,2026-09-07 11:54:00
fc920c73-1e14-fe04-3120-8bde3c52d68a,4d1b6d80-c857-5c8a-d394-6dc7a08fa1c6,WAITING_ON_PROVIDER,TERRAPAY,P655953,PRIORITY_ORDER,PROVIDER_TIMEOUT,2026-08-06 15:41:15,2026-08-06 15:46:15,2026-08-06 15:51:15,2026-08-07 15:41:15,provider declined,ERR_42,,fc9dc0d0-c2d9-4cc9-dcdb-f14e5ca59057,INSERT,2303,2026-09-07 11:43:00
9de7df7b-5594-552b-405a-8e7e6f46a41f,0dd4c0e6-0b09-9fcc-ec34-4cf0ab8e77a1,WAITING_ON_PROVIDER,CELLULANT,P944264,PROBING,INSUFFICIENT_FUNDS,2026-08-23 21:53:31,2026-08-23 21:58:31,2026-08-23 22:03:31,2026-08-24 21:53:31,provider declined,ERR_42,,ecc3b699-0d6d-cb42-bd8b-f6031abb574e,INSERT,2304,2026-09-07 11:55:00
6022e3ff-3330-4e33-deb0-de7d699fdb02,537d66c6-1c31-aaf3-c76a-ec883ae56c8d,COMPLETED,THUNES,P331381,PRIORITY_ORDER,,2026-08-17 01:08:44,2026-08-18 01:08:45,2026-08-17 01:18:44,2026-08-18 01:08:44,,,R8901905,e3f713a7-0de9-2f1b-7c02-24e595c89b2d,INSERT,2305,2026-09-07 11:33:00
384852b6-57f4-98e0-c2a5-9d7b2bd3d971,22f1c32b-47d5-ac92-0f45-55da91941591,FAILED,CELLULANT,P409499,SMART_ROUTING,PROVIDER_TIMEOUT,2026-08-15 14:06:40,2026-08-15 14:46:40,2026-08-15 14:16:40,2026-08-16 14:06:40,provider declined,ERR_42,,2b80e44a-e7d3-f770-9c8d-1adef3e816b5,INSERT,2306,2026-09-07 11:33:00
3acdc514-dae1-8b28-8d81-64b0f85ad287,22f1c32b-47d5-ac92-0f45-55da91941591,FAILED,THUNES,P190674,PROBING,PROVIDER_TIMEOUT,2026-08-15 14:46:50,2026-08-16 01:53:30,2026-08-15 14:56:50,2026-08-16 14:46:50,provider declined,ERR_42,,3768c85b-fee3-dbaa-dcb9-13b47d3d16ca,INSERT,2307,2026-09-07 11:45:00
089b5b49-8114-5252-c4c3-6368bbc51a50,6af31899-014c-c3a1-e5f3-d46692de0df8,COMPLETED,THUNES,P546376,PROBING,,2026-07-25 04:54:23,2026-07-25 05:54:22,2026-07-25 05:04:23,2026-07-26 04:54:23,,,R9040805,d24025ea-b257-e257-cc4a-e02ccf4994e0,INSERT,2308,2026-09-07 11:59:00
b40bc353-296b-e903-4e09-c596ab45eaf0,3d333164-4bb8-ebe2-5bc0-798821f969e9,FAILED,THUNES,P581592,PRIORITY_ORDER,INVALID_ACCOUNT,2026-07-28 12:49:01,2026-07-28 13:49:00,2026-07-28 12:59:01,2026-07-29 12:49:01,provider declined,ERR_42,,dfcb821b-237c-db55-c596-fab776b90472,INSERT,2309,2026-09-07 11:40:00
df1e04cb-ca34-2e3c-2f58-9a8167c5b29b,3d333164-4bb8-ebe2-5bc0-798821f969e9,COMPLETED,CELLULANT,P488414,PROBING,,2026-07-28 13:49:10,2026-07-29 13:49:11,2026-07-28 13:59:10,2026-07-29 13:49:10,,,R1022878,6287729e-1219-4d94-a097-0ff4dc420980,INSERT,2310,2026-09-07 11:58:00
83c5c510-0e08-2343-eea7-7ea8bc5ad195,af4637b3-c9a6-2c37-3507-8c5dcb62f5b6,COMPLETED,THUNES,P807424,PREDEFINED,,2026-08-07 21:33:38,2026-08-07 21:58:38,2026-08-07 21:43:38,2026-08-08 21:33:38,,,R1865076,77215daa-5d97-5cdc-6209-56a81c684db0,INSERT,2311,2026-09-07 11:30:00
5a4b4fdb-5209-eaab-39b6-410ec2c96b28,9482b42f-c095-3c13-f06b-ffa4bcc4f087,COMPLETED,CELLULANT,P380345,PROBING,,2026-08-02 00:12:34,2026-08-03 00:12:35,2026-08-02 00:22:34,2026-08-03 00:12:34,,,R5649727,5860c4f4-5f70-b951-1038-f6760df1172a,INSERT,2312,2026-09-07 11:42:00
1659ddcc-7537-3d14-e24c-724be453c4c2,ccc67ffd-5e3e-ce60-9ef6-a99f73b4daf3,FAILED,THUNES,P184064,PROBING,INSUFFICIENT_FUNDS,2026-09-02 18:30:56,2026-09-02 18:34:56,2026-09-02 18:40:56,2026-09-03 18:30:56,provider declined,ERR_42,,13b2d1ab-f4e5-80aa-f550-4c5249d2cac0,INSERT,2313,2026-09-07 11:31:00
b273f93c-1cad-a48a-46a4-2ee12a2e1e6a,ccc67ffd-5e3e-ce60-9ef6-a99f73b4daf3,COMPLETED,CELLULANT,P255141,PROBING,,2026-09-02 18:35:06,2026-09-02 18:35:51,2026-09-02 18:45:06,2026-09-03 18:35:06,,,R3524938,f3bd2348-854b-c8fa-344a-21b7dfff8cea,INSERT,2314,2026-09-07 11:34:00
c96d525e-a563-9cf4-a7df-eb9257c13f7e,8505d91d-f28b-ffb9-d5bf-1edb3b79da1e,COMPLETED,CELLULANT,P442157,PROBING,,2026-08-26 15:03:57,2026-08-27 02:10:37,2026-08-26 15:13:57,2026-08-27 15:03:57,,,R9894713,753ff3e2-71fc-5136-8c68-720ed787463d,INSERT,2315,2026-09-07 11:56:00
fe67e8e9-0a88-e6ca-1dee-4b6d3ce75d1e,4905eb93-890a-83b4-b639-529e29298691,FAILED,TERRAPAY,P432006,SMART_ROUTING,INVALID_ACCOUNT,2026-08-31 19:34:18,2026-08-31 19:35:48,2026-08-31 19:44:18,2026-09-01 19:34:18,provider declined,ERR_42,,34850fcd-2f3b-2b18-5ea2-d56b42aa0bc7,INSERT,2316,2026-09-07 11:34:00
512339fa-aa61-b32f-08e1-624eb506c24d,4905eb93-890a-83b4-b639-529e29298691,COMPLETED,THUNES,P460549,SMART_ROUTING,,2026-08-31 19:35:58,2026-08-31 20:35:58,2026-08-31 19:45:58,2026-09-01 19:35:58,,,R7256474,299fff30-f9b8-1e65-8a34-b26b72cc3fc5,INSERT,2317,2026-09-07 11:30:00
ec1b55dd-e829-56cf-ba81-d86090b3032d,e55ec749-7952-35ad-4ba9-9d78b49875d0,FAILED,THUNES,P563581,PREDEFINED,PROVIDER_TIMEOUT,2026-08-13 03:21:27,2026-08-14 07:08:07,2026-08-13 03:31:27,2026-08-14 03:21:27,provider declined,ERR_42,,e671d582-7a9e-8394-bb4c-cb141cc0b764,INSERT,2318,2026-09-07 11:50:00
1deb979d-8d0b-b6d7-ad91-f45623b13ebd,e55ec749-7952-35ad-4ba9-9d78b49875d0,COMPLETED,TERRAPAY,P423047,PRIORITY_ORDER,,2026-08-14 07:08:17,2026-08-14 07:08:32,2026-08-14 07:18:17,2026-08-15 07:08:17,,,R7738231,722b4439-3869-d3c9-d743-b5a89e15ebcc,INSERT,2319,2026-09-07 11:30:00
f182cdf7-82f5-52c8-9ae6-61499a6978cf,830481c2-f9d0-9e26-165e-55b5f526d3b0,COMPLETED,TERRAPAY,P158770,PREDEFINED,,2026-08-23 00:33:21,2026-08-23 00:58:21,2026-08-23 00:43:21,2026-08-24 00:33:21,,,R7669916,6d79d8bf-da92-e740-b749-66cb25dfc8fa,INSERT,2320,2026-09-07 11:50:00
d5e4157d-23ba-b528-6a08-9aa0e57c5c02,ce40924a-29ee-29f4-49e3-eb487147f758,FAILED,TERRAPAY,P715702,PRIORITY_ORDER,INSUFFICIENT_FUNDS,2026-08-07 07:39:00,2026-08-08 07:39:01,2026-08-07 07:49:00,2026-08-08 07:39:00,provider declined,ERR_42,,fd06a179-7980-3efa-4da0-8e483531518a,INSERT,2321,2026-09-07 11:56:00
10ecf6ae-55dd-df38-fc94-54ae867a211a,ce40924a-29ee-29f4-49e3-eb487147f758,COMPLETED,CELLULANT,P719371,PROBING,,2026-08-08 07:39:11,2026-08-11 18:59:11,2026-08-08 07:49:11,2026-08-09 07:39:11,,,R2483915,ea16ce6e-a388-ca32-68d2-699201b1c626,INSERT,2322,2026-09-07 11:48:00
433ecd2c-276e-1d67-00a0-586eca8d5d5a,8f2d0b17-7e7d-5e88-4dcd-553495d03545,FAILED,CELLULANT,P414750,PROBING,INSUFFICIENT_FUNDS,2026-08-15 22:25:01,2026-08-15 22:25:16,2026-08-15 22:35:01,2026-08-16 22:25:01,provider declined,ERR_42,,49a5fd0d-e487-1ab3-aa79-4de7a7604977,INSERT,2323,2026-09-07 11:38:00
79ddcdd4-af97-fbd2-a0c4-594242067d80,94c0b9e0-5c9c-4570-bedd-62a79950f11a,WAITING_ON_PROVIDER,TERRAPAY,P827968,PRIORITY_ORDER,INVALID_ACCOUNT,2026-08-24 19:14:17,2026-08-24 19:19:17,2026-08-24 19:24:17,2026-08-25 19:14:17,provider declined,ERR_42,,047dd583-9344-7b2f-bba3-16688334e524,INSERT,2324,2026-09-07 11:54:00
1831b802-c3c2-aee6-2ee9-4ed9a0c69223,8794ac7e-4aaa-7f99-4a34-041e0c78947b,FAILED,THUNES,P727847,SMART_ROUTING,PROVIDER_TIMEOUT,2026-07-27 08:10:40,2026-07-28 11:57:20,2026-07-27 08:20:40,2026-07-28 08:10:40,provider declined,ERR_42,,d3aa9b27-50f3-2ab5-df58-6eff52965cf3,INSERT,2325,2026-09-07 11:41:00
457e55cb-4d13-1338-ccc4-c0a9af5a01cc,8794ac7e-4aaa-7f99-4a34-041e0c78947b,FAILED,CELLULANT,P818739,PREDEFINED,INSUFFICIENT_FUNDS,2026-07-28 11:57:30,2026-07-31 23:17:30,2026-07-28 12:07:30,2026-07-29 11:57:30,provider declined,ERR_42,,d2c4c286-5a04-61c9-947d-efcf88cfc53d,INSERT,2326,2026-09-07 11:43:00
1dd73f1f-138e-f8cc-ea81-04ad75e2c2fa,b08d1676-9d09-a404-8f04-0721e5a5829e,FAILED,THUNES,P958620,SMART_ROUTING,INSUFFICIENT_FUNDS,2026-08-07 03:53:01,2026-08-07 04:33:01,2026-08-07 04:03:01,2026-08-08 03:53:01,provider declined,ERR_42,,b0e8b2fa-4fc3-4759-5924-48ee7ac1b4f9,INSERT,2327,2026-09-07 11:54:00
e3c51ba8-7122-d7a0-d129-72d323966b83,b08d1676-9d09-a404-8f04-0721e5a5829e,COMPLETED,CELLULANT,P726680,PREDEFINED,,2026-08-07 04:33:11,2026-08-07 04:58:11,2026-08-07 04:43:11,2026-08-08 04:33:11,,,R3889156,be94f1cb-075c-c8eb-4dff-c9aab5bbabce,INSERT,2328,2026-09-07 11:31:00
83735f49-a8e7-ebe3-cb05-aa1408651a6e,c1e0a4a1-7bf8-20f6-c652-3c3d04d07f29,COMPLETED,TERRAPAY,P721990,PRIORITY_ORDER,,2026-09-04 02:16:13,2026-09-04 02:16:58,2026-09-04 02:26:13,2026-09-05 02:16:13,,,R8869895,0b147f1f-40c5-6cf6-e895-60411e71afa9,INSERT,2329,2026-09-07 11:56:00
eba46463-36c9-b657-ec9a-799e19437791,2bf95861-4827-c440-f6d9-fe1731094211,COMPLETED,CELLULANT,P628687,PROBING,,2026-09-04 00:18:59,2026-09-05 00:19:00,2026-09-04 00:28:59,2026-09-05 00:18:59,,,R7148229,708df094-2f64-672f-96e1-a522b2b8d698,INSERT,2330,2026-09-07 11:44:00
74fa65ce-489a-c27e-6281-03f01d9fff25,b8ddf15d-8ea0-35f0-49cc-253fb4693ec4,COMPLETED,THUNES,P729554,PREDEFINED,,2026-08-11 22:17:30,2026-08-11 23:17:29,2026-08-11 22:27:30,2026-08-12 22:17:30,,,R8448343,4a640fc1-6843-a5c3-8dcd-6e9b39d2d74a,INSERT,2331,2026-09-07 11:53:00
fa549893-e476-231a-ecdf-d364bdce7f65,65125d2e-24b3-bc8e-1e85-0f8015c2f297,COMPLETED,TERRAPAY,P276919,PRIORITY_ORDER,,2026-09-05 22:28:22,2026-09-05 22:29:07,2026-09-05 22:38:22,2026-09-06 22:28:22,,,R7102041,334477eb-56b0-9052-32f7-5350f9a732dc,INSERT,2332,2026-09-07 11:40:00
1f47d902-1ba8-4a91-7462-f144c49b9e62,9a690cad-aaab-5830-79cf-c04f5b29317a,FAILED,CELLULANT,P362867,PROBING,INVALID_ACCOUNT,2026-09-03 04:28:34,2026-09-03 04:30:04,2026-09-03 04:38:34,2026-09-04 04:28:34,provider declined,ERR_42,,2275b1e2-f141-52c7-a0dc-ec7d3b172319,INSERT,2333,2026-09-07 11:55:00
d48f5ba3-0d87-bc72-bce0-5a63197f9b8d,9a690cad-aaab-5830-79cf-c04f5b29317a,COMPLETED,TERRAPAY,P171542,PROBING,,2026-09-03 04:30:14,2026-09-03 04:30:29,2026-09-03 04:40:14,2026-09-04 04:30:14,,,R1448771,9ac60306-61f4-3c2b-2dd9-3719f8d9bf33,INSERT,2334,2026-09-07 11:40:00
e14fea78-6e2f-1d3b-fd9f-45f40816d739,cf3a2f8d-57f7-31e3-8add-397642fc7edf,COMPLETED,CELLULANT,P224921,PROBING,,2026-08-23 16:39:07,2026-08-24 20:25:47,2026-08-23 16:49:07,2026-08-24 16:39:07,,,R8551685,714b5c03-6057-97cf-da55-f8255086f384,INSERT,2335,2026-09-07 11:30:00
dab6c73d-8fef-f87b-79d5-4e9f78460474,a8fae904-7d94-ed9f-acce-693e91a07ef2,COMPLETED,CELLULANT,P263903,PRIORITY_ORDER,,2026-08-20 12:34:18,2026-08-20 23:40:58,2026-08-20 12:44:18,2026-08-21 12:34:18,,,R7566347,f88afc64-974e-bb87-7ea4-13e5436d977b,INSERT,2336,2026-09-07 11:49:00
916baf87-6c27-316b-dd05-b827a863782e,050bd848-2b76-a718-566c-93cc1d4dfdb1,COMPLETED,CELLULANT,P639764,PROBING,,2026-08-10 20:22:11,2026-08-10 21:22:10,2026-08-10 20:32:11,2026-08-11 20:22:11,,,R5473122,96867676-783e-40ab-b22a-55a605391557,INSERT,2337,2026-09-07 11:45:00
13483fb3-c982-a300-f95f-17e6d8eae31b,5d037a06-4cad-66c5-9d65-5c032aa814da,FAILED,TERRAPAY,P981202,SMART_ROUTING,INVALID_ACCOUNT,2026-08-12 10:44:30,2026-08-13 10:44:30,2026-08-12 10:54:30,2026-08-13 10:44:30,provider declined,ERR_42,,ff08c739-4c1d-2e43-0c2b-03e443e1346d,INSERT,2338,2026-09-07 11:30:00
5037e669-8a3a-0129-a9d8-4c4f6ed338be,d2e08e57-a6cb-1dda-13a0-181bcbafd542,FAILED,TERRAPAY,P309795,PROBING,INVALID_ACCOUNT,2026-08-29 13:32:08,2026-08-29 13:42:08,2026-08-29 13:42:08,2026-08-30 13:32:08,provider declined,ERR_42,,7406ca32-83ef-3ce9-9ffd-a1e74052e3a5,INSERT,2339,2026-09-07 11:38:00
76658707-5d41-1ac5-335d-ab4685b375aa,6f089155-e826-6484-c4e4-fe52da4f706b,WAITING_ON_PROVIDER,CELLULANT,P254920,SMART_ROUTING,INSUFFICIENT_FUNDS,2026-08-27 15:26:56,2026-08-27 15:31:56,2026-08-27 15:36:56,2026-08-28 15:26:56,provider declined,ERR_42,,4cdedddb-c3f9-c78c-af70-4164bf164454,INSERT,2340,2026-09-07 11:42:00
fdc56285-8f50-b11f-7c42-049476d32b96,07179ef3-3121-6863-2663-ed111d122ccf,COMPLETED,THUNES,P557318,PROBING,,2026-09-04 06:11:51,2026-09-04 06:21:51,2026-09-04 06:21:51,2026-09-05 06:11:51,,,R1620819,22ed1e25-45d0-7382-28cb-b7ca33b5a667,INSERT,2341,2026-09-07 11:33:00
b9676dc6-d6fd-d1a5-f173-12f4659ae9f2,683199c6-f480-ada5-e68c-13481046e3df,WAITING_ON_PROVIDER,TERRAPAY,P983687,SMART_ROUTING,INSUFFICIENT_FUNDS,2026-08-20 05:37:38,2026-08-20 05:42:38,2026-08-20 05:47:38,2026-08-21 05:37:38,provider declined,ERR_42,,80104995-bc06-e86b-922b-4fb21ca79972,INSERT,2342,2026-09-07 11:47:00
bf957403-ce4b-a2bb-63d3-ce8ebcbb859a,c5efd670-1f4d-88ce-998d-e3d83cf29ade,WAITING_ON_PROVIDER,TERRAPAY,P880097,SMART_ROUTING,INVALID_ACCOUNT,2026-09-02 17:50:30,2026-09-02 17:55:30,2026-09-02 18:00:30,2026-09-03 17:50:30,provider declined,ERR_42,,2cd6e8df-1b58-29c9-24ef-65a737cf65ca,INSERT,2343,2026-09-07 11:34:00
a538c6a7-0565-1e80-4ee4-5227d2450039,2518ec09-efdd-6a87-c8c6-21bee1228e75,COMPLETED,TERRAPAY,P735242,PRIORITY_ORDER,,2026-08-05 20:17:46,2026-08-05 20:42:46,2026-08-05 20:27:46,2026-08-06 20:17:46,,,R1917249,abede2b6-c9ee-f97c-eade-7b17b0d090bd,INSERT,2344,2026-09-07 11:45:00
416aa7f6-eafd-3e7b-fa5d-bd40ed711fe9,db8ec35b-3c83-861e-ddf0-a0a288efe82b,COMPLETED,TERRAPAY,P415504,PRIORITY_ORDER,,2026-08-08 12:19:56,2026-08-08 12:59:56,2026-08-08 12:29:56,2026-08-09 12:19:56,,,R4950370,e3e735ab-dc02-bc29-35db-e3964c23e844,INSERT,2345,2026-09-07 11:56:00
22d6f0a2-a41f-0d38-ca80-3df87182fcf2,0d565923-c310-d2a2-0700-77c1b1f94a09,WAITING_ON_PROVIDER,CELLULANT,P103225,PROBING,INSUFFICIENT_FUNDS,2026-08-14 00:06:01,2026-08-14 00:11:01,2026-08-14 00:16:01,2026-08-15 00:06:01,provider declined,ERR_42,,93683dd6-5050-127e-4e38-5d03a0d80651,INSERT,2346,2026-09-07 11:38:00
159b2b6b-32db-a028-4823-debeccade92e,2c691f04-42bb-eaae-222d-b2cfbc343d5d,COMPLETED,CELLULANT,P534631,PREDEFINED,,2026-08-18 13:37:05,2026-08-18 14:02:05,2026-08-18 13:47:05,2026-08-19 13:37:05,,,R4051595,f1db9ad8-6098-0b94-e05b-189264bc08cf,INSERT,2347,2026-09-07 11:42:00
869d4cb7-b7f5-155a-039d-08d01e0aaf12,263553ba-4299-b351-99b3-568d6dcc9c60,FAILED,TERRAPAY,P556297,PROBING,PROVIDER_TIMEOUT,2026-09-07 07:30:43,2026-09-07 18:37:23,2026-09-07 07:40:43,2026-09-08 07:30:43,provider declined,ERR_42,,b6ac1c8e-3977-c7b4-1e56-d3467e808d05,INSERT,2348,2026-09-07 11:57:00
d03bcbfc-dca7-e284-f230-7c2230c7809b,263553ba-4299-b351-99b3-568d6dcc9c60,COMPLETED,THUNES,P920114,PREDEFINED,,2026-09-07 18:37:33,2026-09-07 18:41:33,2026-09-07 18:47:33,2026-09-08 18:37:33,,,R5831200,2154be4a-61cf-91fb-7e81-cdfabf16e3e9,INSERT,2349,2026-09-07 11:49:00
18643b6a-12b3-c5eb-4198-002998e1d54c,b69d2f48-3653-e588-afd5-8fe765c62548,COMPLETED,TERRAPAY,P684056,PRIORITY_ORDER,,2026-08-23 11:39:28,2026-08-24 11:39:29,2026-08-23 11:49:28,2026-08-24 11:39:28,,,R1874304,788f06ed-3c1e-919b-ee5a-400755367ab6,INSERT,2350,2026-09-07 11:52:00
fa801062-0b4e-360a-5032-6fe61de95c72,b5d34f2f-513b-b65c-16f3-2b9321c57a88,COMPLETED,CELLULANT,P234082,PROBING,,2026-08-26 02:05:06,2026-08-26 02:15:06,2026-08-26 02:15:06,2026-08-27 02:05:06,,,R5714408,6e1a1e1b-ed1d-defa-5c4f-c55ebf715a28,INSERT,2351,2026-09-07 11:48:00
fd2336f4-5b44-e6ed-7107-6f2e0a715350,b4b9fb73-29de-bccc-429e-09bd7862246c,WAITING_ON_PROVIDER,TERRAPAY,P843470,PROBING,INVALID_ACCOUNT,2026-08-24 09:45:42,2026-08-24 09:50:42,2026-08-24 09:55:42,2026-08-25 09:45:42,provider declined,ERR_42,,b8427379-d888-dcb6-1ccc-33c17e347f69,INSERT,2352,2026-09-07 11:55:00
ad49e072-7f84-3004-c4ac-41b53f042c7b,86a8f21a-010e-622b-f8bc-920cff7d39f7,COMPLETED,CELLULANT,P198886,PREDEFINED,,2026-07-29 01:02:04,2026-07-29 01:02:49,2026-07-29 01:12:04,2026-07-30 01:02:04,,,R1435572,ae3e6268-fb38-bc6c-ae6a-7c4848c6a7ed,INSERT,2353,2026-09-07 11:52:00
f5185923-e829-2e3b-bbfc-5dc1fff446b9,a7faf009-0b39-8e89-f842-e16354555290,FAILED,TERRAPAY,P935750,SMART_ROUTING,INSUFFICIENT_FUNDS,2026-07-29 15:35:19,2026-07-30 15:35:20,2026-07-29 15:45:19,2026-07-30 15:35:19,provider declined,ERR_42,,a4c5dae5-cd32-e712-0c76-7092dcffd7b6,INSERT,2354,2026-09-07 11:33:00
be69ad39-0e37-8b07-cc53-5c3e52bb530d,a7faf009-0b39-8e89-f842-e16354555290,FAILED,CELLULANT,P174159,PROBING,INSUFFICIENT_FUNDS,2026-07-30 15:35:30,2026-07-30 15:45:30,2026-07-30 15:45:30,2026-07-31 15:35:30,provider declined,ERR_42,,3d75e423-2d92-1dab-4152-6bff661b9738,INSERT,2355,2026-09-07 11:44:00
833d3df1-5e11-a680-d501-6ada189ac35d,af59aa66-e75b-2113-4f62-cc9debf484d0,COMPLETED,CELLULANT,P309580,PROBING,,2026-09-03 21:03:47,2026-09-04 21:03:47,2026-09-03 21:13:47,2026-09-04 21:03:47,,,R8473283,44bb10e0-79f7-f38c-6359-d5cee2aa6dc7,INSERT,2356,2026-09-07 11:53:00
6ff6881f-77dd-362b-4a6b-836b157f108b,7ecd7062-ee40-3b9f-27b2-a5c1b6b0d0b9,WAITING_ON_PROVIDER,CELLULANT,P183029,PROBING,INVALID_ACCOUNT,2026-08-14 00:17:55,2026-08-14 00:22:55,2026-08-14 00:27:55,2026-08-15 00:17:55,provider declined,ERR_42,,af2f32a7-20b6-d43c-fbf3-a106260b13e0,INSERT,2357,2026-09-07 11:34:00
bd9277a4-1d2a-e042-042a-2f6480e1be4d,5aff4594-40dd-8895-d015-48989187c9a0,COMPLETED,TERRAPAY,P793715,PROBING,,2026-08-14 06:21:07,2026-08-15 10:07:47,2026-08-14 06:31:07,2026-08-15 06:21:07,,,R4012385,6498da39-d7c8-f02c-2ea5-312ac942e6e8,INSERT,2358,2026-09-07 11:47:00
04961795-88cc-ddbc-6f0d-72291b387c72,bf3d5023-1406-42a8-2f61-e334360893b2,WAITING_ON_PROVIDER,CELLULANT,P106131,PROBING,INSUFFICIENT_FUNDS,2026-08-07 22:47:34,2026-08-07 22:52:34,2026-08-07 22:57:34,2026-08-08 22:47:34,provider declined,ERR_42,,7a248720-a7e2-9299-2bf6-d9150367ee2c,INSERT,2359,2026-09-07 11:58:00
7957595f-25ee-2f0f-76a3-0eb0c50c71f4,dbb24c33-a045-6992-d793-30f16f8fd55c,COMPLETED,CELLULANT,P542372,PRIORITY_ORDER,,2026-07-30 13:44:53,2026-07-30 13:54:53,2026-07-30 13:54:53,2026-07-31 13:44:53,,,R2953854,bd20c36a-2705-24cb-e704-b1152a85e3b1,INSERT,2360,2026-09-07 11:48:00
9423251e-bcb1-2a00-7ee6-67ded93eea4d,1a482803-0204-0c81-5577-32970d093c73,FAILED,TERRAPAY,P724783,PREDEFINED,INSUFFICIENT_FUNDS,2026-07-25 10:52:34,2026-07-25 11:32:34,2026-07-25 11:02:34,2026-07-26 10:52:34,provider declined,ERR_42,,836b47c3-7c71-1cc8-6651-73fa7ccc9258,INSERT,2361,2026-09-07 11:58:00
adbd2e33-ef6e-9295-9c8a-f485b98050a6,1a482803-0204-0c81-5577-32970d093c73,COMPLETED,CELLULANT,P956360,PROBING,,2026-07-25 11:32:44,2026-07-25 22:39:24,2026-07-25 11:42:44,2026-07-26 11:32:44,,,R4890733,04de78f8-873f-3f03-0f8a-579cb6dbbb2c,INSERT,2362,2026-09-07 11:30:00
702805af-5806-61f1-7820-242631341ab8,6facc50d-b290-4e73-72c5-73e958c58875,COMPLETED,THUNES,P343377,SMART_ROUTING,,2026-08-06 12:04:29,2026-08-07 12:04:30,2026-08-06 12:14:29,2026-08-07 12:04:29,,,R6690043,d7abed02-da7b-f28b-9a23-3be3ebf6dd32,INSERT,2363,2026-09-07 11:30:00
2804335a-3311-65e0-2c5c-ce54210c78d9,b0d18df1-484f-1db9-350b-9f519f310fff,COMPLETED,CELLULANT,P735173,PROBING,,2026-08-28 14:21:30,2026-08-28 15:21:29,2026-08-28 14:31:30,2026-08-29 14:21:30,,,R2692883,fe678797-f16c-084e-6a7d-f379cb21aa80,INSERT,2364,2026-09-07 11:44:00
fe60afde-4200-a1aa-7c82-6fbe395e54f0,1d2d1771-6e3d-2494-5675-c8f3104c6350,COMPLETED,CELLULANT,P456855,PREDEFINED,,2026-08-20 12:45:46,2026-08-20 13:45:46,2026-08-20 12:55:46,2026-08-21 12:45:46,,,R1783099,447a4e2c-8e99-0457-e0b1-d762c524f047,INSERT,2365,2026-09-07 11:34:00
277fecc6-196b-58f1-ded8-9c47bb88854e,b54a31ba-4ac8-927e-ba75-1921283348ea,COMPLETED,TERRAPAY,P778526,PREDEFINED,,2026-08-18 03:03:44,2026-08-18 04:03:43,2026-08-18 03:13:44,2026-08-19 03:03:44,,,R6613782,d93d8722-1f7b-d82f-2345-0e72d1b48562,INSERT,2366,2026-09-07 11:33:00
69d53317-6dc7-5587-cd40-b648235398a6,26cffe04-3ed5-e52e-aa3d-2111a1230193,WAITING_ON_PROVIDER,CELLULANT,P529191,PROBING,PROVIDER_TIMEOUT,2026-08-30 19:59:48,2026-08-30 20:04:48,2026-08-30 20:09:48,2026-08-31 19:59:48,provider declined,ERR_42,,f198f62e-5c9d-3ead-aea4-91fccb6b6306,INSERT,2367,2026-09-07 11:30:00
a90d75ad-cc8f-e6ce-b69f-627cfae45d7c,a437199c-ec2a-322b-a901-4e33097ef98d,FAILED,TERRAPAY,P645027,PREDEFINED,INVALID_ACCOUNT,2026-07-24 23:35:57,2026-07-25 23:35:57,2026-07-24 23:45:57,2026-07-25 23:35:57,provider declined,ERR_42,,b366ffd1-ae4d-8a19-e2c2-aa2466e9a80e,INSERT,2368,2026-09-07 11:38:00
be216c79-b8b7-91b0-4de8-1d1edfa0bc17,a437199c-ec2a-322b-a901-4e33097ef98d,WAITING_ON_PROVIDER,THUNES,P428933,PREDEFINED,INSUFFICIENT_FUNDS,2026-07-25 23:36:07,2026-07-25 23:41:07,2026-07-25 23:46:07,2026-07-26 23:36:07,provider declined,ERR_42,,871d5bfc-e674-10de-479f-b5f3d3b68150,INSERT,2369,2026-09-07 11:37:00
97ae50f0-8a39-068b-cbed-e473e3ebf7c1,c1cdc9a4-5738-b277-8576-44724fefc63f,COMPLETED,CELLULANT,P371256,SMART_ROUTING,,2026-07-26 07:04:54,2026-07-26 07:05:09,2026-07-26 07:14:54,2026-07-27 07:04:54,,,R6099302,8159ace5-fca9-1028-6c39-12efb9fc829f,INSERT,2370,2026-09-07 11:35:00
9875e4da-d830-dffe-8885-9ae5aa5f8dfc,fd2f1be9-beea-002a-ce2d-e1053c70dfca,COMPLETED,CELLULANT,P345196,PREDEFINED,,2026-08-23 22:30:14,2026-08-24 22:30:14,2026-08-23 22:40:14,2026-08-24 22:30:14,,,R6019770,d0a90840-c8e7-f2f6-aabb-6cac48d75165,INSERT,2371,2026-09-07 11:33:00
b063796a-70a9-1477-ff1b-654d6c65659d,651076d6-c761-0e83-84d9-94518f188e72,WAITING_ON_PROVIDER,TERRAPAY,P613321,PROBING,INSUFFICIENT_FUNDS,2026-08-14 03:58:32,2026-08-14 04:03:32,2026-08-14 04:08:32,2026-08-15 03:58:32,provider declined,ERR_42,,7c198515-208b-326a-817b-2f2124f3df14,INSERT,2372,2026-09-07 11:41:00
5f187c02-1e24-5a97-273e-f6f485d4bf0f,1ef11a27-1c3e-fda4-689b-4fb2da317fd7,WAITING_ON_PROVIDER,TERRAPAY,P419736,PREDEFINED,INVALID_ACCOUNT,2026-08-18 09:54:45,2026-08-18 09:59:45,2026-08-18 10:04:45,2026-08-19 09:54:45,provider declined,ERR_42,,ca8c5366-0729-8d47-7c65-9dc94b425bba,INSERT,2373,2026-09-07 11:56:00
75ffe99a-a2ef-0f53-8138-34472376324f,d59f2b69-79a8-832f-6097-1a15c80682d3,FAILED,THUNES,P898678,PROBING,PROVIDER_TIMEOUT,2026-07-27 18:43:36,2026-07-28 22:30:16,2026-07-27 18:53:36,2026-07-28 18:43:36,provider declined,ERR_42,,ba554e35-ddc8-d27b-2623-b91a72f68fe1,INSERT,2374,2026-09-07 11:32:00
aa1cd2d8-9ff0-f466-ccc0-744616dd58af,d59f2b69-79a8-832f-6097-1a15c80682d3,COMPLETED,CELLULANT,P753880,PROBING,,2026-07-28 22:30:26,2026-07-28 22:55:26,2026-07-28 22:40:26,2026-07-29 22:30:26,,,R7496727,56c890a5-6538-bf11-e676-6b0a3b9a3daf,INSERT,2375,2026-09-07 11:43:00
71b905c8-945d-91a5-e33d-6982d6c34b19,c968e8ee-4663-f1a1-04db-73f3f65e52fd,FAILED,THUNES,P188759,PREDEFINED,INVALID_ACCOUNT,2026-08-19 19:17:27,2026-08-20 19:17:28,2026-08-19 19:27:27,2026-08-20 19:17:27,provider declined,ERR_42,,dcaa5994-7dd1-2d57-0b84-0c5096c1b183,INSERT,2376,2026-09-07 11:57:00
2e740569-5346-405c-f60c-2dd39d4e42f2,277b71ea-16f1-e5cb-c4af-9dc9416c0562,FAILED,THUNES,P128491,PRIORITY_ORDER,INVALID_ACCOUNT,2026-08-02 06:18:55,2026-08-02 06:19:10,2026-08-02 06:28:55,2026-08-03 06:18:55,provider declined,ERR_42,,24784b7d-51ee-3cc8-1947-4d1a63d316c1,INSERT,2377,2026-09-07 11:38:00
6021a15b-4207-fb51-52ff-eff5e49c5edd,277b71ea-16f1-e5cb-c4af-9dc9416c0562,COMPLETED,TERRAPAY,P967949,PRIORITY_ORDER,,2026-08-02 06:19:20,2026-08-02 06:59:20,2026-08-02 06:29:20,2026-08-03 06:19:20,,,R1870370,98d54b7e-c08b-d631-3d57-ee2733daefc1,INSERT,2378,2026-09-07 11:39:00
44e7a702-04c4-7757-e2db-1ce3e9ea8b10,7bf2aa06-10c1-de9c-6836-29ce8d9957fa,COMPLETED,THUNES,P680990,PRIORITY_ORDER,,2026-08-30 00:36:22,2026-08-30 00:40:22,2026-08-30 00:46:22,2026-08-31 00:36:22,,,R5132498,c903cc1d-a6cc-0a57-8e01-4eb3c3528ba4,INSERT,2379,2026-09-07 11:49:00
73a55d2e-8e1e-7525-e957-967af61b2bfd,2b0e63fd-fc3d-3138-8a5a-42725f90ee57,COMPLETED,THUNES,P143822,PRIORITY_ORDER,,2026-08-15 03:36:55,2026-08-15 04:16:55,2026-08-15 03:46:55,2026-08-16 03:36:55,,,R8795567,4a0c408d-9ee8-27fa-d451-b59ff60b9881,INSERT,2380,2026-09-07 11:30:00
23c01eb1-d49b-862d-1f7b-6b19b2cc4372,90261d4c-88ba-135e-bd3b-17eb29529420,COMPLETED,THUNES,P860294,PREDEFINED,,2026-09-07 05:59:44,2026-09-07 06:39:44,2026-09-07 06:09:44,2026-09-08 05:59:44,,,R8247127,f5194ab9-813b-e64b-9c46-24d335fa46fe,INSERT,2381,2026-09-07 11:43:00
b4fbdaf2-b43c-7851-e78d-cf327e2a9f73,fae91634-3bf8-5406-389d-2267b7c25d94,FAILED,THUNES,P735465,SMART_ROUTING,INSUFFICIENT_FUNDS,2026-07-24 22:55:02,2026-07-24 23:05:02,2026-07-24 23:05:02,2026-07-25 22:55:02,provider declined,ERR_42,,a3708c7f-d235-25df-fbf8-b1fe3232be72,INSERT,2382,2026-09-07 11:41:00
91b0af07-4700-3fcf-deb2-d4901c66fdd9,fae91634-3bf8-5406-389d-2267b7c25d94,COMPLETED,TERRAPAY,P624629,PROBING,,2026-07-24 23:05:12,2026-07-24 23:45:12,2026-07-24 23:15:12,2026-07-25 23:05:12,,,R3860131,bd22f7fc-a8eb-2ba6-319a-ed6a8d41cb4c,INSERT,2383,2026-09-07 11:41:00
f019955f-0080-1ed9-7434-80a1e212f7e1,886edae8-ad80-016d-b167-84b1f845846e,FAILED,CELLULANT,P547861,PRIORITY_ORDER,INVALID_ACCOUNT,2026-07-30 17:25:34,2026-07-30 18:25:34,2026-07-30 17:35:34,2026-07-31 17:25:34,provider declined,ERR_42,,682904ca-febf-4c56-d826-c4966ebb7a17,INSERT,2384,2026-09-07 11:37:00
cc16ab4e-97b0-18b0-0626-67fccedcf5bf,a0135044-a041-301d-1016-8d654f90f91a,COMPLETED,THUNES,P756720,PREDEFINED,,2026-09-05 05:23:50,2026-09-05 06:03:50,2026-09-05 05:33:50,2026-09-06 05:23:50,,,R5201173,3d051bf4-793c-4fbf-1b9b-71f03f4574d4,INSERT,2385,2026-09-07 11:42:00
71219097-cd69-3dab-eb4b-2c0c0fdf60d5,e3dc8702-5033-14b1-609c-f7af0889360f,COMPLETED,CELLULANT,P157450,PREDEFINED,,2026-09-01 01:12:53,2026-09-01 01:14:23,2026-09-01 01:22:53,2026-09-02 01:12:53,,,R8245056,0e484034-ad74-dd43-1a11-5f5910d7a164,INSERT,2386,2026-09-07 11:43:00
314674a6-967a-efbb-5404-801d84681060,56f11afb-19ed-59a5-9e85-e4d49ec620e0,FAILED,THUNES,P213253,PRIORITY_ORDER,INSUFFICIENT_FUNDS,2026-08-13 00:00:10,2026-08-13 01:00:09,2026-08-13 00:10:10,2026-08-14 00:00:10,provider declined,ERR_42,,97c768d6-114a-9827-b69a-ca1e985d654b,INSERT,2387,2026-09-07 11:47:00
92be07c4-e784-cabe-3190-b8f4d73d52ba,56f11afb-19ed-59a5-9e85-e4d49ec620e0,COMPLETED,CELLULANT,P232101,PREDEFINED,,2026-08-13 01:00:19,2026-08-14 04:46:59,2026-08-13 01:10:19,2026-08-14 01:00:19,,,R6962475,9ef01577-b980-e521-7b3c-fc106bc71d7f,INSERT,2388,2026-09-07 11:35:00
ada517e3-a85d-81db-9620-ed148486b704,9a73cd2f-4f05-495e-7832-b59c25bc99ae,COMPLETED,TERRAPAY,P251624,PRIORITY_ORDER,,2026-09-01 04:36:37,2026-09-01 04:36:52,2026-09-01 04:46:37,2026-09-02 04:36:37,,,R4982698,8f381c01-d5ce-0626-d1b6-075581d1d226,INSERT,2389,2026-09-07 11:42:00
744d2442-1ad7-4fd4-298b-2e78542060ce,90ebba12-9412-ba0f-da1d-3dab54c5f266,COMPLETED,TERRAPAY,P927527,PRIORITY_ORDER,,2026-08-02 23:40:26,2026-08-03 00:20:26,2026-08-02 23:50:26,2026-08-03 23:40:26,,,R9320336,a3863cd1-00f2-4a96-eb82-1435382afbde,INSERT,2390,2026-09-07 11:39:00
95ef8b1b-a19f-2485-31c4-6c9e70be9630,07af3b8a-5b9e-75f4-12e0-0b9c028849d9,FAILED,CELLULANT,P902719,PREDEFINED,INSUFFICIENT_FUNDS,2026-08-03 20:19:57,2026-08-03 20:29:57,2026-08-03 20:29:57,2026-08-04 20:19:57,provider declined,ERR_42,,32a4a8a4-32f9-b771-0799-7940f9adde7d,INSERT,2391,2026-09-07 11:53:00
5ea0c503-3d7a-774e-74c9-c3ad4e19392b,c993f819-a7a5-81e8-6101-14f423226464,COMPLETED,THUNES,P948809,PREDEFINED,,2026-08-28 09:30:49,2026-08-28 09:34:49,2026-08-28 09:40:49,2026-08-29 09:30:49,,,R3874940,cc8cc291-fa23-58bc-86e4-abacf0effa1e,INSERT,2392,2026-09-07 11:50:00
787da6d7-c8df-d1f1-14d7-2283ba303cce,df73321d-47b2-e24d-cbad-3916a1243bea,FAILED,CELLULANT,P929420,PRIORITY_ORDER,INSUFFICIENT_FUNDS,2026-08-14 08:27:32,2026-08-14 08:31:32,2026-08-14 08:37:32,2026-08-15 08:27:32,provider declined,ERR_42,,e1e669e5-c055-b921-635b-8f49823483a8,INSERT,2393,2026-09-07 11:49:00
7fa372cd-5fcf-e711-8258-3678c04a7761,df73321d-47b2-e24d-cbad-3916a1243bea,FAILED,THUNES,P644098,PROBING,INSUFFICIENT_FUNDS,2026-08-14 08:31:42,2026-08-15 08:31:42,2026-08-14 08:41:42,2026-08-15 08:31:42,provider declined,ERR_42,,868592d2-5fb6-8406-b665-8a3452630028,INSERT,2394,2026-09-07 11:55:00
9f021a19-8323-9ba9-771a-d3fe0a8857a5,71cb19b3-4b88-445a-1582-de78c06a5949,COMPLETED,CELLULANT,P452713,PROBING,,2026-08-15 10:43:11,2026-08-15 21:49:51,2026-08-15 10:53:11,2026-08-16 10:43:11,,,R8569061,5e15433b-68b1-211a-6eb8-b0e277b16be3,INSERT,2395,2026-09-07 11:45:00
33474b1b-8bc8-5d37-09cc-cf1a5c387c2a,ed360bb7-46c3-c90c-c92e-fe0114023a93,COMPLETED,THUNES,P449970,SMART_ROUTING,,2026-08-12 01:30:09,2026-08-12 01:30:54,2026-08-12 01:40:09,2026-08-13 01:30:09,,,R6523752,d0c8da67-bec6-2bbe-4d7e-c4b140018cbe,INSERT,2396,2026-09-07 11:35:00
fd411a05-833c-d4f2-a772-829078d540ef,d26580c0-67df-c9af-f220-eeb567602abd,WAITING_ON_PROVIDER,CELLULANT,P898134,SMART_ROUTING,INVALID_ACCOUNT,2026-08-22 19:45:32,2026-08-22 19:50:32,2026-08-22 19:55:32,2026-08-23 19:45:32,provider declined,ERR_42,,bfc77282-b92c-8a72-3a17-d79a3a42958b,INSERT,2397,2026-09-07 11:53:00
4e39f65a-20db-4294-dfae-180393d797e7,da5a8bc3-7331-5c49-704d-628f35a758ab,COMPLETED,CELLULANT,P873644,PRIORITY_ORDER,,2026-08-21 23:55:01,2026-08-21 23:56:31,2026-08-22 00:05:01,2026-08-22 23:55:01,,,R9385256,5acb287d-d594-9c84-a8aa-454ecf76770a,INSERT,2398,2026-09-07 11:50:00
faec8f42-6411-18ec-ddf0-177192e9b765,9174f53b-548b-4c63-fe87-a6bcf3e00dc5,COMPLETED,CELLULANT,P499841,SMART_ROUTING,,2026-08-26 18:58:47,2026-08-27 06:05:27,2026-08-26 19:08:47,2026-08-27 18:58:47,,,R7553787,3036f6b9-62ed-5403-88d4-5ff4104f3fc5,INSERT,2399,2026-09-07 11:39:00
11ea2c00-863e-cbe2-a8d9-92924a85e443,f686cfa7-e94d-ed1e-11ca-2a0b32f194d8,FAILED,TERRAPAY,P576749,PRIORITY_ORDER,INVALID_ACCOUNT,2026-08-15 10:05:06,2026-08-15 10:09:06,2026-08-15 10:15:06,2026-08-16 10:05:06,provider declined,ERR_42,,53a75581-2bfc-c524-02d3-fb7e84be7e1c,INSERT,2400,2026-09-07 11:46:00
46834cc5-757e-2b43-af51-6850b77e5f7a,9339304b-9a8c-b3d7-28a5-e34d798b2f02,COMPLETED,TERRAPAY,P311500,PRIORITY_ORDER,,2026-07-29 21:02:03,2026-07-29 22:02:03,2026-07-29 21:12:03,2026-07-30 21:02:03,,,R3393974,663463e9-d317-d8c9-1060-573a721b7707,INSERT,2401,2026-09-07 11:47:00
641e7f8c-4c25-998e-cad7-3d36b62e8f02,e188d3d7-a573-dc30-49b4-96251752815c,COMPLETED,TERRAPAY,P742805,SMART_ROUTING,,2026-09-06 16:35:15,2026-09-10 03:55:15,2026-09-06 16:45:15,2026-09-07 16:35:15,,,R7963429,9e23faf9-e664-14db-2df8-d4a83fc74cb8,INSERT,2402,2026-09-07 11:46:00
fe0d40b4-6949-8671-7e55-33bae8a2f417,11162039-ea92-659b-aaaa-077f4ab946a2,COMPLETED,CELLULANT,P898868,PRIORITY_ORDER,,2026-09-06 17:12:20,2026-09-06 17:16:20,2026-09-06 17:22:20,2026-09-07 17:12:20,,,R7186297,8120053d-1aef-ff21-c161-b06c1397b542,INSERT,2403,2026-09-07 11:47:00
ab987d93-53bd-8128-22f0-6403eac97d37,09ab99a3-658c-72ee-31c4-6ef9db13f2ec,COMPLETED,THUNES,P885043,PROBING,,2026-08-01 12:03:35,2026-08-02 12:03:36,2026-08-01 12:13:35,2026-08-02 12:03:35,,,R9132910,8c65d01b-1521-e825-1177-fdd5761b7e11,INSERT,2404,2026-09-07 11:57:00
85db19d7-cfbf-3d39-a281-9fced624f055,8844bc0c-accf-b130-e487-2e7708d16094,COMPLETED,THUNES,P772149,PRIORITY_ORDER,,2026-07-30 12:39:18,2026-07-30 12:39:33,2026-07-30 12:49:18,2026-07-31 12:39:18,,,R7553489,0d6b160f-71a9-1c81-4eee-5680b0ba8fe3,INSERT,2405,2026-09-07 11:44:00
2ac39be9-b958-d153-2afa-5f6aaa03081b,38772265-102c-01a3-ab40-4598ae11d3c2,WAITING_ON_PROVIDER,THUNES,P146150,PROBING,PROVIDER_TIMEOUT,2026-08-11 19:42:21,2026-08-11 19:47:21,2026-08-11 19:52:21,2026-08-12 19:42:21,provider declined,ERR_42,,529b20e0-53bf-8b10-d0cc-c1a51b912adc,INSERT,2406,2026-09-07 11:59:00
fd93754a-ca90-001c-8943-314fb668705d,c47dd678-4d31-5923-693d-a46c37f39aac,COMPLETED,CELLULANT,P991777,SMART_ROUTING,,2026-08-25 05:57:54,2026-08-25 05:58:39,2026-08-25 06:07:54,2026-08-26 05:57:54,,,R5226854,5308e1f2-9990-e4a9-1841-2e07f5834c69,INSERT,2407,2026-09-07 11:44:00
60310461-26d3-e222-33b7-0b634beef160,1452e130-9ea8-ffe3-3e59-034bc1dadb7d,COMPLETED,THUNES,P314313,PRIORITY_ORDER,,2026-08-24 14:21:07,2026-08-24 15:21:06,2026-08-24 14:31:07,2026-08-25 14:21:07,,,R4994050,fd11b3ff-991b-749e-b9ad-d00aec648a9b,INSERT,2408,2026-09-07 11:56:00
aff628bc-cd2b-f206-3f93-1507fd063a58,34b0738e-3e04-0782-57bd-0ca854ce20ea,COMPLETED,CELLULANT,P830100,SMART_ROUTING,,2026-08-08 21:58:03,2026-08-09 21:58:03,2026-08-08 22:08:03,2026-08-09 21:58:03,,,R7400271,713e9035-2efc-d60c-5256-cd59857f2f3e,INSERT,2409,2026-09-07 11:49:00
6c8c5d0e-3eb3-66fd-3291-bc95b8bf9cae,6d1e0d7d-1402-96ee-81e6-935f3c7ed208,COMPLETED,CELLULANT,P285006,SMART_ROUTING,,2026-07-27 21:32:48,2026-07-27 21:34:18,2026-07-27 21:42:48,2026-07-28 21:32:48,,,R6085186,f7bce0ef-72c1-e68e-9390-6193490ce315,INSERT,2410,2026-09-07 11:42:00
ba059e68-8d87-b7be-271d-d0f18985c98d,61a4b230-c30d-cc74-0512-56b87b64665c,FAILED,CELLULANT,P284234,PREDEFINED,INVALID_ACCOUNT,2026-07-28 09:14:01,2026-07-28 20:20:41,2026-07-28 09:24:01,2026-07-29 09:14:01,provider declined,ERR_42,,48817b98-741f-5545-4e4c-01f676b1d8fa,INSERT,2411,2026-09-07 11:44:00
126aa315-7b18-9d5d-9b24-7a558fe88b77,61a4b230-c30d-cc74-0512-56b87b64665c,COMPLETED,TERRAPAY,P449421,SMART_ROUTING,,2026-07-28 20:20:51,2026-07-28 21:00:51,2026-07-28 20:30:51,2026-07-29 20:20:51,,,R8872850,308b5146-ea87-9f65-279c-058a321a6d71,INSERT,2412,2026-09-07 11:40:00
ebee30cf-fe12-ace5-09f0-8f24e28f5537,4eccb0ab-7d53-38ca-6250-46c05f866c8e,FAILED,THUNES,P230524,PROBING,PROVIDER_TIMEOUT,2026-08-28 17:05:49,2026-08-28 17:45:49,2026-08-28 17:15:49,2026-08-29 17:05:49,provider declined,ERR_42,,6fb138c2-c350-bf4f-31b8-f079299094c0,INSERT,2413,2026-09-07 11:47:00
b8e51141-c067-6073-e9c0-00f0c571f9ab,4eccb0ab-7d53-38ca-6250-46c05f866c8e,WAITING_ON_PROVIDER,CELLULANT,P465511,PROBING,PROVIDER_TIMEOUT,2026-08-28 17:45:59,2026-08-28 17:50:59,2026-08-28 17:55:59,2026-08-29 17:45:59,provider declined,ERR_42,,0ec5bad7-b24a-e6e3-5e41-1475b040d75a,INSERT,2414,2026-09-07 11:50:00
29534ea7-d76d-9612-a9a0-758ef3a7bd25,25b9de82-ae5a-5f99-f1bb-5d9b7499bb6b,WAITING_ON_PROVIDER,TERRAPAY,P112936,PRIORITY_ORDER,INSUFFICIENT_FUNDS,2026-08-05 11:32:29,2026-08-05 11:37:29,2026-08-05 11:42:29,2026-08-06 11:32:29,provider declined,ERR_42,,62649ce8-eab8-d5be-b62c-09bfa4f73a30,INSERT,2415,2026-09-07 11:44:00
eca04629-e05b-c7ea-c0a1-5dbc695f34ff,e2fb8d66-a892-8ad4-887f-e19cf7ba19f9,COMPLETED,TERRAPAY,P862998,PRIORITY_ORDER,,2026-09-05 00:37:46,2026-09-06 00:37:47,2026-09-05 00:47:46,2026-09-06 00:37:46,,,R2833314,cc2b2f49-c6d5-3a90-9296-ae08a2dcb574,INSERT,2416,2026-09-07 11:34:00
7c89617d-32b1-792b-2263-960ab43c6fef,6e52b671-bba8-a7e5-49d0-aac1a78eb37c,WAITING_ON_PROVIDER,THUNES,P290824,PRIORITY_ORDER,INVALID_ACCOUNT,2026-08-03 16:07:23,2026-08-03 16:12:23,2026-08-03 16:17:23,2026-08-04 16:07:23,provider declined,ERR_42,,2f85f99d-366b-3575-d07a-9518912cf322,INSERT,2417,2026-09-07 11:35:00
852393d7-9a5d-376e-602b-a25601dbeb73,0ab74b5d-fcd4-9681-ca09-7b17951b2503,COMPLETED,THUNES,P898347,PREDEFINED,,2026-08-26 03:52:56,2026-08-27 07:39:36,2026-08-26 04:02:56,2026-08-27 03:52:56,,,R9152488,9ab8180f-5647-9889-c1c4-f6187925b7d5,INSERT,2418,2026-09-07 11:50:00
0692fe02-238c-8712-eccf-3b91e35209a0,74f8a913-00ca-280f-19a5-3942ce67b962,WAITING_ON_PROVIDER,CELLULANT,P731147,PRIORITY_ORDER,PROVIDER_TIMEOUT,2026-09-05 17:06:38,2026-09-05 17:11:38,2026-09-05 17:16:38,2026-09-06 17:06:38,provider declined,ERR_42,,c05e5ade-b303-0188-f378-cb94478b2f00,INSERT,2419,2026-09-07 11:35:00
667139de-7c0a-8f90-9b54-d2273bca7ff6,0bb68d75-df99-6726-5c36-6f5ca23f3abf,COMPLETED,CELLULANT,P875112,PRIORITY_ORDER,,2026-08-23 12:26:24,2026-08-23 13:26:23,2026-08-23 12:36:24,2026-08-24 12:26:24,,,R6844074,f104ad27-ee75-b34e-f067-dba16d8bebc3,INSERT,2420,2026-09-07 11:38:00
077b1426-b73c-62ab-fe4c-efed6f552c9e,2ba17f78-362e-17d4-3e4c-943a3dabba61,COMPLETED,CELLULANT,P268018,PREDEFINED,,2026-09-01 04:22:18,2026-09-01 04:23:03,2026-09-01 04:32:18,2026-09-02 04:22:18,,,R7433891,b81bda1d-386a-9050-47c5-8839c42cd0ba,INSERT,2421,2026-09-07 11:37:00
da73dae0-209e-6e48-5e24-038e92a593c8,979a7368-bd96-bb0a-5719-d3e416d1d768,WAITING_ON_PROVIDER,THUNES,P428594,PROBING,PROVIDER_TIMEOUT,2026-08-29 13:37:42,2026-08-29 13:42:42,2026-08-29 13:47:42,2026-08-30 13:37:42,provider declined,ERR_42,,0fd7b0f2-4f90-8490-006e-0070bca6a6b0,INSERT,2422,2026-09-07 11:58:00
488c6ea4-99f9-a338-25bd-ab1474ae4b96,d0ef1299-250b-1c5a-50e0-8a8175ea1023,FAILED,CELLULANT,P252956,PRIORITY_ORDER,PROVIDER_TIMEOUT,2026-08-09 00:25:09,2026-08-10 00:25:09,2026-08-09 00:35:09,2026-08-10 00:25:09,provider declined,ERR_42,,fd869a13-809b-d813-4f13-823b51f4a724,INSERT,2423,2026-09-07 11:43:00
d900da4b-ff31-7846-4600-fc5f1f9b5662,d0ef1299-250b-1c5a-50e0-8a8175ea1023,COMPLETED,TERRAPAY,P840842,PROBING,,2026-08-10 00:25:19,2026-08-11 00:25:20,2026-08-10 00:35:19,2026-08-11 00:25:19,,,R4618930,f76c432e-b442-8cde-4a9f-6c5c7eb9fe2d,INSERT,2424,2026-09-07 11:33:00
6c24dcaa-5660-82e1-646c-d3c18c45fc9e,fc00f3e7-4c91-ef0e-644d-852cba3696cc,FAILED,THUNES,P810828,PROBING,INVALID_ACCOUNT,2026-09-02 16:33:50,2026-09-02 16:34:05,2026-09-02 16:43:50,2026-09-03 16:33:50,provider declined,ERR_42,,126301a0-641c-b619-6430-58d9c1f98e90,INSERT,2425,2026-09-07 11:58:00
b245b7d9-4849-032c-4875-4d16ba0c96e2,fc00f3e7-4c91-ef0e-644d-852cba3696cc,COMPLETED,CELLULANT,P304568,PROBING,,2026-09-02 16:34:15,2026-09-02 17:34:15,2026-09-02 16:44:15,2026-09-03 16:34:15,,,R2632751,ca9128fb-c094-8932-52cb-8f692182b518,INSERT,2426,2026-09-07 11:53:00
f1efa963-2dfc-6b9c-794f-ebeff96277e5,d7770933-adf0-1fe0-6d57-2692fb924354,FAILED,TERRAPAY,P155021,PRIORITY_ORDER,PROVIDER_TIMEOUT,2026-09-01 13:09:13,2026-09-01 13:34:13,2026-09-01 13:19:13,2026-09-02 13:09:13,provider declined,ERR_42,,6f0eebef-97e8-9057-56a7-01aba66ccf43,INSERT,2427,2026-09-07 11:57:00
3eb862c6-676c-269f-b8f9-1075a08145d2,d7770933-adf0-1fe0-6d57-2692fb924354,COMPLETED,THUNES,P135644,PRIORITY_ORDER,,2026-09-01 13:34:23,2026-09-01 13:35:53,2026-09-01 13:44:23,2026-09-02 13:34:23,,,R5040883,b01fb9f3-4d7d-10f3-7d16-9638658a8377,INSERT,2428,2026-09-07 11:50:00
7bf3f8f5-624b-31d7-2e5c-58ad97c6eb3c,4612d424-7ac0-67a6-9297-eaacfcc2ed18,WAITING_ON_PROVIDER,CELLULANT,P775908,PROBING,INVALID_ACCOUNT,2026-08-25 05:02:10,2026-08-25 05:07:10,2026-08-25 05:12:10,2026-08-26 05:02:10,provider declined,ERR_42,,534234cf-1974-fb71-200f-7ed09248c8c8,INSERT,2429,2026-09-07 11:31:00
2e106355-b1f9-ab31-995e-c9dedcac41f8,c0c3d59e-c0e5-ea1a-1fc4-5171a6d5dac6,FAILED,TERRAPAY,P105582,PROBING,INVALID_ACCOUNT,2026-07-25 11:00:52,2026-07-25 11:02:22,2026-07-25 11:10:52,2026-07-26 11:00:52,provider declined,ERR_42,,933882b3-20fa-15b7-0a05-49501f7fe5b0,INSERT,2430,2026-09-07 11:41:00
8fffc06d-167b-6ea0-2945-1370a71372ab,c0c3d59e-c0e5-ea1a-1fc4-5171a6d5dac6,WAITING_ON_PROVIDER,THUNES,P369232,PRIORITY_ORDER,INSUFFICIENT_FUNDS,2026-07-25 11:02:32,2026-07-25 11:07:32,2026-07-25 11:12:32,2026-07-26 11:02:32,provider declined,ERR_42,,4c6f9a45-8192-ef8f-1fed-7603fadc9704,INSERT,2431,2026-09-07 11:36:00
a9a14475-1958-a981-b01c-337e35b80aae,ff2e1955-fc6b-c66b-e929-15a385cd74bf,WAITING_ON_PROVIDER,TERRAPAY,P959584,PRIORITY_ORDER,INSUFFICIENT_FUNDS,2026-07-24 12:06:28,2026-07-24 12:11:28,2026-07-24 12:16:28,2026-07-25 12:06:28,provider declined,ERR_42,,4cb9be7b-2444-4f64-3025-985609676569,INSERT,2432,2026-09-07 11:31:00
12101787-3429-ce3b-8931-069724aba2a0,f1da833d-1550-2390-74c0-db3e666a4a82,FAILED,TERRAPAY,P760150,PREDEFINED,PROVIDER_TIMEOUT,2026-08-20 07:13:02,2026-08-21 07:13:03,2026-08-20 07:23:02,2026-08-21 07:13:02,provider declined,ERR_42,,b6e5dd9a-3150-07d2-a544-27ecb261ad5c,INSERT,2433,2026-09-07 11:41:00
460db751-39cb-c41a-cc50-1beade6d4e25,e8c44e4c-5ce1-bcc2-16c7-02a1a3e2ac17,COMPLETED,TERRAPAY,P110342,PRIORITY_ORDER,,2026-08-08 20:35:41,2026-08-08 20:37:11,2026-08-08 20:45:41,2026-08-09 20:35:41,,,R7327627,60ee0cbc-38e3-c67d-f801-8a19fabf8aef,INSERT,2434,2026-09-07 11:42:00
c9eb597b-f7ce-ddc4-ad85-1456bdc5a633,51683612-2bb6-1a4e-0c47-5261e585a0a5,COMPLETED,TERRAPAY,P657509,PROBING,,2026-08-28 20:34:16,2026-08-30 00:20:56,2026-08-28 20:44:16,2026-08-29 20:34:16,,,R9000414,026e6d11-4251-d2f0-20a8-926097a1a2f6,INSERT,2435,2026-09-07 11:54:00
f6508852-02bc-e2e0-dfd5-988eceefd2c9,be501500-15a7-5ed9-0eb2-858f9347f486,WAITING_ON_PROVIDER,TERRAPAY,P544579,SMART_ROUTING,INVALID_ACCOUNT,2026-09-04 03:33:33,2026-09-04 03:38:33,2026-09-04 03:43:33,2026-09-05 03:33:33,provider declined,ERR_42,,ff79f0f4-af64-2572-83d7-cafc7f702973,INSERT,2436,2026-09-07 11:39:00
2b24ef63-f6f3-2192-72da-dc219b7cd539,e15d6e51-ffc9-77e4-d2c7-f176eba332b1,COMPLETED,CELLULANT,P807287,SMART_ROUTING,,2026-08-23 10:02:03,2026-08-23 10:02:18,2026-08-23 10:12:03,2026-08-24 10:02:03,,,R3932895,22212e52-d6e3-8103-5df7-0cc1133b385e,INSERT,2437,2026-09-07 11:49:00
ec4d6c00-37ab-aaf8-64c4-6086919fa02e,43c6b532-4b25-c483-7bae-0f3b4c96edc2,COMPLETED,THUNES,P419626,PRIORITY_ORDER,,2026-08-17 13:19:00,2026-08-18 13:19:00,2026-08-17 13:29:00,2026-08-18 13:19:00,,,R8768806,7cff07e3-d92d-9519-9e24-c724e47a7b03,INSERT,2438,2026-09-07 11:36:00
a819213d-c4fa-84a4-27d7-64ce01c4e229,e604bfbe-83aa-622f-8772-df4a15b1c4a6,FAILED,THUNES,P362285,SMART_ROUTING,INVALID_ACCOUNT,2026-08-15 20:21:34,2026-08-15 21:21:33,2026-08-15 20:31:34,2026-08-16 20:21:34,provider declined,ERR_42,,5d4f9715-4c9d-f049-5fd2-bec365363c77,INSERT,2439,2026-09-07 11:58:00
6500f793-2238-dfc6-0a4e-3ccf48ef30ff,e2320dc9-5bf6-f06d-017c-c74e6f180343,COMPLETED,CELLULANT,P541508,PREDEFINED,,2026-07-29 18:38:49,2026-07-29 18:42:49,2026-07-29 18:48:49,2026-07-30 18:38:49,,,R1530269,f2c8c25e-32f1-227c-aa8c-662d290a3d67,INSERT,2440,2026-09-07 11:42:00
af374e8c-c473-5700-037e-7f6080000fac,caef3c9e-1b9d-ff1b-f52a-6cbf1c17729f,COMPLETED,THUNES,P347993,PRIORITY_ORDER,,2026-08-17 05:48:49,2026-08-17 06:13:49,2026-08-17 05:58:49,2026-08-18 05:48:49,,,R6740173,bcc8509b-98da-ae8c-f9f7-e0046dfe8745,INSERT,2441,2026-09-07 11:59:00
79510a45-32cb-28ba-6ddd-5c02d2137565,47f8b6f1-3fdd-0e2b-2fd6-129a82e09d39,FAILED,TERRAPAY,P840777,PRIORITY_ORDER,PROVIDER_TIMEOUT,2026-08-07 04:49:20,2026-08-08 04:49:20,2026-08-07 04:59:20,2026-08-08 04:49:20,provider declined,ERR_42,,2e625a6f-9c71-1439-8098-f50dbaff361a,INSERT,2442,2026-09-07 11:58:00
a1001bc8-9758-a25f-dad8-e2dafe17ddb3,47f8b6f1-3fdd-0e2b-2fd6-129a82e09d39,COMPLETED,THUNES,P765297,SMART_ROUTING,,2026-08-08 04:49:30,2026-08-08 04:53:30,2026-08-08 04:59:30,2026-08-09 04:49:30,,,R4848428,09d261e0-66ba-7e51-21de-23601ed68b71,INSERT,2443,2026-09-07 11:50:00
f1685db8-47d2-8391-5d13-539c44ed4fd5,6d54a501-8286-6d40-0fb4-9d987aac8a0a,COMPLETED,CELLULANT,P468075,PROBING,,2026-07-25 08:35:07,2026-07-25 08:35:52,2026-07-25 08:45:07,2026-07-26 08:35:07,,,R5143446,2e874651-0c2c-a7fa-e525-aeaf51e11799,INSERT,2444,2026-09-07 11:47:00
bdc551bb-5c4e-3b00-54ca-4adc215bdef5,037f5347-ab40-2561-18cd-99c91c8d23b4,WAITING_ON_PROVIDER,CELLULANT,P949383,PREDEFINED,PROVIDER_TIMEOUT,2026-08-29 15:42:37,2026-08-29 15:47:37,2026-08-29 15:52:37,2026-08-30 15:42:37,provider declined,ERR_42,,9ace8631-8763-8104-96c2-e045c75ffb36,INSERT,2445,2026-09-07 11:53:00
b62b9f62-8ced-48ea-6b0f-fa793113b13a,88973a4a-33b6-36dc-c2d0-1c42fd595978,FAILED,CELLULANT,P364792,PREDEFINED,INVALID_ACCOUNT,2026-09-06 18:46:16,2026-09-06 18:47:46,2026-09-06 18:56:16,2026-09-07 18:46:16,provider declined,ERR_42,,1e0fd29b-b7a2-ab33-a13e-cf1572cfbb0e,INSERT,2446,2026-09-07 11:48:00
dec91438-884f-f1a7-af48-1fc07eba0464,b19d1860-f8f4-0e49-cb5d-2aff0f9027d5,COMPLETED,THUNES,P638430,PRIORITY_ORDER,,2026-08-13 20:11:00,2026-08-13 20:51:00,2026-08-13 20:21:00,2026-08-14 20:11:00,,,R3776934,6257ae9c-8260-1132-c02f-b24f70100d7e,INSERT,2447,2026-09-07 11:42:00
395370c0-2bcd-ce43-1e7d-8f7b8d59c34d,4dac49f6-4242-fc5c-866b-329ab877e049,FAILED,THUNES,P147828,SMART_ROUTING,INVALID_ACCOUNT,2026-08-06 16:19:19,2026-08-06 16:29:19,2026-08-06 16:29:19,2026-08-07 16:19:19,provider declined,ERR_42,,f129ed2f-25ec-77e4-a3bd-d4d60a01d8b6,INSERT,2448,2026-09-07 11:58:00
4b7e42df-9c8a-1631-e5f9-5507688928ad,b4992393-f249-1816-154f-9eb453167cb5,COMPLETED,CELLULANT,P440404,PRIORITY_ORDER,,2026-09-04 21:34:23,2026-09-04 21:35:53,2026-09-04 21:44:23,2026-09-05 21:34:23,,,R1174620,bb0084fa-3822-b51b-5b00-f1a0d2ed3196,INSERT,2449,2026-09-07 11:33:00
a13a9da2-94e7-eb2a-3434-02ef44cfa6ba,8d0653e2-9ab6-2311-a261-d918a05095fa,FAILED,TERRAPAY,P946969,PROBING,INSUFFICIENT_FUNDS,2026-08-19 14:06:41,2026-08-19 14:31:41,2026-08-19 14:16:41,2026-08-20 14:06:41,provider declined,ERR_42,,b9ede33f-bad4-f3e0-3b52-35257230b85b,INSERT,2450,2026-09-07 11:33:00
7aa03208-e6f4-7dcf-25f9-3ab95e5f310c,8d0653e2-9ab6-2311-a261-d918a05095fa,COMPLETED,THUNES,P198242,PROBING,,2026-08-19 14:31:51,2026-08-19 15:11:51,2026-08-19 14:41:51,2026-08-20 14:31:51,,,R4045291,dcc31cb2-d0cb-079f-2f5d-ff13759a9725,INSERT,2451,2026-09-07 11:38:00
e8bcd007-747c-7690-3ec8-f48e6d283989,9b9a3a55-aff7-45a0-64ea-1dd3d147a0bf,COMPLETED,THUNES,P776456,PROBING,,2026-08-28 21:54:50,2026-08-28 21:55:35,2026-08-28 22:04:50,2026-08-29 21:54:50,,,R2681644,ba0d3f1f-2325-85b4-86da-f596b96c2da0,INSERT,2452,2026-09-07 11:32:00
54edfb70-4eb0-c866-29c3-d598d0c24f21,23a49571-33cb-59ef-15c0-4765b51bd20f,COMPLETED,TERRAPAY,P602171,SMART_ROUTING,,2026-08-30 21:15:37,2026-08-30 22:15:36,2026-08-30 21:25:37,2026-08-31 21:15:37,,,R5090433,447809c0-b129-9cb7-8b24-8c7e0e4ddb72,INSERT,2453,2026-09-07 11:46:00
7de7f41a-1cc6-d08a-e6d0-37c6d2a20765,39d38f2b-496e-c0c9-a7c5-f9605a7284a2,COMPLETED,CELLULANT,P277795,PRIORITY_ORDER,,2026-07-29 11:47:48,2026-07-30 11:47:49,2026-07-29 11:57:48,2026-07-30 11:47:48,,,R4766861,4824faf3-f4b2-8643-f4da-fcc81a0b6310,INSERT,2454,2026-09-07 11:36:00
fa61726a-eedf-4f78-dc99-4976008ec990,5e7e2813-a967-3fe1-7fce-e629ea8e55a5,FAILED,THUNES,P255863,SMART_ROUTING,INVALID_ACCOUNT,2026-08-09 18:07:47,2026-08-10 21:54:27,2026-08-09 18:17:47,2026-08-10 18:07:47,provider declined,ERR_42,,b8a9f704-725a-a10d-63fe-557c25d4ec19,INSERT,2455,2026-09-07 11:43:00
d08ce31e-7a7a-852e-f9f1-5e65c9198c69,5e7e2813-a967-3fe1-7fce-e629ea8e55a5,COMPLETED,TERRAPAY,P170583,PRIORITY_ORDER,,2026-08-10 21:54:37,2026-08-12 01:41:17,2026-08-10 22:04:37,2026-08-11 21:54:37,,,R8171473,2508f357-474a-3674-ba09-8484f5a7620d,INSERT,2456,2026-09-07 11:43:00
d2478bb2-8945-39ec-8850-3e9d7e1b2034,6b2d470a-6218-6d10-3ef3-d5beebee4c80,COMPLETED,CELLULANT,P341292,PROBING,,2026-08-30 18:15:06,2026-08-30 19:15:06,2026-08-30 18:25:06,2026-08-31 18:15:06,,,R2402872,86e5edf4-6bfd-c189-b705-10f894ba0d7c,INSERT,2457,2026-09-07 11:32:00
12e29c2a-94e4-339d-a9a9-cef71b2375d0,b2351615-06be-ab4a-bbab-3b0e60a1451d,COMPLETED,TERRAPAY,P599988,SMART_ROUTING,,2026-07-31 11:56:37,2026-08-01 11:56:38,2026-07-31 12:06:37,2026-08-01 11:56:37,,,R1506432,1438e799-242a-c30f-5d80-a53b259a5d6c,INSERT,2458,2026-09-07 11:54:00
0838f528-a477-e25a-e193-83a90f5c365a,b1fbb587-a514-b3fc-c809-a0b471a84189,FAILED,THUNES,P733521,SMART_ROUTING,PROVIDER_TIMEOUT,2026-09-02 20:16:21,2026-09-02 20:17:51,2026-09-02 20:26:21,2026-09-03 20:16:21,provider declined,ERR_42,,d52a85c8-6579-dc22-02c8-37b6290c9e51,INSERT,2459,2026-09-07 11:43:00
9e79a6fe-6680-c5e3-363c-bc32be3e1402,f91e8b9b-4596-7e76-2824-162dee7385d8,WAITING_ON_PROVIDER,THUNES,P158716,SMART_ROUTING,INVALID_ACCOUNT,2026-09-02 18:28:01,2026-09-02 18:33:01,2026-09-02 18:38:01,2026-09-03 18:28:01,provider declined,ERR_42,,f9da4f55-bef9-9394-d28f-af652f068e12,INSERT,2460,2026-09-07 11:48:00
f94e485d-5b18-2716-b9c6-b26b6401118d,65ec4424-f56f-ebb1-484b-824bc06e1029,COMPLETED,CELLULANT,P235808,PRIORITY_ORDER,,2026-07-26 17:13:48,2026-07-27 21:00:28,2026-07-26 17:23:48,2026-07-27 17:13:48,,,R6558596,80ea83af-bdcf-c159-e581-c1bc6843ee98,INSERT,2461,2026-09-07 11:38:00
f6b2e778-fe50-8d4d-293a-60beb7f330ad,3734a78d-e268-2c9f-3b48-2d28b7ed2c13,FAILED,CELLULANT,P625986,PREDEFINED,INVALID_ACCOUNT,2026-09-01 03:29:46,2026-09-02 07:16:26,2026-09-01 03:39:46,2026-09-02 03:29:46,provider declined,ERR_42,,4a74982e-56ca-0fb3-2196-2a11c90cd1d3,INSERT,2462,2026-09-07 11:37:00
7fb8b6c6-1650-9f14-e527-8ea2c80cd031,ded64d2a-c42d-5f03-2482-e8d103d33907,WAITING_ON_PROVIDER,TERRAPAY,P198685,PROBING,INVALID_ACCOUNT,2026-08-31 01:59:15,2026-08-31 02:04:15,2026-08-31 02:09:15,2026-09-01 01:59:15,provider declined,ERR_42,,295642c6-4bac-fa4a-ef1e-4acf2b729d66,INSERT,2463,2026-09-07 11:58:00
919883f9-f8c0-1007-1fbc-4004f098aa1f,e06ca678-c35d-8f64-418a-f089fa7de961,COMPLETED,TERRAPAY,P611976,PRIORITY_ORDER,,2026-08-10 15:42:44,2026-08-10 15:44:14,2026-08-10 15:52:44,2026-08-11 15:42:44,,,R7098050,68b666d6-66a3-f3db-4960-42b0dbe7a333,INSERT,2464,2026-09-07 11:30:00
1af4cf72-da62-2059-2791-63f402088c91,bdb4f711-0e9b-65bb-a4d4-7431fa38f5a0,COMPLETED,THUNES,P404779,PROBING,,2026-08-18 09:05:23,2026-08-18 10:05:23,2026-08-18 09:15:23,2026-08-19 09:05:23,,,R3654252,12aebb0e-da94-8cdf-6637-3dc791f448bb,INSERT,2465,2026-09-07 11:53:00
7c7dd490-9ab7-f449-ff16-937657a911b3,3310880a-6ee0-95d5-c4a9-d8ac659e2deb,WAITING_ON_PROVIDER,TERRAPAY,P322964,PROBING,INSUFFICIENT_FUNDS,2026-07-29 00:56:50,2026-07-29 01:01:50,2026-07-29 01:06:50,2026-07-30 00:56:50,provider declined,ERR_42,,8b8a7166-09cc-df05-745f-44334743968f,INSERT,2466,2026-09-07 11:56:00
2448ef43-1566-3d1a-2d15-420ba2bc6715,05df9333-de36-992f-3624-65c10dd8063b,WAITING_ON_PROVIDER,CELLULANT,P172623,PREDEFINED,INVALID_ACCOUNT,2026-08-03 20:43:08,2026-08-03 20:48:08,2026-08-03 20:53:08,2026-08-04 20:43:08,provider declined,ERR_42,,b6532dba-dfaf-c6cf-4c5f-ccfb14eae37c,INSERT,2467,2026-09-07 11:45:00
b05731fd-8916-f0b7-79ba-547e7b4bcaf8,4c01f701-c0d0-2553-f69f-239b578e911f,COMPLETED,THUNES,P921934,SMART_ROUTING,,2026-08-26 00:12:02,2026-08-26 00:52:02,2026-08-26 00:22:02,2026-08-27 00:12:02,,,R8328019,92004957-b161-fd16-e9a0-02a45acd1e90,INSERT,2468,2026-09-07 11:54:00
ef0ec9cb-756a-ae2d-e581-18d126879443,bbfecb11-f060-46a1-d2d1-2566fc829c09,FAILED,TERRAPAY,P254650,PROBING,INVALID_ACCOUNT,2026-08-03 03:20:50,2026-08-03 03:21:05,2026-08-03 03:30:50,2026-08-04 03:20:50,provider declined,ERR_42,,ac87ae14-f850-5ae9-cac1-9d2e1d15571c,INSERT,2469,2026-09-07 11:31:00
00f0f7fe-b8e7-bcf5-854c-0d1f43470982,bbfecb11-f060-46a1-d2d1-2566fc829c09,FAILED,CELLULANT,P572445,SMART_ROUTING,PROVIDER_TIMEOUT,2026-08-03 03:21:15,2026-08-03 04:01:15,2026-08-03 03:31:15,2026-08-04 03:21:15,provider declined,ERR_42,,94108438-f82e-5e1b-a390-0655730733d5,INSERT,2470,2026-09-07 11:52:00
1fef4fb0-de25-65fe-d1ad-5c228088a7de,5d21a235-d053-d7f4-5ec9-1fdc03add1a4,WAITING_ON_PROVIDER,THUNES,P833287,PROBING,PROVIDER_TIMEOUT,2026-08-02 14:38:40,2026-08-02 14:43:40,2026-08-02 14:48:40,2026-08-03 14:38:40,provider declined,ERR_42,,690f1c3c-69ff-6cc0-74bc-405cffc19ef6,INSERT,2471,2026-09-07 11:37:00
6fff95cc-ae26-f348-b044-db1ba8dbe9a1,8af2820e-29a3-e5f6-984a-d4638d814215,COMPLETED,TERRAPAY,P764909,PREDEFINED,,2026-08-18 21:32:43,2026-08-22 08:52:43,2026-08-18 21:42:43,2026-08-19 21:32:43,,,R2664720,d655005d-ce52-1176-166e-46aefed01fca,INSERT,2472,2026-09-07 11:49:00
e8724434-69b6-175e-76c5-3d2be9fdd358,32103c49-1d4f-f1c8-618e-72a78d34dd83,FAILED,CELLULANT,P960270,PROBING,INSUFFICIENT_FUNDS,2026-09-01 14:54:56,2026-09-02 18:41:36,2026-09-01 15:04:56,2026-09-02 14:54:56,provider declined,ERR_42,,3953e8bb-c83e-0032-5fe8-a7f4f08aba21,INSERT,2473,2026-09-07 11:57:00
a89f5f9d-e12d-ef58-4482-0852489a4ca4,32103c49-1d4f-f1c8-618e-72a78d34dd83,FAILED,TERRAPAY,P377347,PREDEFINED,INVALID_ACCOUNT,2026-09-02 18:41:46,2026-09-02 19:41:46,2026-09-02 18:51:46,2026-09-03 18:41:46,provider declined,ERR_42,,e672abf5-0110-783e-3dd6-831bac5d7133,INSERT,2474,2026-09-07 11:37:00
ee93a4d0-cd24-120c-0d34-6977d41bd8bf,64305373-f936-a968-8e44-f2f83de8a4cd,COMPLETED,THUNES,P705923,PROBING,,2026-07-25 18:35:17,2026-07-25 19:15:17,2026-07-25 18:45:17,2026-07-26 18:35:17,,,R3162087,fa33fa98-63f2-0557-a2e2-d1caf07bf9bb,INSERT,2475,2026-09-07 11:53:00
02f4298f-6ffa-d356-0690-5ba517e03df5,8d8b3728-d65b-c676-429e-70e0eaaa94c8,FAILED,TERRAPAY,P759443,SMART_ROUTING,INSUFFICIENT_FUNDS,2026-08-18 14:40:47,2026-08-18 14:41:32,2026-08-18 14:50:47,2026-08-19 14:40:47,provider declined,ERR_42,,ebac12ef-8b2e-1eb3-b523-b1f39e3bc735,INSERT,2476,2026-09-07 11:44:00
be09f835-0679-65ab-61e5-48ca926114b7,8d8b3728-d65b-c676-429e-70e0eaaa94c8,COMPLETED,THUNES,P869832,SMART_ROUTING,,2026-08-18 14:41:42,2026-08-18 14:42:27,2026-08-18 14:51:42,2026-08-19 14:41:42,,,R8611927,5badd755-c710-1f3d-a1aa-19f0a26c2d5a,INSERT,2477,2026-09-07 11:53:00
6b7f0864-aff5-4774-35d5-f4e513893a70,059ef8d8-cba2-0d38-7db4-990d19c59f2d,COMPLETED,TERRAPAY,P493482,PREDEFINED,,2026-08-22 10:16:32,2026-08-23 10:16:32,2026-08-22 10:26:32,2026-08-23 10:16:32,,,R8564486,4c7b34e2-2e07-cb63-293e-16b3cefd1224,INSERT,2478,2026-09-07 11:41:00
4480d02d-2067-902b-f099-e2b6b10ccf77,53d9a4dd-078d-27e5-378a-8ba6e608d6d3,COMPLETED,THUNES,P386960,PROBING,,2026-08-29 12:08:51,2026-08-30 12:08:52,2026-08-29 12:18:51,2026-08-30 12:08:51,,,R4342651,b544f70c-593a-cb51-178b-55e7f406d6e0,INSERT,2479,2026-09-07 11:39:00
7ce28b5b-b8d8-f272-f429-c05d34b16488,cb0c1709-9569-f8cb-1a57-4cee64903d65,WAITING_ON_PROVIDER,CELLULANT,P554527,PROBING,INVALID_ACCOUNT,2026-09-01 18:34:31,2026-09-01 18:39:31,2026-09-01 18:44:31,2026-09-02 18:34:31,provider declined,ERR_42,,d0de4fb6-458c-6c02-bf40-964098a91187,INSERT,2480,2026-09-07 11:40:00
507ffc32-c78e-4415-2521-51f95f390d2b,3ecd2b8c-5b95-2506-2f98-1e44ca782f58,COMPLETED,THUNES,P228244,PRIORITY_ORDER,,2026-08-05 18:50:55,2026-08-05 19:15:55,2026-08-05 19:00:55,2026-08-06 18:50:55,,,R6345038,5430c8c3-b780-606a-02ca-68d5b033ee83,INSERT,2481,2026-09-07 11:59:00
92ee4820-1327-adb9-abdd-439adc233c06,472e2f3b-8f9a-fd51-1a58-fa4437abaed7,COMPLETED,CELLULANT,P777663,PROBING,,2026-09-06 03:07:15,2026-09-07 06:53:55,2026-09-06 03:17:15,2026-09-07 03:07:15,,,R8301537,32b9fc56-51f3-7a1f-d03a-9ed2515a3eea,INSERT,2482,2026-09-07 11:58:00
8ccc9cea-109f-d8ee-b5a4-720058f0dd23,1679742f-ff4c-96d6-71f2-ce8fb69f68c3,FAILED,TERRAPAY,P668507,PREDEFINED,INVALID_ACCOUNT,2026-08-06 03:16:04,2026-08-07 03:16:04,2026-08-06 03:26:04,2026-08-07 03:16:04,provider declined,ERR_42,,b5a5f8e6-b639-1f04-2852-4385d9f2dd0d,DELETE,2483,2026-09-07 11:30:00
5c8ac066-cb2f-afa3-2c91-3a7ca3404f08,1679742f-ff4c-96d6-71f2-ce8fb69f68c3,WAITING_ON_PROVIDER,CELLULANT,P633469,SMART_ROUTING,INSUFFICIENT_FUNDS,2026-08-07 03:16:14,2026-08-07 03:21:14,2026-08-07 03:26:14,2026-08-08 03:16:14,provider declined,ERR_42,,238d6f44-cac4-d0eb-3373-730efc31a597,DELETE,2484,2026-09-07 11:47:00
