id,user_id,account_id,type,state,sent_amount,sent_currency,received_amount,received_currency,exchange_rate,source_amount,recipient_id,recipient_account_id,workflow_id,created_at,updated_at,expires_at,memo,purpose,from_wallet_id,to_wallet_id,summary,metadata,fee_label,fee_kind,_cdc_operation,_cdc_lsn,_cdc_loaded_at
f31046dc-6202-bee6-5cb5-e69c5dc7b3e6,5f987c71-a65e-688e-abf3-ad39fec21bbe,b535106e-122c-9a56-01d7-425638602ab6,COLLECTION_CONVERSION_DISBURSEMENT,DISBURSEMENT_IN_PROGRESS,705.09,EUR,127973.84,KES,181.5,707.59,ddf275eb-e8a3-f341-c881-9065ba2c98ce,75424646-4d37-a539-857d-d3b3a8addf36,,2026-07-27 18:19:57,2026-07-27 18:19:57,2026-07-28 18:19:57,,GOODS_PURCHASE,,,"{""original"": {""source_amount"": {""amount"": 707.59}}, ""fees"": [{""definition"": {""label"": ""Transfer fee"", ""kind"": ""FIXED""}}]}",{},Transfer fee,FIXED,INSERT,1401,2026-09-07 11:38:00
f31046dc-6202-bee6-5cb5-e69c5dc7b3e6,5f987c71-a65e-688e-abf3-ad39fec21bbe,b535106e-122c-9a56-01d7-425638602ab6,COLLECTION_CONVERSION_DISBURSEMENT,COMPLETED,705.09,EUR,127973.84,KES,181.5,707.59,ddf275eb-e8a3-f341-c881-9065ba2c98ce,75424646-4d37-a539-857d-d3b3a8addf36,,2026-07-27 18:19:57,2026-07-28 10:26:57,2026-07-28 18:19:57,,GOODS_PURCHASE,,,"{""original"": {""source_amount"": {""amount"": 707.59}}, ""fees"": [{""definition"": {""label"": ""Transfer fee"", ""kind"": ""FIXED""}}]}",{},Transfer fee,FIXED,INSERT,1001,2026-09-07 11:53:00
b1a8b71f-491b-90e9-9ca3-fbb3ff11c8ba,d4aac9a3-3ed8-c56c-da09-dfa052828d80,533420e6-d9d8-0b8d-7e8a-dee70758e201,COLLECTION_CONVERSION_DISBURSEMENT,ON_HOLD,412.72,EUR,862584.8,NGN,2090.0,415.22,8ed6ad5e-1831-8aa3-5466-9d1910df9974,4082cbb9-48bd-db3e-62f5-df2badaa44ca,,2026-08-06 03:15:34,2026-08-08 03:19:34,2026-08-07 03:15:34,,BILLS_PAYMENT,,,"{""original"": {""source_amount"": {""amount"": 415.22}}, ""fees"": [{""definition"": {""label"": ""Transfer fee"", ""kind"": ""FIXED""}}]}",{},Transfer fee,FIXED,INSERT,1002,2026-09-07 11:58:00
2138afe0-8d38-bbd8-fba6-abf7cdbcc653,750cab75-4ccc-9bc2-a53f-8a28abf3e3fc,43e42caf-8181-a8cc-3691-47eb89a2688b,COLLECTION_CONVERSION_DISBURSEMENT,COMPLETED,344.64,USD,1137312.0,TZS,3300.0,347.14,39681c81-7b70-c3b8-a81f-dec3279c658a,d86a6460-59a1-120e-1bb4-3332d8e7012f,,2026-08-20 09:28:54,2026-08-22 00:33:54,2026-08-21 09:28:54,,GOODS_PURCHASE,,,"{""original"": {""source_amount"": {""amount"": 347.14}}, ""fees"": [{""definition"": {""label"": ""Transfer fee"", ""kind"": ""FIXED""}}]}",{},Transfer fee,FIXED,INSERT,1003,2026-09-07 11:34:00
5894f7f1-39b8-6bb2-b596-ca7cef4afa88,6e417d47-5ff5-95ea-5bc4-40f14b1a269b,deef580f-9c07-a751-1437-45092cd1586a,CONVERSION_DISBURSEMENT,COMPLETED,162.53,GBP,697253.7,TZS,4290.0,165.03,56ab087a-8bc7-8e81-5a30-45280b599562,d49405f0-2cd2-a404-a48e-40f1d0421dfa,,2026-08-08 06:19:50,2026-08-08 17:34:50,2026-08-09 06:19:50,,GOODS_PURCHASE,,,"{""original"": {""source_amount"": {""amount"": 165.03}}, ""fees"": [{""definition"": {""label"": ""Transfer fee"", ""kind"": ""FIXED""}}]}",{},Transfer fee,FIXED,INSERT,1004,2026-09-07 11:44:00
90494583-ec86-a890-d7b0-0bdc566e3cbe,79279973-5e78-1fd7-94e0-d3baa9f948b2,4e7ed827-455a-c762-7428-a656b3ee4d3b,COLLECTION_CONVERSION_DISBURSEMENT,CANCELLED,813.76,GBP,3491030.4,TZS,4290.0,816.26,15b02530-f020-e992-b576-255e98549f22,a4bbf962-606e-0e1c-8f15-84494f40c22f,,2026-08-23 19:34:15,2026-08-25 20:46:15,2026-08-24 19:34:15,,REMITTANCE,,,"{""original"": {""source_amount"": {""amount"": 816.26}}, ""fees"": [{""definition"": {""label"": ""Transfer fee"", ""kind"": ""FIXED""}}]}",{},Transfer fee,FIXED,INSERT,1005,2026-09-07 11:44:00
76e5ae78-7bf7-e1d3-6a66-2fce7089fc6d,f84f16b3-a79f-bfaf-def5-768968f45bce,da330aa1-541c-dfcd-da0d-4a5f148f8b74,COLLECTION_CONVERSION_DISBURSEMENT,COMPLETED,72.72,EUR,383961.6,UGX,5280.0,75.22,a2bb522b-0b25-1279-785a-c5d0df92a621,40ef3935-5f90-bed6-fb25-664d630aa767,,2026-07-28 01:01:11,2026-07-30 00:02:11,2026-07-29 01:01:11,,REMITTANCE,,,"{""original"": {""source_amount"": {""amount"": 75.22}}, ""fees"": [{""definition"": {""label"": ""Transfer fee"", ""kind"": ""FIXED""}}]}",{},Transfer fee,FIXED,INSERT,1006,2026-09-07 11:58:00
28e213bc-e6fd-d7af-dd84-caccf6729464,8da0365b-f898-97b9-405c-acec877409a9,6f4cc69a-4b22-d308-1c8e-aee95715bd6f,COLLECTION_CONVERSION_DISBURSEMENT,COMPLETED,387.96,GBP,83217.42,KES,214.5,390.46,21bddb41-0699-8731-ddcf-8766a93b12cd,c9d6a63b-ca3c-6f5f-5bb5-c40c03cde2e3,,2026-09-04 10:49:25,2026-09-06 04:50:25,2026-09-05 10:49:25,,BILLS_PAYMENT,,,"{""original"": {""source_amount"": {""amount"": 390.46}}, ""fees"": [{""definition"": {""label"": ""Transfer fee"", ""kind"": ""FIXED""}}]}",{},Transfer fee,FIXED,INSERT,1007,2026-09-07 11:51:00
5da39a73-ba3d-f7ff-43b4-7ee5e1e89e7e,7bf47042-bd15-31c8-3764-fbda3108d448,4d6168bd-2def-e193-5c62-b3a23a3c563e,COLLECTION_CONVERSION_DISBURSEMENT,COMPLETED,399.22,USD,1916256.0,UGX,4800.0,401.72,5cd33369-04aa-c1b7-5ca0-c428822c4d32,36d55494-f37f-d50d-2e25-b5ee4f11d8dc,,2026-07-24 21:31:38,2026-07-25 04:52:38,2026-07-25 21:31:38,,BILLS_PAYMENT,,,"{""original"": {""source_amount"": {""amount"": 401.72}}, ""fees"": [{""definition"": {""label"": ""Transfer fee"", ""kind"": ""FIXED""}}]}",{},Transfer fee,FIXED,INSERT,1008,2026-09-07 11:46:00
0a4e2552-8005-1b10-66c1-4dca8255da61,cada4f80-a9e7-82d4-fd08-b32c62d60e93,dea4ae17-54fd-9ad3-9716-108ef72169bb,DISBURSEMENT,COMPLETED,195.17,GBP,41863.96,KES,214.5,197.67,11536e99-5c50-8720-f982-f4e08603156a,81e03a5e-8b48-f496-86ab-d4e7f4124360,,2026-08-30 03:35:53,2026-08-30 13:26:53,2026-08-31 03:35:53,,REMITTANCE,,,"{""original"": {""source_amount"": {""amount"": 197.67}}, ""fees"": [{""definition"": {""label"": ""Transfer fee"", ""kind"": ""FIXED""}}]}",{},Transfer fee,FIXED,INSERT,1009,2026-09-07 11:56:00
79928faa-4cbf-131d-901b-cdefb56ff8ce,6e417d47-5ff5-95ea-5bc4-40f14b1a269b,deef580f-9c07-a751-1437-45092cd1586a,OUTGOING_PEER_TO_PEER,COMPLETED,488.46,GBP,3047990.4,UGX,6240.0,490.96,,,,2026-08-18 03:03:53,2026-08-19 13:51:53,2026-08-19 03:03:53,,REMITTANCE,,,"{""original"": {""source_amount"": {""amount"": 490.96}}, ""fees"": [{""definition"": {""label"": ""Transfer fee"", ""kind"": ""FIXED""}}]}",{},Transfer fee,FIXED,INSERT,1010,2026-09-07 11:56:00
b023a0ea-df41-e335-b9ae-d8e4e61599c8,8dedf9fb-4bb0-0f20-b27c-40266703b636,8c459ce2-67f4-8ad5-4d0b-0d1a91b0e1d9,COLLECTION,COMPLETED,290.76,EUR,607688.4,NGN,2090.0,293.26,,,,2026-08-13 17:18:16,2026-08-15 09:09:16,2026-08-14 17:18:16,,GOODS_PURCHASE,,,"{""original"": {""source_amount"": {""amount"": 293.26}}, ""fees"": [{""definition"": {""label"": ""Transfer fee"", ""kind"": ""FIXED""}}]}",{},Transfer fee,FIXED,INSERT,1011,2026-09-07 11:45:00
c64c9647-9ea7-017c-b89f-7039a107cc46,89e06ab3-7250-ee18-260a-5962dd81b7f5,9261549d-3d22-5c30-b28f-41defb140bc3,EARNED_REWARD,COMPLETED,170.05,USD,561165.0,TZS,3300.0,172.55,,,,2026-08-21 19:51:14,2026-08-23 04:39:14,2026-08-22 19:51:14,,BILLS_PAYMENT,,,"{""original"": {""source_amount"": {""amount"": 172.55}}, ""fees"": [{""definition"": {""label"": ""Transfer fee"", ""kind"": ""FIXED""}}]}",{},Transfer fee,FIXED,INSERT,1012,2026-09-07 11:54:00
26c432f6-6b35-2f85-504e-268770e7e756,5f987c71-a65e-688e-abf3-ad39fec21bbe,b535106e-122c-9a56-01d7-425638602ab6,COLLECTION_CONVERSION_DISBURSEMENT,FAILED,187.89,EUR,34102.04,KES,181.5,190.39,ddf275eb-e8a3-f341-c881-9065ba2c98ce,75424646-4d37-a539-857d-d3b3a8addf36,,2026-08-27 12:09:57,2026-08-27 19:40:57,2026-08-28 12:09:57,,BILLS_PAYMENT,,,"{""original"": {""source_amount"": {""amount"": 190.39}}, ""fees"": [{""definition"": {""label"": ""Transfer fee"", ""kind"": ""FIXED""}}]}",{},Transfer fee,FIXED,INSERT,1013,2026-09-07 11:40:00
9c2dfa97-43ad-3d62-b17c-fb21cdbc2c1c,c0e3befd-4c71-e0fe-5a0c-dd7cf1578470,560c95ee-638c-254c-076e-2bba7c5308bf,CONVERSION_DISBURSEMENT,COMPLETED,619.06,GBP,3862934.4,UGX,6240.0,621.56,46510367-cbdc-4318-4d85-a3d2a1a27485,81e0d489-5a18-e2a3-0e61-4bcd97674900,,2026-08-26 07:26:38,2026-08-28 08:39:38,2026-08-27 07:26:38,,BILLS_PAYMENT,,,"{""original"": {""source_amount"": {""amount"": 621.56}}, ""fees"": [{""definition"": {""label"": ""Transfer fee"", ""kind"": ""FIXED""}}]}",{},Transfer fee,FIXED,INSERT,1014,2026-09-07 11:49:00
d1812f77-6500-1423-faeb-cd19e5508ea2,f1738856-e25d-36eb-9e9a-9f83066803ee,1dde7969-6886-13db-a634-8e784d5c55c7,COLLECTION_CONVERSION_DISBURSEMENT,COMPLETED,498.01,USD,2390448.0,UGX,4800.0,500.51,bff9507d-cd14-a03e-8359-9af65d01f55f,07f8d4f0-f3ea-0184-28f4-e3ceadedda80,,2026-08-21 08:08:56,2026-08-23 06:20:56,2026-08-22 08:08:56,,BILLS_PAYMENT,,,"{""original"": {""source_amount"": {""amount"": 500.51}}, ""fees"": [{""definition"": {""label"": ""Transfer fee"", ""kind"": ""FIXED""}}]}",{},Transfer fee,FIXED,INSERT,1015,2026-09-07 11:41:00
69ce1e4e-19a6-92c9-0d70-0ea43b9b2d45,79279973-5e78-1fd7-94e0-d3baa9f948b2,4e7ed827-455a-c762-7428-a656b3ee4d3b,COLLECTION_CONVERSION_DISBURSEMENT,COMPLETED,218.59,GBP,937751.1,TZS,4290.0,221.09,15b02530-f020-e992-b576-255e98549f22,a4bbf962-606e-0e1c-8f15-84494f40c22f,,2026-08-26 00:24:47,2026-08-27 12:40:47,2026-08-27 00:24:47,,BILLS_PAYMENT,,,"{""original"": {""source_amount"": {""amount"": 221.09}}, ""fees"": [{""definition"": {""label"": ""Transfer fee"", ""kind"": ""FIXED""}}]}",{},Transfer fee,FIXED,INSERT,1016,2026-09-07 11:47:00
d66d4627-e1da-ce6a-6afa-828c2cd10b9f,6dadd6c7-95a7-6d79-bf3c-4c06434308bc,a0a04dc4-2720-9bdf-1c11-f735dc713d96,CONVERSION_DISBURSEMENT,DISBURSEMENT_IN_PROGRESS,823.64,GBP,2034390.8,NGN,2470.0,826.14,fcce96f6-250a-4578-fbe9-4499dbc080fd,cc6b66e5-402a-df9c-8a4b-8f7c21472a15,,2026-08-28 14:29:35,2026-08-28 17:02:35,2026-08-29 14:29:35,,REMITTANCE,,,"{""original"": {""source_amount"": {""amount"": 826.14}}, ""fees"": [{""definition"": {""label"": ""Transfer fee"", ""kind"": ""FIXED""}}]}",{},Transfer fee,FIXED,INSERT,1017,2026-09-07 11:52:00
d9df0d0e-225a-ed6c-f045-8043e3a68a70,f1738856-e25d-36eb-9e9a-9f83066803ee,1dde7969-6886-13db-a634-8e784d5c55c7,COLLECTION_CONVERSION_DISBURSEMENT,COMPLETED,481.4,USD,2310720.0,UGX,4800.0,483.9,bff9507d-cd14-a03e-8359-9af65d01f55f,07f8d4f0-f3ea-0184-28f4-e3ceadedda80,,2026-08-24 15:10:59,2026-08-26 04:16:59,2026-08-25 15:10:59,,GOODS_PURCHASE,,,"{""original"": {""source_amount"": {""amount"": 483.9}}, ""fees"": [{""definition"": {""label"": ""Transfer fee"", ""kind"": ""FIXED""}}]}",{},Transfer fee,FIXED,INSERT,1018,2026-09-07 11:41:00
7a3a6e96-23ff-23d3-fb4f-b88a2f4dd219,3eae0032-0bd4-a990-0640-be0f25b8fd4b,664fa663-7e8f-8095-624c-69b6b24445a7,CONVERSION_DISBURSEMENT,COMPLETED,608.95,EUR,110524.43,KES,181.5,611.45,beed10b6-4f6e-274b-deda-b0276550f74a,c77444cb-5543-fc3c-38b8-f24e56ea57b3,,2026-07-28 17:03:24,2026-07-29 20:25:24,2026-07-29 17:03:24,,BILLS_PAYMENT,,,"{""original"": {""source_amount"": {""amount"": 611.45}}, ""fees"": [{""definition"": {""label"": ""Transfer fee"", ""kind"": ""FIXED""}}]}",{},Transfer fee,FIXED,INSERT,1019,2026-09-07 11:59:00
b41c504f-e346-f415-e526-7a2bec50ace4,35a240ae-5af3-0553-5ec4-2e0829a3b2e9,fd5166e6-451b-4cf3-6123-fdf77656af72,COLLECTION_CONVERSION_DISBURSEMENT,COMPLETED,623.74,USD,1185106.0,NGN,1900.0,626.24,c9776598-203c-8c25-fd23-5def3e5a87e3,d46ef104-1190-6f50-3488-5a4690882eaf,,2026-08-01 06:05:00,2026-08-02 09:46:00,2026-08-02 06:05:00,,BILLS_PAYMENT,,,"{""original"": {""source_amount"": {""amount"": 626.24}}, ""fees"": [{""definition"": {""label"": ""Transfer fee"", ""kind"": ""FIXED""}}]}",{},Transfer fee,FIXED,INSERT,1020,2026-09-07 11:50:00
0fcf601f-1cb9-b73a-906d-5c8cead08c89,7bf47042-bd15-31c8-3764-fbda3108d448,4d6168bd-2def-e193-5c62-b3a23a3c563e,CONVERSION_DISBURSEMENT,COMPLETED,338.37,USD,1624176.0,UGX,4800.0,340.87,5cd33369-04aa-c1b7-5ca0-c428822c4d32,36d55494-f37f-d50d-2e25-b5ee4f11d8dc,,2026-08-19 03:21:58,2026-08-21 03:24:58,2026-08-20 03:21:58,,GOODS_PURCHASE,,,"{""original"": {""source_amount"": {""amount"": 340.87}}, ""fees"": [{""definition"": {""label"": ""Transfer fee"", ""kind"": ""FIXED""}}]}",{},Transfer fee,FIXED,INSERT,1021,2026-09-07 11:59:00
ac3a812f-765e-6cb5-8f0d-55400ec7d662,f84f16b3-a79f-bfaf-def5-768968f45bce,da330aa1-541c-dfcd-da0d-4a5f148f8b74,COLLECTION_CONVERSION_DISBURSEMENT,COMPLETED,421.98,EUR,2228054.4,UGX,5280.0,424.48,a2bb522b-0b25-1279-785a-c5d0df92a621,40ef3935-5f90-bed6-fb25-664d630aa767,,2026-08-18 09:58:37,2026-08-19 14:20:37,2026-08-19 09:58:37,,BILLS_PAYMENT,,,"{""original"": {""source_amount"": {""amount"": 424.48}}, ""fees"": [{""definition"": {""label"": ""Transfer fee"", ""kind"": ""FIXED""}}]}",{},Transfer fee,FIXED,INSERT,1022,2026-09-07 11:39:00
dfe2c0a0-a96b-3c42-f6d2-2a7baec76a82,d0e6e660-7c69-dee1-bb5e-4bcf15ed6269,f6e07cc0-6c52-c49f-9b49-bd26df57c59a,COLLECTION_CONVERSION_DISBURSEMENT,COMPLETED,350.57,GBP,75197.26,KES,214.5,353.07,5cae9610-c72c-1fe3-72c2-2a1679eb4168,73b6a09b-1bea-f6ac-97fa-7f0483639007,,2026-08-15 06:35:01,2026-08-16 08:22:01,2026-08-16 06:35:01,,GOODS_PURCHASE,,,"{""original"": {""source_amount"": {""amount"": 353.07}}, ""fees"": [{""definition"": {""label"": ""Transfer fee"", ""kind"": ""FIXED""}}]}",{},Transfer fee,FIXED,INSERT,1023,2026-09-07 11:34:00
b40a9181-ac09-bdb7-9908-6e477249f62c,89e06ab3-7250-ee18-260a-5962dd81b7f5,9261549d-3d22-5c30-b28f-41defb140bc3,COLLECTION_CONVERSION_DISBURSEMENT,COMPLETED,542.67,USD,1790811.0,TZS,3300.0,545.17,9d642932-0066-853d-6de2-99a14a90cd0c,6aa42c9f-9217-0475-3d95-9e3f5a5226e6,,2026-07-27 18:23:58,2026-07-28 01:17:58,2026-07-28 18:23:58,,REMITTANCE,,,"{""original"": {""source_amount"": {""amount"": 545.17}}, ""fees"": [{""definition"": {""label"": ""Transfer fee"", ""kind"": ""FIXED""}}]}",{},Transfer fee,FIXED,INSERT,1024,2026-09-07 11:32:00
e95d2761-bc36-dc59-e134-edfc97777f10,ca8f3653-c9af-18f8-43b9-da13ec856f37,cae9b4a7-2a79-ea68-0f44-704f1247ea4e,COLLECTION_CONVERSION_DISBURSEMENT,COMPLETED,509.91,EUR,2692324.8,UGX,5280.0,512.41,61c2645a-c733-2304-4822-3120c4f9eccd,f75d599f-6b2d-5b09-8707-9ad480be7e35,,2026-08-06 20:34:39,2026-08-07 00:44:39,2026-08-07 20:34:39,,REMITTANCE,,,"{""original"": {""source_amount"": {""amount"": 512.4100000000001}}, ""fees"": [{""definition"": {""label"": ""Transfer fee"", ""kind"": ""FIXED""}}]}",{},Transfer fee,FIXED,INSERT,1025,2026-09-07 11:41:00
636f6e5c-2253-e706-87ad-8b268eaa5841,292bd156-db94-6570-1ac7-0ec0ab8ddeb4,50843242-168b-1625-746f-78910964fbbf,COLLECTION_CONVERSION_DISBURSEMENT,COMPLETED,871.65,USD,1656135.0,NGN,1900.0,874.15,ee4a9b5d-5195-54e3-0737-4c86397b5f51,a663d2cd-b6f6-dbf1-d6d4-41cc195d82f8,,2026-08-20 19:13:37,2026-08-21 23:24:37,2026-08-21 19:13:37,,REMITTANCE,,,"{""original"": {""source_amount"": {""amount"": 874.15}}, ""fees"": [{""definition"": {""label"": ""Transfer fee"", ""kind"": ""FIXED""}}]}",{},Transfer fee,FIXED,INSERT,1026,2026-09-07 11:59:00
3e1a963e-ea18-d32c-7a9a-8ef5c11bd1c4,1d870966-0710-d430-f071-d87954c63cd8,587ef344-6f3f-920c-98b8-e4cc1bc044fc,COLLECTION_CONVERSION_DISBURSEMENT,COMPLETED,677.25,USD,2234925.0,TZS,3300.0,679.75,4169b9fc-c3a0-0c6f-2321-d1e1c47104c0,01fa964e-1eb7-4b56-53ff-d3a24a193501,,2026-08-02 17:23:37,2026-08-03 01:24:37,2026-08-03 17:23:37,,GOODS_PURCHASE,,,"{""original"": {""source_amount"": {""amount"": 679.75}}, ""fees"": [{""definition"": {""label"": ""Transfer fee"", ""kind"": ""FIXED""}}]}",{},Transfer fee,FIXED,INSERT,1027,2026-09-07 11:30:00
255b30e2-bdc2-b74b-38a5-6b49dd34aa18,25074181-8d1f-b540-74ef-f5453e652603,81fb18b3-c9a7-d91f-ef2a-e71357021049,COLLECTION_CONVERSION_DISBURSEMENT,COMPLETED,60.23,USD,289104.0,UGX,4800.0,62.73,e7b7b4c6-d631-2a80-1c61-2ec210142131,04351b64-893a-d232-98c3-e3ca7ff4cec6,,2026-08-08 16:34:50,2026-08-09 20:50:50,2026-08-09 16:34:50,,REMITTANCE,,,"{""original"": {""source_amount"": {""amount"": 62.73}}, ""fees"": [{""definition"": {""label"": ""Transfer fee"", ""kind"": ""FIXED""}}]}",{},Transfer fee,FIXED,INSERT,1028,2026-09-07 11:45:00
2f1dc121-7d02-4c6d-8bea-75c1b86677aa,300568d2-0de0-51a6-69ca-97d2764414fd,49bc473f-ed7b-f656-218a-15368c99a894,COLLECTION_CONVERSION_DISBURSEMENT,COMPLETED,168.95,EUR,613288.5,TZS,3630.0,171.45,72d78bdd-7817-99ff-b49e-04ccc24369e7,144823f7-e7e6-46c7-0158-24639d8776a0,,2026-08-29 01:44:29,2026-08-30 01:47:29,2026-08-30 01:44:29,,GOODS_PURCHASE,,,"{""original"": {""source_amount"": {""amount"": 171.45}}, ""fees"": [{""definition"": {""label"": ""Transfer fee"", ""kind"": ""FIXED""}}]}",{},Transfer fee,FIXED,INSERT,1029,2026-09-07 11:50:00
8787ea21-0448-2a22-0308-aa5e694d7b00,35a240ae-5af3-0553-5ec4-2e0829a3b2e9,fd5166e6-451b-4cf3-6123-fdf77656af72,INCOMING_PEER_TO_PEER,COMPLETED,488.35,USD,927865.0,NGN,1900.0,490.85,,,,2026-07-25 06:19:43,2026-07-25 06:47:43,2026-07-26 06:19:43,,GOODS_PURCHASE,,,"{""original"": {""source_amount"": {""amount"": 490.85}}, ""fees"": [{""definition"": {""label"": ""Transfer fee"", ""kind"": ""FIXED""}}]}",{},Transfer fee,FIXED,INSERT,1030,2026-09-07 11:55:00
2de46e91-e8e6-e840-f090-f5a0ce610199,afffcfd2-341e-f40b-57c7-00aab7b56ea7,c56811cd-5563-f616-00e8-5ece0b49452d,COLLECTION_CONVERSION_DISBURSEMENT,COMPLETED,613.15,EUR,3237432.0,UGX,5280.0,615.65,a2178f84-bdb0-25ff-2451-e5a411d059b2,bf012e32-177d-6e7e-07d9-24cef8c88fae,,2026-09-01 23:23:48,2026-09-03 23:02:48,2026-09-02 23:23:48,,REMITTANCE,,,"{""original"": {""source_amount"": {""amount"": 615.65}}, ""fees"": [{""definition"": {""label"": ""Transfer fee"", ""kind"": ""FIXED""}}]}",{},Transfer fee,FIXED,INSERT,1031,2026-09-07 11:33:00
b3eda8f1-026b-5383-a301-ec030e5d8c6a,a021c0ca-3531-968d-c342-bd2bf295456e,4a8ff810-784c-2f29-9804-02a2b07aa066,COLLECTION_CONVERSION_DISBURSEMENT,COMPLETED,506.38,USD,962122.0,NGN,1900.0,508.88,72ecf16e-c8a7-23e9-bfa0-16c2c09cb506,4f3949a8-3d3a-2582-88b4-f4743be79df4,,2026-08-11 21:52:28,2026-08-12 23:37:28,2026-08-12 21:52:28,,REMITTANCE,,,"{""original"": {""source_amount"": {""amount"": 508.88}}, ""fees"": [{""definition"": {""label"": ""Transfer fee"", ""kind"": ""FIXED""}}]}",{},Transfer fee,FIXED,INSERT,1032,2026-09-07 11:47:00
ad5229dd-639f-c471-d975-0f00d5aba8ae,5f987c71-a65e-688e-abf3-ad39fec21bbe,b535106e-122c-9a56-01d7-425638602ab6,COLLECTION_CONVERSION_DISBURSEMENT,COMPLETED,231.62,EUR,42039.03,KES,181.5,234.12,ddf275eb-e8a3-f341-c881-9065ba2c98ce,75424646-4d37-a539-857d-d3b3a8addf36,,2026-08-01 09:16:05,2026-08-02 23:46:05,2026-08-02 09:16:05,,GOODS_PURCHASE,,,"{""original"": {""source_amount"": {""amount"": 234.12}}, ""fees"": [{""definition"": {""label"": ""Transfer fee"", ""kind"": ""FIXED""}}]}",{},Transfer fee,FIXED,INSERT,1033,2026-09-07 11:58:00
614c721d-a921-cb4c-95fb-e976ae007b7e,36c59dac-b4d7-e28e-271e-3ee2b1a6b1f1,63b4c08b-6b8e-869f-d538-5b0e34f3193c,COLLECTION_CONVERSION_DISBURSEMENT,COMPLETED,400.03,GBP,1716128.7,TZS,4290.0,402.53,7e7e7419-a0c1-4035-c5d9-5f51f387e1bd,c2874f06-9050-f7ef-c123-5c9176c5a0dc,,2026-08-20 08:20:08,2026-08-21 09:58:08,2026-08-21 08:20:08,,REMITTANCE,,,"{""original"": {""source_amount"": {""amount"": 402.53}}, ""fees"": [{""definition"": {""label"": ""Transfer fee"", ""kind"": ""FIXED""}}]}",{},Transfer fee,FIXED,INSERT,1034,2026-09-07 11:31:00
16f142a2-06b9-19aa-1a71-67c768759545,d0e6e660-7c69-dee1-bb5e-4bcf15ed6269,f6e07cc0-6c52-c49f-9b49-bd26df57c59a,COLLECTION_CONVERSION_DISBURSEMENT,COMPLETED,508.17,GBP,109002.46,KES,214.5,510.67,5cae9610-c72c-1fe3-72c2-2a1679eb4168,73b6a09b-1bea-f6ac-97fa-7f0483639007,,2026-08-15 06:56:26,2026-08-16 20:58:26,2026-08-16 06:56:26,,BILLS_PAYMENT,,,"{""original"": {""source_amount"": {""amount"": 510.67}}, ""fees"": [{""definition"": {""label"": ""Transfer fee"", ""kind"": ""FIXED""}}]}",{},Transfer fee,FIXED,INSERT,1035,2026-09-07 11:42:00
13b11e59-c85c-d714-7bf6-95524cbc9044,afffcfd2-341e-f40b-57c7-00aab7b56ea7,c56811cd-5563-f616-00e8-5ece0b49452d,COLLECTION_CONVERSION_DISBURSEMENT,COMPLETED,262.85,EUR,1387848.0,UGX,5280.0,265.35,a2178f84-bdb0-25ff-2451-e5a411d059b2,bf012e32-177d-6e7e-07d9-24cef8c88fae,,2026-08-01 14:48:38,2026-08-02 20:29:38,2026-08-02 14:48:38,,BILLS_PAYMENT,,,"{""original"": {""source_amount"": {""amount"": 265.35}}, ""fees"": [{""definition"": {""label"": ""Transfer fee"", ""kind"": ""FIXED""}}]}",{},Transfer fee,FIXED,INSERT,1036,2026-09-07 11:30:00
65f30779-f6ee-5cdb-2d79-a2d1506e50c7,da743152-627b-41a1-ffd6-f23232ffe294,d47d577b-fa5a-91ca-059d-d55d4b943e30,COLLECTION_CONVERSION_DISBURSEMENT,COMPLETED,196.75,EUR,411207.5,NGN,2090.0,199.25,0c3ce284-c7e5-3bbb-dcb5-1c535b62a8df,45f18619-54f9-0429-a7de-02ccdda4f4a7,,2026-08-22 18:47:31,2026-08-24 18:15:31,2026-08-23 18:47:31,,BILLS_PAYMENT,,,"{""original"": {""source_amount"": {""amount"": 199.25}}, ""fees"": [{""definition"": {""label"": ""Transfer fee"", ""kind"": ""FIXED""}}]}",{},Transfer fee,FIXED,INSERT,1037,2026-09-07 11:43:00
3df51967-4d86-70bd-a222-4f9623a13e20,f84f16b3-a79f-bfaf-def5-768968f45bce,da330aa1-541c-dfcd-da0d-4a5f148f8b74,COLLECTION,COMPLETED,612.22,EUR,3232521.6,UGX,5280.0,614.72,,,,2026-09-02 06:09:50,2026-09-03 10:05:50,2026-09-03 06:09:50,,BILLS_PAYMENT,,,"{""original"": {""source_amount"": {""amount"": 614.72}}, ""fees"": [{""definition"": {""label"": ""Transfer fee"", ""kind"": ""FIXED""}}]}",{},Transfer fee,FIXED,INSERT,1038,2026-09-07 11:58:00
8b2c550a-6b15-c11b-b113-d50bdea050c6,7bf47042-bd15-31c8-3764-fbda3108d448,4d6168bd-2def-e193-5c62-b3a23a3c563e,DISBURSEMENT,COMPLETED,832.68,USD,3996864.0,UGX,4800.0,835.18,5cd33369-04aa-c1b7-5ca0-c428822c4d32,36d55494-f37f-d50d-2e25-b5ee4f11d8dc,,2026-08-19 10:34:59,2026-08-20 21:10:59,2026-08-20 10:34:59,,REMITTANCE,,,"{""original"": {""source_amount"": {""amount"": 835.18}}, ""fees"": [{""definition"": {""label"": ""Transfer fee"", ""kind"": ""FIXED""}}]}",{},Transfer fee,FIXED,INSERT,1039,2026-09-07 11:49:00
82bbad84-38d5-101f-423c-ad9d193e4783,a021c0ca-3531-968d-c342-bd2bf295456e,4a8ff810-784c-2f29-9804-02a2b07aa066,CONVERSION,COMPLETED,113.23,USD,543504.0,UGX,4800.0,115.73,,,,2026-09-01 03:40:35,2026-09-02 09:04:35,2026-09-02 03:40:35,,GOODS_PURCHASE,,,"{""original"": {""source_amount"": {""amount"": 115.73}}, ""fees"": [{""definition"": {""label"": ""Transfer fee"", ""kind"": ""FIXED""}}]}",{},Transfer fee,FIXED,INSERT,1040,2026-09-07 11:39:00
2697384d-801e-8690-b0c0-7fcc96add4df,f54ad0a2-e874-66d7-ad66-a1bd93676a02,d9acd158-4d34-85c5-c5c1-4eb4b27b3d90,COLLECTION_CONVERSION_DISBURSEMENT,COMPLETED,699.66,USD,115443.9,KES,165.0,702.16,fdb1429e-7010-ed13-b526-b22d3f6c21f7,9c1c3517-85d2-d0a6-8629-5b5d707df251,,2026-08-12 11:42:15,2026-08-13 19:19:15,2026-08-13 11:42:15,,BILLS_PAYMENT,,,"{""original"": {""source_amount"": {""amount"": 702.16}}, ""fees"": [{""definition"": {""label"": ""Transfer fee"", ""kind"": ""FIXED""}}]}",{},Transfer fee,FIXED,INSERT,1041,2026-09-07 11:59:00
57d3f4dd-d963-dc72-05c8-234b1d763a66,9384ec2b-44fe-acae-d248-a9a7ac1aa554,6f962882-95d8-2980-ff37-d19c2e76128b,COLLECTION_CONVERSION_DISBURSEMENT,COMPLETED,732.96,EUR,133032.24,KES,181.5,735.46,808389c8-657e-01c9-0da2-3e5c6a36af18,fe9936a3-62db-c850-3c5b-f3a75fbbf0b1,,2026-08-08 01:49:58,2026-08-08 04:53:58,2026-08-09 01:49:58,,GOODS_PURCHASE,,,"{""original"": {""source_amount"": {""amount"": 735.46}}, ""fees"": [{""definition"": {""label"": ""Transfer fee"", ""kind"": ""FIXED""}}]}",{},Transfer fee,FIXED,INSERT,1042,2026-09-07 11:57:00
c0986750-4741-9b48-34ae-4abd36fce0ac,e776b886-d534-ee1d-7f29-84f5bec39a37,a5769411-a0a1-1839-e745-770418dfbc3c,COLLECTION_CONVERSION_DISBURSEMENT,FAILED,23.92,EUR,49992.8,NGN,2090.0,26.42,be4969ec-6667-d3bb-e3b5-63606fdc0bad,62fb26d7-f4db-ca07-e506-f6707092947d,,2026-08-14 08:27:55,2026-08-15 11:00:55,2026-08-15 08:27:55,,GOODS_PURCHASE,,,"{""original"": {""source_amount"": {""amount"": 26.42}}, ""fees"": [{""definition"": {""label"": ""Transfer fee"", ""kind"": ""FIXED""}}]}",{},Transfer fee,FIXED,INSERT,1043,2026-09-07 11:44:00
eb2ec80e-4c25-5823-ccf4-ffb0b4bba73f,e9a1fa6f-81f7-6d1c-2dbc-2134c30ff46e,1ca35cfb-04fc-6d82-7d15-438552fbe43b,COLLECTION_CONVERSION_DISBURSEMENT,COMPLETED,736.09,EUR,1538428.1,NGN,2090.0,738.59,0d6a05b3-43ef-2016-2c9b-662e040a3aae,86ad8a8c-6bc4-123e-bde1-3c1b20733f6d,,2026-08-23 11:16:46,2026-08-23 23:03:46,2026-08-24 11:16:46,,GOODS_PURCHASE,,,"{""original"": {""source_amount"": {""amount"": 738.59}}, ""fees"": [{""definition"": {""label"": ""Transfer fee"", ""kind"": ""FIXED""}}]}",{},Transfer fee,FIXED,INSERT,1044,2026-09-07 11:56:00
9e91a71c-7374-ccbf-d78c-57d3508850d3,a021c0ca-3531-968d-c342-bd2bf295456e,4a8ff810-784c-2f29-9804-02a2b07aa066,DISBURSEMENT,COMPLETED,143.46,USD,272574.0,NGN,1900.0,145.96,72ecf16e-c8a7-23e9-bfa0-16c2c09cb506,4f3949a8-3d3a-2582-88b4-f4743be79df4,,2026-08-17 06:28:27,2026-08-18 02:12:27,2026-08-18 06:28:27,,REMITTANCE,,,"{""original"": {""source_amount"": {""amount"": 145.96}}, ""fees"": [{""definition"": {""label"": ""Transfer fee"", ""kind"": ""FIXED""}}]}",{},Transfer fee,FIXED,INSERT,1045,2026-09-07 11:33:00
085eb489-4ac6-6780-3874-9f3cc2d49b56,6e417d47-5ff5-95ea-5bc4-40f14b1a269b,deef580f-9c07-a751-1437-45092cd1586a,CONVERSION_DISBURSEMENT,COMPLETED,47.16,GBP,294278.4,UGX,6240.0,49.66,a1b970d0-7a81-04de-b205-07bbfb16f757,10275b53-2285-b2ef-cfbe-4fe92ea9c542,,2026-07-28 12:19:05,2026-07-30 02:55:05,2026-07-29 12:19:05,,BILLS_PAYMENT,,,"{""original"": {""source_amount"": {""amount"": 49.66}}, ""fees"": [{""definition"": {""label"": ""Transfer fee"", ""kind"": ""FIXED""}}]}",{},Transfer fee,FIXED,INSERT,1046,2026-09-07 11:34:00
d47f83b1-bc69-c155-1a37-f6bd6cd6f011,8dedf9fb-4bb0-0f20-b27c-40266703b636,8c459ce2-67f4-8ad5-4d0b-0d1a91b0e1d9,INCOMING_COLLECTION,DISBURSEMENT_IN_PROGRESS,212.32,EUR,443748.8,NGN,2090.0,214.82,,,,2026-08-14 22:13:45,2026-08-16 11:31:45,2026-08-15 22:13:45,,GOODS_PURCHASE,,,"{""original"": {""source_amount"": {""amount"": 214.82}}, ""fees"": [{""definition"": {""label"": ""Transfer fee"", ""kind"": ""FIXED""}}]}",{},Transfer fee,FIXED,INSERT,1047,2026-09-07 11:46:00
59c2f153-b06b-0f0c-9682-2e22bcd4344f,6fa17735-b572-f3d0-0b5c-ea6a41357e8c,505cc686-9f87-1ce7-5487-fd4febb7a385,COLLECTION_CONVERSION_DISBURSEMENT,COMPLETED,204.69,EUR,1080763.2,UGX,5280.0,207.19,88575117-6155-4667-2112-507c2cfa55b0,8f0881ee-8011-316b-3ae8-8926b423ccde,,2026-08-31 03:40:34,2026-08-31 19:51:34,2026-09-01 03:40:34,,GOODS_PURCHASE,,,"{""original"": {""source_amount"": {""amount"": 207.19}}, ""fees"": [{""definition"": {""label"": ""Transfer fee"", ""kind"": ""FIXED""}}]}",{},Transfer fee,FIXED,INSERT,1048,2026-09-07 11:36:00
a7e8d18e-ddf6-d4ac-46fe-acd4fe1393cd,1d48a071-ab61-a7b1-793b-4c3220500494,bf780e3f-f6b7-51f7-9b74-92459b1bc895,COLLECTION_CONVERSION_DISBURSEMENT,ON_HOLD,828.52,GBP,3554350.8,TZS,4290.0,831.02,80599b93-79c2-d2e4-9ae1-a991524f93ff,73557b9d-0fd6-f47e-f52d-4af2269ed4c9,,2026-08-31 15:23:47,2026-09-01 19:29:47,2026-09-01 15:23:47,,REMITTANCE,,,"{""original"": {""source_amount"": {""amount"": 831.02}}, ""fees"": [{""definition"": {""label"": ""Transfer fee"", ""kind"": ""FIXED""}}]}",{},Transfer fee,FIXED,INSERT,1049,2026-09-07 11:50:00
7cf07bb3-f343-d9eb-7466-ef025e7b72c8,6dadd6c7-95a7-6d79-bf3c-4c06434308bc,a0a04dc4-2720-9bdf-1c11-f735dc713d96,CONVERSION_DISBURSEMENT,ON_HOLD,843.98,GBP,2084630.6,NGN,2470.0,846.48,fcce96f6-250a-4578-fbe9-4499dbc080fd,cc6b66e5-402a-df9c-8a4b-8f7c21472a15,,2026-08-07 00:09:23,2026-08-08 23:35:23,2026-08-08 00:09:23,,BILLS_PAYMENT,,,"{""original"": {""source_amount"": {""amount"": 846.48}}, ""fees"": [{""definition"": {""label"": ""Transfer fee"", ""kind"": ""FIXED""}}]}",{},Transfer fee,FIXED,INSERT,1050,2026-09-07 11:51:00
da385db5-90ee-b067-216e-9fe593f37596,a193c4b2-3c19-e71d-1184-05ad9e11d2cd,df615a5c-b432-3070-a23d-4c2fc2a79689,CONVERSION_DISBURSEMENT,COMPLETED,317.22,EUR,662989.8,NGN,2090.0,319.72,3dba6da8-5844-f9fc-114b-9547c9dc72b8,1a89b71e-a0d5-72c8-a837-fe68bba205ca,,2026-08-09 04:09:54,2026-08-09 23:31:54,2026-08-10 04:09:54,,BILLS_PAYMENT,,,"{""original"": {""source_amount"": {""amount"": 319.72}}, ""fees"": [{""definition"": {""label"": ""Transfer fee"", ""kind"": ""FIXED""}}]}",{},Transfer fee,FIXED,INSERT,1051,2026-09-07 11:49:00
462623be-e068-8849-eec7-1a30dfda35b2,3f4b1a70-c074-718e-425a-609f7337c599,3c07c574-4925-7af1-b6aa-e05b13d5f2f7,COLLECTION,COMPLETED,285.64,USD,542716.0,NGN,1900.0,288.14,,,,2026-09-05 07:46:35,2026-09-07 04:09:35,2026-09-06 07:46:35,,REMITTANCE,,,"{""original"": {""source_amount"": {""amount"": 288.14}}, ""fees"": [{""definition"": {""label"": ""Transfer fee"", ""kind"": ""FIXED""}}]}",{},Transfer fee,FIXED,INSERT,1052,2026-09-07 11:35:00
1758d47e-a7cd-e143-6de2-14293bf0d9c1,8a0b3c33-36d8-393a-7c44-1fe7ab4220a7,6e595ed3-a8b3-17fa-18d0-752b1825bc54,COLLECTION_CONVERSION_DISBURSEMENT,CANCELLED,635.51,USD,104859.15,KES,165.0,638.01,66d06371-d8e8-8ebb-7a9e-8eefffa361be,7d824264-1ba3-62e7-afa4-15e56d204496,,2026-08-08 07:56:38,2026-08-10 09:30:38,2026-08-09 07:56:38,,GOODS_PURCHASE,,,"{""original"": {""source_amount"": {""amount"": 638.01}}, ""fees"": [{""definition"": {""label"": ""Transfer fee"", ""kind"": ""FIXED""}}]}",{},Transfer fee,FIXED,INSERT,1053,2026-09-07 11:48:00
dfdf0e05-c0ce-f31b-d038-e153c601818b,300568d2-0de0-51a6-69ca-97d2764414fd,49bc473f-ed7b-f656-218a-15368c99a894,COLLECTION_CONVERSION_DISBURSEMENT,COMPLETED,140.67,EUR,510632.1,TZS,3630.0,143.17,eada79a3-4970-ed9a-09ce-3cfb2339ba19,d4c3a832-b231-c60b-78f2-ce6bd46b415d,,2026-08-11 08:14:25,2026-08-12 04:40:25,2026-08-12 08:14:25,,REMITTANCE,,,"{""original"": {""source_amount"": {""amount"": 143.17}}, ""fees"": [{""definition"": {""label"": ""Transfer fee"", ""kind"": ""FIXED""}}]}",{},Transfer fee,FIXED,INSERT,1054,2026-09-07 11:47:00
3f6eed9d-23cb-e943-ca84-000350834fef,25074181-8d1f-b540-74ef-f5453e652603,81fb18b3-c9a7-d91f-ef2a-e71357021049,OUTGOING_PEER_TO_PEER,DISBURSEMENT_IN_PROGRESS,867.66,USD,143163.9,KES,165.0,870.16,,,,2026-08-12 03:25:46,2026-08-13 03:25:46,2026-08-13 03:25:46,,BILLS_PAYMENT,,,"{""original"": {""source_amount"": {""amount"": 870.16}}, ""fees"": [{""definition"": {""label"": ""Transfer fee"", ""kind"": ""FIXED""}}]}",{},Transfer fee,FIXED,INSERT,1055,2026-09-07 11:57:00
b0c30a59-f0f7-ad22-c76a-8e0f48f091f0,a021c0ca-3531-968d-c342-bd2bf295456e,4a8ff810-784c-2f29-9804-02a2b07aa066,COLLECTION_CONVERSION_DISBURSEMENT,FAILED,654.64,USD,1243816.0,NGN,1900.0,657.14,72ecf16e-c8a7-23e9-bfa0-16c2c09cb506,4f3949a8-3d3a-2582-88b4-f4743be79df4,,2026-08-22 16:12:52,2026-08-24 09:10:52,2026-08-23 16:12:52,,REMITTANCE,,,"{""original"": {""source_amount"": {""amount"": 657.14}}, ""fees"": [{""definition"": {""label"": ""Transfer fee"", ""kind"": ""FIXED""}}]}",{},Transfer fee,FIXED,INSERT,1056,2026-09-07 11:42:00
8bde005b-5d8b-abd7-6bbd-b66f91816091,ce177b4e-0837-b8a3-d261-a7ab3aa2e4f9,e27a984d-6548-21d0-7fcd-9eb1a7cad415,COLLECTION_CONVERSION_DISBURSEMENT,COMPLETED,777.52,EUR,2822397.6,TZS,3630.0,780.02,541c7a86-3ba5-cd2f-dea4-5c19d0243d72,e68933a9-c9e4-8e8c-25c6-1c45c63d04ee,,2026-07-30 21:46:16,2026-08-01 00:11:16,2026-07-31 21:46:16,,GOODS_PURCHASE,,,"{""original"": {""source_amount"": {""amount"": 780.02}}, ""fees"": [{""definition"": {""label"": ""Transfer fee"", ""kind"": ""FIXED""}}]}",{},Transfer fee,FIXED,INSERT,1057,2026-09-07 11:35:00
27c6cbb1-cedd-069d-f96c-9a0a3404c02a,575aed2c-a5c5-650c-8186-a57611a72609,bbda0242-2d17-4fc9-6f7c-15ea272a6d8e,COLLECTION_CONVERSION_DISBURSEMENT,COMPLETED,469.95,GBP,1160776.5,NGN,2470.0,472.45,632dbb5e-486b-b6bf-eafd-e7d95f733a3e,adcc3daf-569f-3ab3-c643-530068a51c68,,2026-08-08 13:04:03,2026-08-08 18:28:03,2026-08-09 13:04:03,,GOODS_PURCHASE,,,"{""original"": {""source_amount"": {""amount"": 472.45}}, ""fees"": [{""definition"": {""label"": ""Transfer fee"", ""kind"": ""FIXED""}}]}",{},Transfer fee,FIXED,INSERT,1058,2026-09-07 11:49:00
58c1aad6-f3f8-dea4-7f14-eafa29f0ef7c,ca8f3653-c9af-18f8-43b9-da13ec856f37,cae9b4a7-2a79-ea68-0f44-704f1247ea4e,COLLECTION_CONVERSION_DISBURSEMENT,COMPLETED,637.32,EUR,3365049.6,UGX,5280.0,639.82,61c2645a-c733-2304-4822-3120c4f9eccd,f75d599f-6b2d-5b09-8707-9ad480be7e35,,2026-08-27 20:45:50,2026-08-28 06:08:50,2026-08-28 20:45:50,,GOODS_PURCHASE,,,"{""original"": {""source_amount"": {""amount"": 639.82}}, ""fees"": [{""definition"": {""label"": ""Transfer fee"", ""kind"": ""FIXED""}}]}",{},Transfer fee,FIXED,INSERT,1059,2026-09-07 11:44:00
0bc57207-3e9a-ec86-0325-4fbddce8e1c5,bf5ae7e6-53a3-dd5a-4b8c-5bdce8dd5e5a,d499da99-45c4-5a3e-e9da-484a80759f1f,COLLECTION_CONVERSION_DISBURSEMENT,DISBURSEMENT_IN_PROGRESS,58.75,EUR,213262.5,TZS,3630.0,61.25,5e0a72ab-7f5d-b163-b12b-66807f072cb9,4447ceab-84ef-4324-cc1b-4157ec9f9c54,,2026-08-18 04:49:26,2026-08-18 05:00:26,2026-08-19 04:49:26,,BILLS_PAYMENT,,,"{""original"": {""source_amount"": {""amount"": 61.25}}, ""fees"": [{""definition"": {""label"": ""Transfer fee"", ""kind"": ""FIXED""}}]}",{},Transfer fee,FIXED,INSERT,1060,2026-09-07 11:40:00
e0827f76-11a5-29b4-66a3-02d6f43e8c48,e9a1fa6f-81f7-6d1c-2dbc-2134c30ff46e,1ca35cfb-04fc-6d82-7d15-438552fbe43b,COLLECTION_CONVERSION_DISBURSEMENT,COMPLETED,883.64,EUR,1846807.6,NGN,2090.0,886.14,0d6a05b3-43ef-2016-2c9b-662e040a3aae,86ad8a8c-6bc4-123e-bde1-3c1b20733f6d,,2026-09-01 13:07:18,2026-09-03 00:20:18,2026-09-02 13:07:18,,BILLS_PAYMENT,,,"{""original"": {""source_amount"": {""amount"": 886.14}}, ""fees"": [{""definition"": {""label"": ""Transfer fee"", ""kind"": ""FIXED""}}]}",{},Transfer fee,FIXED,INSERT,1061,2026-09-07 11:58:00
b186a5a8-d6ee-526b-a2cd-159058af393c,cada4f80-a9e7-82d4-fd08-b32c62d60e93,dea4ae17-54fd-9ad3-9716-108ef72169bb,COLLECTION_CONVERSION_DISBURSEMENT,COMPLETED,225.04,GBP,48271.08,KES,214.5,227.54,11536e99-5c50-8720-f982-f4e08603156a,81e03a5e-8b48-f496-86ab-d4e7f4124360,,2026-08-13 09:43:36,2026-08-13 11:21:36,2026-08-14 09:43:36,,REMITTANCE,,,"{""original"": {""source_amount"": {""amount"": 227.54}}, ""fees"": [{""definition"": {""label"": ""Transfer fee"", ""kind"": ""FIXED""}}]}",{},Transfer fee,FIXED,INSERT,1062,2026-09-07 11:47:00
4aab47b2-3c9d-128a-2176-1930f6d70248,90164161-cfa7-01cd-2631-d00b26d794d3,715629ee-e893-be3d-7354-ea6f61607459,COLLECTION_CONVERSION_DISBURSEMENT,FAILED,402.78,USD,1329174.0,TZS,3300.0,405.28,692e07b6-0b2f-6d5c-700b-5d5fb89f72f3,3ccec76c-b836-c448-ad26-1ec55d42b9e9,,2026-08-21 01:33:32,2026-08-21 05:49:32,2026-08-22 01:33:32,,BILLS_PAYMENT,,,"{""original"": {""source_amount"": {""amount"": 405.28}}, ""fees"": [{""definition"": {""label"": ""Transfer fee"", ""kind"": ""FIXED""}}]}",{},Transfer fee,FIXED,INSERT,1063,2026-09-07 11:50:00
1eb2a7b8-da3c-45ca-43d7-8f2b769de1e3,3fcb7546-8eb2-2579-0cdb-1ca476ecbdd6,e45b712e-b822-5688-d0a4-44329cd6c852,CONVERSION_DISBURSEMENT,COMPLETED,417.69,GBP,89594.51,KES,214.5,420.19,87d5b7be-1d30-d990-a21b-030782af085c,c6b6e4ad-e7ea-8d5a-31a3-ac4d828c37e7,,2026-08-30 21:30:26,2026-08-31 11:41:26,2026-08-31 21:30:26,,REMITTANCE,,,"{""original"": {""source_amount"": {""amount"": 420.19}}, ""fees"": [{""definition"": {""label"": ""Transfer fee"", ""kind"": ""FIXED""}}]}",{},Transfer fee,FIXED,INSERT,1064,2026-09-07 11:37:00
3ff6579e-8cd4-b90a-bf82-11bc8e52fc42,35a240ae-5af3-0553-5ec4-2e0829a3b2e9,fd5166e6-451b-4cf3-6123-fdf77656af72,COLLECTION_CONVERSION_DISBURSEMENT,COMPLETED,772.05,USD,1466895.0,NGN,1900.0,774.55,c9776598-203c-8c25-fd23-5def3e5a87e3,d46ef104-1190-6f50-3488-5a4690882eaf,,2026-07-26 00:12:47,2026-07-27 03:49:47,2026-07-27 00:12:47,,REMITTANCE,,,"{""original"": {""source_amount"": {""amount"": 774.55}}, ""fees"": [{""definition"": {""label"": ""Transfer fee"", ""kind"": ""FIXED""}}]}",{},Transfer fee,FIXED,INSERT,1065,2026-09-07 11:45:00
54e07431-cf13-3b65-d450-afa2d8e70aeb,ce177b4e-0837-b8a3-d261-a7ab3aa2e4f9,e27a984d-6548-21d0-7fcd-9eb1a7cad415,INCOMING_PEER_TO_PEER,COMPLETED,100.94,EUR,366412.2,TZS,3630.0,103.44,,,,2026-09-01 18:54:04,2026-09-02 03:42:04,2026-09-02 18:54:04,,REMITTANCE,,,"{""original"": {""source_amount"": {""amount"": 103.44}}, ""fees"": [{""definition"": {""label"": ""Transfer fee"", ""kind"": ""FIXED""}}]}",{},Transfer fee,FIXED,INSERT,1066,2026-09-07 11:44:00
078c26ce-7f02-23bc-651e-a252b9744cde,ec1b8ca1-f91e-1d4c-1ff4-9b7889463e85,4a15544d-c5e7-ce8a-3a57-8a8ea9488d99,COLLECTION_CONVERSION_DISBURSEMENT,COMPLETED,401.18,EUR,2118230.4,UGX,5280.0,403.68,a446be72-364c-911a-a9ab-364a1777e8cb,0577aea9-f899-9246-98de-8ebba3b5cece,,2026-09-07 08:41:29,2026-09-08 23:52:29,2026-09-08 08:41:29,,BILLS_PAYMENT,,,"{""original"": {""source_amount"": {""amount"": 403.68}}, ""fees"": [{""definition"": {""label"": ""Transfer fee"", ""kind"": ""FIXED""}}]}",{},Transfer fee,FIXED,INSERT,1067,2026-09-07 11:32:00
fd498e20-04ff-eab2-cb7b-0b3a8b2d158a,3fcb7546-8eb2-2579-0cdb-1ca476ecbdd6,e45b712e-b822-5688-d0a4-44329cd6c852,INCOMING_PEER_TO_PEER,COMPLETED,894.8,GBP,191934.6,KES,214.5,897.3,,,,2026-08-05 14:16:41,2026-08-07 09:20:41,2026-08-06 14:16:41,,BILLS_PAYMENT,,,"{""original"": {""source_amount"": {""amount"": 897.3}}, ""fees"": [{""definition"": {""label"": ""Transfer fee"", ""kind"": ""FIXED""}}]}",{},Transfer fee,FIXED,INSERT,1068,2026-09-07 11:39:00
636cf499-5254-aad3-809c-d83990ce82e8,cada4f80-a9e7-82d4-fd08-b32c62d60e93,dea4ae17-54fd-9ad3-9716-108ef72169bb,CONVERSION_DISBURSEMENT,COMPLETED,322.75,GBP,69229.88,KES,214.5,325.25,11536e99-5c50-8720-f982-f4e08603156a,81e03a5e-8b48-f496-86ab-d4e7f4124360,,2026-08-31 10:26:16,2026-09-01 19:32:16,2026-09-01 10:26:16,,BILLS_PAYMENT,,,"{""original"": {""source_amount"": {""amount"": 325.25}}, ""fees"": [{""definition"": {""label"": ""Transfer fee"", ""kind"": ""FIXED""}}]}",{},Transfer fee,FIXED,INSERT,1069,2026-09-07 11:30:00
d8b48ead-9360-8edf-382b-5b86f2a32efd,ca8f3653-c9af-18f8-43b9-da13ec856f37,cae9b4a7-2a79-ea68-0f44-704f1247ea4e,COLLECTION_CONVERSION_DISBURSEMENT,COMPLETED,692.36,EUR,3655660.8,UGX,5280.0,694.86,61c2645a-c733-2304-4822-3120c4f9eccd,f75d599f-6b2d-5b09-8707-9ad480be7e35,,2026-09-02 03:02:28,2026-09-02 06:52:28,2026-09-03 03:02:28,,BILLS_PAYMENT,,,"{""original"": {""source_amount"": {""amount"": 694.86}}, ""fees"": [{""definition"": {""label"": ""Transfer fee"", ""kind"": ""FIXED""}}]}",{},Transfer fee,FIXED,INSERT,1070,2026-09-07 11:56:00
86c5547c-051a-0039-3803-dcee9a069295,78660765-14f7-ce8d-d5bc-b8d04094dded,f510ab53-c7fe-e39f-1190-f938a66fd7f7,COLLECTION_CONVERSION_DISBURSEMENT,COMPLETED,69.43,USD,333264.0,UGX,4800.0,71.93,f4488385-8de7-ad6c-9490-77c27674456f,0a8076ec-e558-2e16-bd29-ede9cab4923b,,2026-07-26 08:13:51,2026-07-26 14:23:51,2026-07-27 08:13:51,,BILLS_PAYMENT,,,"{""original"": {""source_amount"": {""amount"": 71.93}}, ""fees"": [{""definition"": {""label"": ""Transfer fee"", ""kind"": ""FIXED""}}]}",{},Transfer fee,FIXED,INSERT,1071,2026-09-07 11:33:00
f2dd9456-bb7b-6c05-2852-2ca2f9d2014a,8dedf9fb-4bb0-0f20-b27c-40266703b636,8c459ce2-67f4-8ad5-4d0b-0d1a91b0e1d9,OUTGOING_PEER_TO_PEER,COMPLETED,303.89,EUR,635130.1,NGN,2090.0,306.39,,,,2026-08-09 20:07:19,2026-08-10 16:44:19,2026-08-10 20:07:19,,BILLS_PAYMENT,,,"{""original"": {""source_amount"": {""amount"": 306.39}}, ""fees"": [{""definition"": {""label"": ""Transfer fee"", ""kind"": ""FIXED""}}]}",{},Transfer fee,FIXED,INSERT,1072,2026-09-07 11:48:00
9d1c0838-edc8-cca8-e3bc-d6f3b18d2c8c,cada4f80-a9e7-82d4-fd08-b32c62d60e93,dea4ae17-54fd-9ad3-9716-108ef72169bb,INCOMING_PEER_TO_PEER,COMPLETED,872.49,GBP,187149.11,KES,214.5,874.99,,,,2026-08-01 22:57:38,2026-08-03 23:14:38,2026-08-02 22:57:38,,BILLS_PAYMENT,,,"{""original"": {""source_amount"": {""amount"": 874.99}}, ""fees"": [{""definition"": {""label"": ""Transfer fee"", ""kind"": ""FIXED""}}]}",{},Transfer fee,FIXED,INSERT,1073,2026-09-07 11:40:00
f2e3c6f0-0075-d3d5-ba94-aa662d7e4a45,675dd5af-3c36-5296-dca0-2eecacdabacc,50fd9d3f-85d5-1695-90b2-b633956b8c0c,COLLECTION_CONVERSION_DISBURSEMENT,COMPLETED,279.18,GBP,59884.11,KES,214.5,281.68,cfd01cbd-5f65-c8ce-bd21-bc11be9d61ee,96229348-0f5a-e9d3-8e6e-5003214f3f12,,2026-08-29 03:09:58,2026-08-31 02:10:58,2026-08-30 03:09:58,,GOODS_PURCHASE,,,"{""original"": {""source_amount"": {""amount"": 281.68}}, ""fees"": [{""definition"": {""label"": ""Transfer fee"", ""kind"": ""FIXED""}}]}",{},Transfer fee,FIXED,INSERT,1074,2026-09-07 11:56:00
35adde88-43e4-f668-02ea-d2df725656e3,90164161-cfa7-01cd-2631-d00b26d794d3,715629ee-e893-be3d-7354-ea6f61607459,EARNED_REWARD,EXPIRED,800.26,USD,2640858.0,TZS,3300.0,802.76,,,,2026-08-24 12:36:30,2026-08-26 14:24:30,2026-08-25 12:36:30,,REMITTANCE,,,"{""original"": {""source_amount"": {""amount"": 802.76}}, ""fees"": [{""definition"": {""label"": ""Transfer fee"", ""kind"": ""FIXED""}}]}",{},Transfer fee,FIXED,INSERT,1075,2026-09-07 11:59:00
bb8aa843-702f-31e5-62cc-c6040c53644b,9384ec2b-44fe-acae-d248-a9a7ac1aa554,6f962882-95d8-2980-ff37-d19c2e76128b,COLLECTION_CONVERSION_DISBURSEMENT,COMPLETED,653.96,EUR,118693.74,KES,181.5,656.46,d11376e0-38d7-7b9a-e916-da57f24823ab,ee33688d-597e-6845-e277-18c5737d1fb6,,2026-08-31 16:56:41,2026-09-01 00:19:41,2026-09-01 16:56:41,,BILLS_PAYMENT,,,"{""original"": {""source_amount"": {""amount"": 656.46}}, ""fees"": [{""definition"": {""label"": ""Transfer fee"", ""kind"": ""FIXED""}}]}",{},Transfer fee,FIXED,INSERT,1076,2026-09-07 11:52:00
13335bc9-bb63-5ff5-2931-0971601e0211,de8a774b-cf36-d58b-4737-819096da1dac,1a2a73ed-562b-0f79-c374-59eef50bea63,COLLECTION_CONVERSION_DISBURSEMENT,COMPLETED,169.69,EUR,895963.2,UGX,5280.0,172.19,5cd8fe1a-dafe-c8a9-3c71-e0bef3579560,5e09a9ee-af88-bdec-fb1e-143b196f4dfa,,2026-07-28 02:26:59,2026-07-29 01:47:59,2026-07-29 02:26:59,,GOODS_PURCHASE,,,"{""original"": {""source_amount"": {""amount"": 172.19}}, ""fees"": [{""definition"": {""label"": ""Transfer fee"", ""kind"": ""FIXED""}}]}",{},Transfer fee,FIXED,INSERT,1077,2026-09-07 11:58:00
a005f5e1-a97a-2846-d2ea-ef184b6797a1,f2b43abf-8441-aefd-0299-436a8e485223,7da67785-b63b-4dc3-a559-e46379e13cea,COLLECTION_CONVERSION_DISBURSEMENT,COMPLETED,396.29,USD,752951.0,NGN,1900.0,398.79,2434a678-a9e2-7ba9-952e-6abb14dd5061,f7baf55e-4f6b-58c8-598d-daeceaafe543,,2026-08-11 00:23:46,2026-08-11 00:39:46,2026-08-12 00:23:46,,GOODS_PURCHASE,,,"{""original"": {""source_amount"": {""amount"": 398.79}}, ""fees"": [{""definition"": {""label"": ""Transfer fee"", ""kind"": ""FIXED""}}]}",{},Transfer fee,FIXED,INSERT,1078,2026-09-07 11:33:00
907276ea-44c0-7a9a-d64a-cb1f39eb038a,8dedf9fb-4bb0-0f20-b27c-40266703b636,8c459ce2-67f4-8ad5-4d0b-0d1a91b0e1d9,COLLECTION_CONVERSION_DISBURSEMENT,COMPLETED,429.25,EUR,897132.5,NGN,2090.0,431.75,67884209-92ca-525a-6de5-93329364f3d0,4a1dab32-6aed-fdc7-a3e0-5309b5a1b949,,2026-08-06 06:45:43,2026-08-07 12:47:43,2026-08-07 06:45:43,,REMITTANCE,,,"{""original"": {""source_amount"": {""amount"": 431.75}}, ""fees"": [{""definition"": {""label"": ""Transfer fee"", ""kind"": ""FIXED""}}]}",{},Transfer fee,FIXED,INSERT,1079,2026-09-07 11:59:00
25bf213d-9eca-381b-fb95-d0fcad72ed05,bf5ae7e6-53a3-dd5a-4b8c-5bdce8dd5e5a,d499da99-45c4-5a3e-e9da-484a80759f1f,CONVERSION_DISBURSEMENT,FAILED,724.4,EUR,2629572.0,TZS,3630.0,726.9,5e0a72ab-7f5d-b163-b12b-66807f072cb9,4447ceab-84ef-4324-cc1b-4157ec9f9c54,,2026-09-06 05:06:22,2026-09-07 16:23:22,2026-09-07 05:06:22,,REMITTANCE,,,"{""original"": {""source_amount"": {""amount"": 726.9}}, ""fees"": [{""definition"": {""label"": ""Transfer fee"", ""kind"": ""FIXED""}}]}",{},Transfer fee,FIXED,INSERT,1080,2026-09-07 11:55:00
c81c8d31-85c6-9fbf-966b-62ea9f80b96b,dbccc477-09e9-db0a-df46-529061ee411a,6601ddd0-3170-f437-a8f7-ef5a060edf5b,CONVERSION_DISBURSEMENT,COMPLETED,712.16,EUR,129257.04,KES,181.5,714.66,4882d73c-1c63-45ab-6e0e-d1e8585d3f86,7c93f6cc-97d7-a560-adb1-4670ad9fb00d,,2026-09-07 00:34:15,2026-09-07 01:25:15,2026-09-08 00:34:15,,BILLS_PAYMENT,,,"{""original"": {""source_amount"": {""amount"": 714.66}}, ""fees"": [{""definition"": {""label"": ""Transfer fee"", ""kind"": ""FIXED""}}]}",{},Transfer fee,FIXED,INSERT,1081,2026-09-07 11:56:00
46818a88-2c15-4804-0997-59a37919955c,e776b886-d534-ee1d-7f29-84f5bec39a37,a5769411-a0a1-1839-e745-770418dfbc3c,COLLECTION_CONVERSION_DISBURSEMENT,COMPLETED,523.38,EUR,1093864.2,NGN,2090.0,525.88,be4969ec-6667-d3bb-e3b5-63606fdc0bad,62fb26d7-f4db-ca07-e506-f6707092947d,,2026-08-25 06:52:58,2026-08-26 16:01:58,2026-08-26 06:52:58,,BILLS_PAYMENT,,,"{""original"": {""source_amount"": {""amount"": 525.88}}, ""fees"": [{""definition"": {""label"": ""Transfer fee"", ""kind"": ""FIXED""}}]}",{},Transfer fee,FIXED,INSERT,1082,2026-09-07 11:49:00
6ab19e15-ba92-992e-44f8-b53c52246d05,0267deb3-aab6-12c9-415d-174a75a66981,fcd6bdca-5876-fd09-f1fa-f665711533f3,COLLECTION_CONVERSION_DISBURSEMENT,COMPLETED,701.15,EUR,127258.73,KES,181.5,703.65,ca862225-0b36-e356-339b-77a84b1f0d7b,50cae32d-0aba-590e-e2c3-28aa33107475,,2026-08-08 02:05:06,2026-08-09 08:20:06,2026-08-09 02:05:06,,GOODS_PURCHASE,,,"{""original"": {""source_amount"": {""amount"": 703.65}}, ""fees"": [{""definition"": {""label"": ""Transfer fee"", ""kind"": ""FIXED""}}]}",{},Transfer fee,FIXED,INSERT,1083,2026-09-07 11:32:00
2d761ffa-7233-d5af-9813-3da17d2120ad,1d48a071-ab61-a7b1-793b-4c3220500494,bf780e3f-f6b7-51f7-9b74-92459b1bc895,INCOMING_PEER_TO_PEER,COMPLETED,232.91,GBP,49959.19,KES,214.5,235.41,,,,2026-08-26 13:37:32,2026-08-26 15:43:32,2026-08-27 13:37:32,,BILLS_PAYMENT,,,"{""original"": {""source_amount"": {""amount"": 235.41}}, ""fees"": [{""definition"": {""label"": ""Transfer fee"", ""kind"": ""FIXED""}}]}",{},Transfer fee,FIXED,INSERT,1084,2026-09-07 11:37:00
0706fec2-48fa-4e98-1723-ecdbb0588256,79279973-5e78-1fd7-94e0-d3baa9f948b2,4e7ed827-455a-c762-7428-a656b3ee4d3b,COLLECTION_CONVERSION_DISBURSEMENT,COMPLETED,679.09,GBP,1677352.3,NGN,2470.0,681.59,b3ecb951-ab8c-bf97-20b7-1785d02ce0c1,ff4625af-bd20-563b-f275-b5f3d436a7a8,,2026-09-03 03:56:14,2026-09-03 21:36:14,2026-09-04 03:56:14,,BILLS_PAYMENT,,,"{""original"": {""source_amount"": {""amount"": 681.59}}, ""fees"": [{""definition"": {""label"": ""Transfer fee"", ""kind"": ""FIXED""}}]}",{},Transfer fee,FIXED,INSERT,1085,2026-09-07 11:36:00
6c7e9a2c-467f-358b-a48a-a108b599277f,7bf47042-bd15-31c8-3764-fbda3108d448,4d6168bd-2def-e193-5c62-b3a23a3c563e,COLLECTION_CONVERSION_DISBURSEMENT,COMPLETED,647.21,USD,3106608.0,UGX,4800.0,649.71,5cd33369-04aa-c1b7-5ca0-c428822c4d32,36d55494-f37f-d50d-2e25-b5ee4f11d8dc,,2026-08-23 00:46:19,2026-08-23 21:38:19,2026-08-24 00:46:19,,BILLS_PAYMENT,,,"{""original"": {""source_amount"": {""amount"": 649.71}}, ""fees"": [{""definition"": {""label"": ""Transfer fee"", ""kind"": ""FIXED""}}]}",{},Transfer fee,FIXED,INSERT,1086,2026-09-07 11:46:00
a6c681b0-e472-9be5-f3c2-944ab60a3dcc,ce177b4e-0837-b8a3-d261-a7ab3aa2e4f9,e27a984d-6548-21d0-7fcd-9eb1a7cad415,COLLECTION_CONVERSION_DISBURSEMENT,CANCELLED,249.81,EUR,906810.3,TZS,3630.0,252.31,541c7a86-3ba5-cd2f-dea4-5c19d0243d72,e68933a9-c9e4-8e8c-25c6-1c45c63d04ee,,2026-08-09 06:48:43,2026-08-10 01:43:43,2026-08-10 06:48:43,,BILLS_PAYMENT,,,"{""original"": {""source_amount"": {""amount"": 252.31}}, ""fees"": [{""definition"": {""label"": ""Transfer fee"", ""kind"": ""FIXED""}}]}",{},Transfer fee,FIXED,INSERT,1087,2026-09-07 11:52:00
88ddd880-afb2-8b3d-38ec-cb4db69f5eab,8d605936-0380-2b70-8d03-c91e4f8d5238,eec259dc-7f95-897c-276a-a6ced50755d9,DISBURSEMENT,DISBURSEMENT_IN_PROGRESS,321.99,GBP,795315.3,NGN,2470.0,324.49,8c7e6f42-2646-eaf9-d5c0-244d3735262d,871c0884-9bdf-90f2-ba2c-0f19f0b2a5d1,,2026-08-21 06:28:39,2026-08-21 19:26:39,2026-08-22 06:28:39,,GOODS_PURCHASE,,,"{""original"": {""source_amount"": {""amount"": 324.49}}, ""fees"": [{""definition"": {""label"": ""Transfer fee"", ""kind"": ""FIXED""}}]}",{},Transfer fee,FIXED,INSERT,1088,2026-09-07 11:54:00
4e9d23e9-df16-2ec3-be84-8aa2392c04da,4d71c366-b41b-3143-8b10-550cd5704f32,2260e70f-e0cc-edc5-f05d-b76e1a84a51a,COLLECTION,COMPLETED,215.58,GBP,46241.91,KES,214.5,218.08,,,,2026-08-25 06:28:17,2026-08-25 12:34:17,2026-08-26 06:28:17,,BILLS_PAYMENT,,,"{""original"": {""source_amount"": {""amount"": 218.08}}, ""fees"": [{""definition"": {""label"": ""Transfer fee"", ""kind"": ""FIXED""}}]}",{},Transfer fee,FIXED,INSERT,1089,2026-09-07 11:57:00
78e36397-123b-31cf-9ee3-39fff1bdb598,0267deb3-aab6-12c9-415d-174a75a66981,fcd6bdca-5876-fd09-f1fa-f665711533f3,CONVERSION_DISBURSEMENT,COMPLETED,533.55,EUR,96839.33,KES,181.5,536.05,ca862225-0b36-e356-339b-77a84b1f0d7b,50cae32d-0aba-590e-e2c3-28aa33107475,,2026-09-04 13:25:17,2026-09-06 08:44:17,2026-09-05 13:25:17,,REMITTANCE,,,"{""original"": {""source_amount"": {""amount"": 536.05}}, ""fees"": [{""definition"": {""label"": ""Transfer fee"", ""kind"": ""FIXED""}}]}",{},Transfer fee,FIXED,INSERT,1090,2026-09-07 11:53:00
a18b5d15-5527-3407-7cd2-192f14b00f62,c1101266-2408-a6dc-1346-d1a9f6802cdb,ac1e86d8-bfbf-397b-ac3e-7b0d5e5ba13d,COLLECTION_CONVERSION_DISBURSEMENT,COMPLETED,178.71,USD,857808.0,UGX,4800.0,181.21,59fefbbc-71a3-fad2-b094-6d2a2aa93b43,debac186-ba10-8217-0ad7-c9a2727716ec,,2026-09-04 08:45:42,2026-09-06 09:37:42,2026-09-05 08:45:42,,REMITTANCE,,,"{""original"": {""source_amount"": {""amount"": 181.21}}, ""fees"": [{""definition"": {""label"": ""Transfer fee"", ""kind"": ""FIXED""}}]}",{},Transfer fee,FIXED,INSERT,1091,2026-09-07 11:36:00
d54e7948-c1c0-c5e3-527c-8f50e45a87e8,bc8960a9-23b8-c1e9-3924-56de3eb13b90,815ef6d1-3b8f-aa18-37f8-a88b17fc695a,CONVERSION_DISBURSEMENT,COMPLETED,856.06,EUR,155374.89,KES,181.5,858.56,899ca782-e323-6d1a-3c1b-dacc18e19331,5efa9c5b-7421-ff46-637e-4b0122bae10e,,2026-08-28 23:16:46,2026-08-30 00:45:46,2026-08-29 23:16:46,,GOODS_PURCHASE,,,"{""original"": {""source_amount"": {""amount"": 858.56}}, ""fees"": [{""definition"": {""label"": ""Transfer fee"", ""kind"": ""FIXED""}}]}",{},Transfer fee,FIXED,INSERT,1092,2026-09-07 11:31:00
e3524444-6f04-af36-567c-5d44862c92fd,ce177b4e-0837-b8a3-d261-a7ab3aa2e4f9,e27a984d-6548-21d0-7fcd-9eb1a7cad415,COLLECTION_CONVERSION_DISBURSEMENT,COMPLETED,477.85,EUR,1734595.5,TZS,3630.0,480.35,541c7a86-3ba5-cd2f-dea4-5c19d0243d72,e68933a9-c9e4-8e8c-25c6-1c45c63d04ee,,2026-08-15 15:11:33,2026-08-17 16:53:33,2026-08-16 15:11:33,,GOODS_PURCHASE,,,"{""original"": {""source_amount"": {""amount"": 480.35}}, ""fees"": [{""definition"": {""label"": ""Transfer fee"", ""kind"": ""FIXED""}}]}",{},Transfer fee,FIXED,INSERT,1093,2026-09-07 11:34:00
a976dc4d-0c47-2187-fea3-5d37980b6853,a021c0ca-3531-968d-c342-bd2bf295456e,4a8ff810-784c-2f29-9804-02a2b07aa066,COLLECTION_CONVERSION_DISBURSEMENT,CANCELLED,568.36,USD,1079884.0,NGN,1900.0,570.86,72ecf16e-c8a7-23e9-bfa0-16c2c09cb506,4f3949a8-3d3a-2582-88b4-f4743be79df4,,2026-08-05 22:00:57,2026-08-07 10:31:57,2026-08-06 22:00:57,,REMITTANCE,,,"{""original"": {""source_amount"": {""amount"": 570.86}}, ""fees"": [{""definition"": {""label"": ""Transfer fee"", ""kind"": ""FIXED""}}]}",{},Transfer fee,FIXED,INSERT,1094,2026-09-07 11:48:00
1b341937-c8e6-0939-1d2f-ed2a485f7888,7daa39f0-c0b6-fce2-de53-790aa34b6cf6,40a26c60-0d27-0659-f72a-da9b2f32751e,COLLECTION_CONVERSION_DISBURSEMENT,COMPLETED,563.57,GBP,3516676.8,UGX,6240.0,566.07,23377bbc-fffe-77c8-39fe-b99c31274148,d82c7565-4bb9-07ec-13c1-175427aa7cbc,,2026-08-18 08:02:22,2026-08-20 09:07:22,2026-08-19 08:02:22,,BILLS_PAYMENT,,,"{""original"": {""source_amount"": {""amount"": 566.07}}, ""fees"": [{""definition"": {""label"": ""Transfer fee"", ""kind"": ""FIXED""}}]}",{},Transfer fee,FIXED,INSERT,1095,2026-09-07 11:33:00
b93b770c-1336-5c0c-82ff-1f2ec78f07cf,c1101266-2408-a6dc-1346-d1a9f6802cdb,ac1e86d8-bfbf-397b-ac3e-7b0d5e5ba13d,DISBURSEMENT,EXPIRED,855.51,USD,1625469.0,NGN,1900.0,858.01,a9320094-53f2-8f11-147f-65701a43db54,9a45693d-7227-890e-4e76-833a4baf0f5e,,2026-08-17 11:40:22,2026-08-17 21:51:22,2026-08-18 11:40:22,,GOODS_PURCHASE,,,"{""original"": {""source_amount"": {""amount"": 858.01}}, ""fees"": [{""definition"": {""label"": ""Transfer fee"", ""kind"": ""FIXED""}}]}",{},Transfer fee,FIXED,INSERT,1096,2026-09-07 11:31:00
da1c96ae-0279-e2ab-0bbf-6334e3ea2d7f,45b1ed25-f153-3ae8-670a-cc5cb321bf21,3a9aca5e-1761-32ed-069f-14f140181c6e,COLLECTION_CONVERSION_DISBURSEMENT,DISBURSEMENT_IN_PROGRESS,769.1,USD,1461290.0,NGN,1900.0,771.6,45d5a68d-290a-3abb-c35b-9fea1578d709,25b8a42f-836b-15c7-e7c2-25da73069588,,2026-07-30 03:02:04,2026-07-30 09:32:04,2026-07-31 03:02:04,,REMITTANCE,,,"{""original"": {""source_amount"": {""amount"": 771.6}}, ""fees"": [{""definition"": {""label"": ""Transfer fee"", ""kind"": ""FIXED""}}]}",{},Transfer fee,FIXED,INSERT,1097,2026-09-07 11:42:00
1a8cf13c-28ce-231e-d827-4fc3f1458426,3fcb7546-8eb2-2579-0cdb-1ca476ecbdd6,e45b712e-b822-5688-d0a4-44329cd6c852,COLLECTION_CONVERSION_DISBURSEMENT,COMPLETED,71.61,GBP,15360.34,KES,214.5,74.11,87d5b7be-1d30-d990-a21b-030782af085c,c6b6e4ad-e7ea-8d5a-31a3-ac4d828c37e7,,2026-08-27 07:05:48,2026-08-29 08:41:48,2026-08-28 07:05:48,,BILLS_PAYMENT,,,"{""original"": {""source_amount"": {""amount"": 74.11}}, ""fees"": [{""definition"": {""label"": ""Transfer fee"", ""kind"": ""FIXED""}}]}",{},Transfer fee,FIXED,INSERT,1098,2026-09-07 11:59:00
be5e215e-c47c-c30b-865a-7766ad8cbfea,ec1b8ca1-f91e-1d4c-1ff4-9b7889463e85,4a15544d-c5e7-ce8a-3a57-8a8ea9488d99,COLLECTION_CONVERSION_DISBURSEMENT,CANCELLED,640.02,EUR,116163.63,KES,181.5,642.52,f7dc67e0-3097-4b2b-46a0-2a9b65ec7acd,d2fe2fde-d918-b3e5-f2f2-5eef1f45dbfd,,2026-08-08 18:06:49,2026-08-08 18:57:49,2026-08-09 18:06:49,,GOODS_PURCHASE,,,"{""original"": {""source_amount"": {""amount"": 642.52}}, ""fees"": [{""definition"": {""label"": ""Transfer fee"", ""kind"": ""FIXED""}}]}",{},Transfer fee,FIXED,INSERT,1099,2026-09-07 11:30:00
2a57e880-de92-05ea-7eef-09abda143a47,7daa39f0-c0b6-fce2-de53-790aa34b6cf6,40a26c60-0d27-0659-f72a-da9b2f32751e,COLLECTION_CONVERSION_DISBURSEMENT,CANCELLED,766.98,GBP,4785955.2,UGX,6240.0,769.48,23377bbc-fffe-77c8-39fe-b99c31274148,d82c7565-4bb9-07ec-13c1-175427aa7cbc,,2026-08-01 02:50:01,2026-08-02 13:21:01,2026-08-02 02:50:01,,REMITTANCE,,,"{""original"": {""source_amount"": {""amount"": 769.48}}, ""fees"": [{""definition"": {""label"": ""Transfer fee"", ""kind"": ""FIXED""}}]}",{},Transfer fee,FIXED,INSERT,1100,2026-09-07 11:37:00
000b1f5e-8c91-bd13-8ea0-2346092c4801,e9a1fa6f-81f7-6d1c-2dbc-2134c30ff46e,1ca35cfb-04fc-6d82-7d15-438552fbe43b,CONVERSION,CANCELLED,375.03,EUR,783812.7,NGN,2090.0,377.53,,,,2026-07-25 08:42:09,2026-07-25 15:43:09,2026-07-26 08:42:09,,REMITTANCE,,,"{""original"": {""source_amount"": {""amount"": 377.53}}, ""fees"": [{""definition"": {""label"": ""Transfer fee"", ""kind"": ""FIXED""}}]}",{},Transfer fee,FIXED,INSERT,1101,2026-09-07 11:32:00
d34794cc-5d04-032d-5742-3882f34a7949,cada4f80-a9e7-82d4-fd08-b32c62d60e93,dea4ae17-54fd-9ad3-9716-108ef72169bb,CONVERSION_DISBURSEMENT,FAILED,610.9,GBP,131038.05,KES,214.5,613.4,11536e99-5c50-8720-f982-f4e08603156a,81e03a5e-8b48-f496-86ab-d4e7f4124360,,2026-08-03 12:59:57,2026-08-05 09:41:57,2026-08-04 12:59:57,,REMITTANCE,,,"{""original"": {""source_amount"": {""amount"": 613.4}}, ""fees"": [{""definition"": {""label"": ""Transfer fee"", ""kind"": ""FIXED""}}]}",{},Transfer fee,FIXED,INSERT,1102,2026-09-07 11:58:00
0bb81d38-1b37-ef19-b3bc-912f5fb7474e,bc8960a9-23b8-c1e9-3924-56de3eb13b90,815ef6d1-3b8f-aa18-37f8-a88b17fc695a,COLLECTION_CONVERSION_DISBURSEMENT,CANCELLED,501.97,EUR,2650401.6,UGX,5280.0,504.47,278ed00d-ba02-66ef-be05-5787965befdf,19597b5a-a7a8-f636-6a35-df59e2aa7a5d,,2026-09-01 07:57:57,2026-09-02 03:53:57,2026-09-02 07:57:57,,REMITTANCE,,,"{""original"": {""source_amount"": {""amount"": 504.47}}, ""fees"": [{""definition"": {""label"": ""Transfer fee"", ""kind"": ""FIXED""}}]}",{},Transfer fee,FIXED,INSERT,1103,2026-09-07 11:51:00
7ba16dd7-95ca-788d-d6bc-a7126ecca931,d0e6e660-7c69-dee1-bb5e-4bcf15ed6269,f6e07cc0-6c52-c49f-9b49-bd26df57c59a,COLLECTION_CONVERSION_DISBURSEMENT,COMPLETED,506.84,GBP,108717.18,KES,214.5,509.34,5cae9610-c72c-1fe3-72c2-2a1679eb4168,73b6a09b-1bea-f6ac-97fa-7f0483639007,,2026-08-29 05:45:05,2026-08-29 09:04:05,2026-08-30 05:45:05,,GOODS_PURCHASE,,,"{""original"": {""source_amount"": {""amount"": 509.34}}, ""fees"": [{""definition"": {""label"": ""Transfer fee"", ""kind"": ""FIXED""}}]}",{},Transfer fee,FIXED,INSERT,1104,2026-09-07 11:31:00
d7d3b9d9-4c85-9233-8325-bd9ebf98e734,13432e61-1ca3-c448-0279-b6a68f9797b0,5d59cd2a-4eea-04e7-0ab5-4bde20a04502,COLLECTION_CONVERSION_DISBURSEMENT,COMPLETED,636.01,EUR,3358132.8,UGX,5280.0,638.51,284bf962-5744-f596-7422-21676b7a2460,530ac1c7-b8ba-8368-4fc7-77685ebbcca5,,2026-08-13 12:52:59,2026-08-15 06:00:59,2026-08-14 12:52:59,,GOODS_PURCHASE,,,"{""original"": {""source_amount"": {""amount"": 638.51}}, ""fees"": [{""definition"": {""label"": ""Transfer fee"", ""kind"": ""FIXED""}}]}",{},Transfer fee,FIXED,INSERT,1105,2026-09-07 11:34:00
6adfd568-b5ca-a993-aaca-d101f1530f68,292bd156-db94-6570-1ac7-0ec0ab8ddeb4,50843242-168b-1625-746f-78910964fbbf,INCOMING_COLLECTION,COMPLETED,532.87,USD,1012453.0,NGN,1900.0,535.37,,,,2026-08-20 19:06:14,2026-08-22 03:54:14,2026-08-21 19:06:14,,GOODS_PURCHASE,,,"{""original"": {""source_amount"": {""amount"": 535.37}}, ""fees"": [{""definition"": {""label"": ""Transfer fee"", ""kind"": ""FIXED""}}]}",{},Transfer fee,FIXED,INSERT,1106,2026-09-07 11:58:00
4458b006-332c-ce0a-0e7d-a698ab95c72f,f84f16b3-a79f-bfaf-def5-768968f45bce,da330aa1-541c-dfcd-da0d-4a5f148f8b74,CONVERSION_DISBURSEMENT,COMPLETED,147.89,EUR,780859.2,UGX,5280.0,150.39,a2bb522b-0b25-1279-785a-c5d0df92a621,40ef3935-5f90-bed6-fb25-664d630aa767,,2026-07-25 17:26:39,2026-07-26 19:27:39,2026-07-26 17:26:39,,REMITTANCE,,,"{""original"": {""source_amount"": {""amount"": 150.39}}, ""fees"": [{""definition"": {""label"": ""Transfer fee"", ""kind"": ""FIXED""}}]}",{},Transfer fee,FIXED,INSERT,1107,2026-09-07 11:56:00
af65e8cc-f9cf-8499-c9c1-ad45f4ea6b97,9384ec2b-44fe-acae-d248-a9a7ac1aa554,6f962882-95d8-2980-ff37-d19c2e76128b,COLLECTION,EXPIRED,361.05,EUR,65530.58,KES,181.5,363.55,,,,2026-07-26 18:44:07,2026-07-27 20:47:07,2026-07-27 18:44:07,,BILLS_PAYMENT,,,"{""original"": {""source_amount"": {""amount"": 363.55}}, ""fees"": [{""definition"": {""label"": ""Transfer fee"", ""kind"": ""FIXED""}}]}",{},Transfer fee,FIXED,INSERT,1108,2026-09-07 11:58:00
bd0b0fa2-8bee-f83f-96a0-6bf2c14ebd10,da743152-627b-41a1-ffd6-f23232ffe294,d47d577b-fa5a-91ca-059d-d55d4b943e30,COLLECTION_CONVERSION_DISBURSEMENT,CANCELLED,589.92,EUR,1232932.8,NGN,2090.0,592.42,0c3ce284-c7e5-3bbb-dcb5-1c535b62a8df,45f18619-54f9-0429-a7de-02ccdda4f4a7,,2026-08-27 16:57:08,2026-08-29 17:24:08,2026-08-28 16:57:08,,GOODS_PURCHASE,,,"{""original"": {""source_amount"": {""amount"": 592.42}}, ""fees"": [{""definition"": {""label"": ""Transfer fee"", ""kind"": ""FIXED""}}]}",{},Transfer fee,FIXED,INSERT,1109,2026-09-07 11:50:00
c60ea4d5-0d04-dcb6-98cd-26555297e1ad,bc8960a9-23b8-c1e9-3924-56de3eb13b90,815ef6d1-3b8f-aa18-37f8-a88b17fc695a,COLLECTION_CONVERSION_DISBURSEMENT,DISBURSEMENT_IN_PROGRESS,155.26,EUR,819772.8,UGX,5280.0,157.76,278ed00d-ba02-66ef-be05-5787965befdf,19597b5a-a7a8-f636-6a35-df59e2aa7a5d,,2026-08-01 00:21:42,2026-08-01 03:05:42,2026-08-02 00:21:42,,GOODS_PURCHASE,,,"{""original"": {""source_amount"": {""amount"": 157.76}}, ""fees"": [{""definition"": {""label"": ""Transfer fee"", ""kind"": ""FIXED""}}]}",{},Transfer fee,FIXED,INSERT,1110,2026-09-07 11:57:00
87cec69d-9e47-a339-c0ae-0b1af3476736,675dd5af-3c36-5296-dca0-2eecacdabacc,50fd9d3f-85d5-1695-90b2-b633956b8c0c,INCOMING_PEER_TO_PEER,COMPLETED,278.35,GBP,59706.08,KES,214.5,280.85,,,,2026-08-09 13:43:13,2026-08-10 14:21:13,2026-08-10 13:43:13,,BILLS_PAYMENT,,,"{""original"": {""source_amount"": {""amount"": 280.85}}, ""fees"": [{""definition"": {""label"": ""Transfer fee"", ""kind"": ""FIXED""}}]}",{},Transfer fee,FIXED,INSERT,1111,2026-09-07 11:51:00
9f027cbf-eb29-d912-9d1b-83dfa46b6fce,d4aac9a3-3ed8-c56c-da09-dfa052828d80,533420e6-d9d8-0b8d-7e8a-dee70758e201,COLLECTION_CONVERSION_DISBURSEMENT,EXPIRED,231.51,EUR,483855.9,NGN,2090.0,234.01,8ed6ad5e-1831-8aa3-5466-9d1910df9974,4082cbb9-48bd-db3e-62f5-df2badaa44ca,,2026-08-10 07:07:39,2026-08-11 13:33:39,2026-08-11 07:07:39,,REMITTANCE,,,"{""original"": {""source_amount"": {""amount"": 234.01}}, ""fees"": [{""definition"": {""label"": ""Transfer fee"", ""kind"": ""FIXED""}}]}",{},Transfer fee,FIXED,INSERT,1112,2026-09-07 11:49:00
01e06ad8-8880-2d4d-89b8-b7eec5f833cf,680ac07a-2a93-5d62-3c83-5dc0d9441fa5,43e458fc-63f2-ae24-fc3d-3348008d4127,CONVERSION_DISBURSEMENT,COMPLETED,875.03,GBP,3753878.7,TZS,4290.0,877.53,3a7e8e14-e359-eee1-7399-1a476e191042,74188109-d3d1-bf0f-56c4-38e469efafb1,,2026-07-29 03:47:50,2026-07-29 15:13:50,2026-07-30 03:47:50,,GOODS_PURCHASE,,,"{""original"": {""source_amount"": {""amount"": 877.53}}, ""fees"": [{""definition"": {""label"": ""Transfer fee"", ""kind"": ""FIXED""}}]}",{},Transfer fee,FIXED,INSERT,1113,2026-09-07 11:37:00
6edaba8c-6789-e7d0-a155-eb2c737cf8b5,4d71c366-b41b-3143-8b10-550cd5704f32,2260e70f-e0cc-edc5-f05d-b76e1a84a51a,DISBURSEMENT,COMPLETED,378.72,GBP,81235.44,KES,214.5,381.22,39e58ff0-92f8-37d4-4750-3f1dc33a1f6c,8f9b72ae-d85c-16bd-6dda-4f8dcea60f4c,,2026-09-06 17:22:34,2026-09-07 11:02:34,2026-09-07 17:22:34,,BILLS_PAYMENT,,,"{""original"": {""source_amount"": {""amount"": 381.22}}, ""fees"": [{""definition"": {""label"": ""Transfer fee"", ""kind"": ""FIXED""}}]}",{},Transfer fee,FIXED,INSERT,1114,2026-09-07 11:40:00
795741bb-07e3-c39a-a925-2745d2769c96,13432e61-1ca3-c448-0279-b6a68f9797b0,5d59cd2a-4eea-04e7-0ab5-4bde20a04502,OUTGOING_PEER_TO_PEER,COMPLETED,355.64,EUR,1877779.2,UGX,5280.0,358.14,,,,2026-08-07 03:59:29,2026-08-08 09:52:29,2026-08-08 03:59:29,,REMITTANCE,,,"{""original"": {""source_amount"": {""amount"": 358.14}}, ""fees"": [{""definition"": {""label"": ""Transfer fee"", ""kind"": ""FIXED""}}]}",{},Transfer fee,FIXED,INSERT,1115,2026-09-07 11:34:00
ad62d094-4c4d-6e40-24e2-226ca250d133,575aed2c-a5c5-650c-8186-a57611a72609,bbda0242-2d17-4fc9-6f7c-15ea272a6d8e,COLLECTION_CONVERSION_DISBURSEMENT,ON_HOLD,279.58,GBP,690562.6,NGN,2470.0,282.08,632dbb5e-486b-b6bf-eafd-e7d95f733a3e,adcc3daf-569f-3ab3-c643-530068a51c68,,2026-08-12 11:32:21,2026-08-14 00:48:21,2026-08-13 11:32:21,,GOODS_PURCHASE,,,"{""original"": {""source_amount"": {""amount"": 282.08}}, ""fees"": [{""definition"": {""label"": ""Transfer fee"", ""kind"": ""FIXED""}}]}",{},Transfer fee,FIXED,INSERT,1116,2026-09-07 11:34:00
abc53545-2e6d-7a04-1d57-e73431bf5cf6,1d48a071-ab61-a7b1-793b-4c3220500494,bf780e3f-f6b7-51f7-9b74-92459b1bc895,COLLECTION_CONVERSION_DISBURSEMENT,COMPLETED,754.58,GBP,3237148.2,TZS,4290.0,757.08,80599b93-79c2-d2e4-9ae1-a991524f93ff,73557b9d-0fd6-f47e-f52d-4af2269ed4c9,,2026-08-04 05:14:11,2026-08-05 23:21:11,2026-08-05 05:14:11,,GOODS_PURCHASE,,,"{""original"": {""source_amount"": {""amount"": 757.08}}, ""fees"": [{""definition"": {""label"": ""Transfer fee"", ""kind"": ""FIXED""}}]}",{},Transfer fee,FIXED,INSERT,1117,2026-09-07 11:47:00
a8cfe589-9dc8-9e1a-540e-7d01735d88f3,8da0365b-f898-97b9-405c-acec877409a9,6f4cc69a-4b22-d308-1c8e-aee95715bd6f,OUTGOING_PEER_TO_PEER,COMPLETED,299.65,GBP,64274.92,KES,214.5,302.15,,,,2026-09-06 04:42:51,2026-09-06 17:55:51,2026-09-07 04:42:51,,BILLS_PAYMENT,,,"{""original"": {""source_amount"": {""amount"": 302.15}}, ""fees"": [{""definition"": {""label"": ""Transfer fee"", ""kind"": ""FIXED""}}]}",{},Transfer fee,FIXED,INSERT,1118,2026-09-07 11:51:00
3f05557c-502e-d818-013c-a9982b2bf58c,9384ec2b-44fe-acae-d248-a9a7ac1aa554,6f962882-95d8-2980-ff37-d19c2e76128b,DISBURSEMENT,FAILED,863.62,EUR,156747.03,KES,181.5,866.12,d11376e0-38d7-7b9a-e916-da57f24823ab,ee33688d-597e-6845-e277-18c5737d1fb6,,2026-08-11 04:39:56,2026-08-12 02:15:56,2026-08-12 04:39:56,,REMITTANCE,,,"{""original"": {""source_amount"": {""amount"": 866.12}}, ""fees"": [{""definition"": {""label"": ""Transfer fee"", ""kind"": ""FIXED""}}]}",{},Transfer fee,FIXED,INSERT,1119,2026-09-07 11:37:00
94f6c67a-d009-5507-07fc-584ea1b24627,300568d2-0de0-51a6-69ca-97d2764414fd,49bc473f-ed7b-f656-218a-15368c99a894,REVERSAL,COMPLETED,767.64,EUR,2786533.2,TZS,3630.0,770.14,,,,2026-09-05 19:22:40,2026-09-05 20:39:40,2026-09-06 19:22:40,,GOODS_PURCHASE,,,"{""original"": {""source_amount"": {""amount"": 770.14}}, ""fees"": [{""definition"": {""label"": ""Transfer fee"", ""kind"": ""FIXED""}}]}",{},Transfer fee,FIXED,INSERT,1120,2026-09-07 11:54:00
c6735380-a766-8617-78db-cde38a284792,3eae0032-0bd4-a990-0640-be0f25b8fd4b,664fa663-7e8f-8095-624c-69b6b24445a7,COLLECTION_CONVERSION_DISBURSEMENT,FAILED,806.71,EUR,146417.87,KES,181.5,809.21,3e49fd09-1b19-d8b8-d830-20816fcc57dd,862268d1-6683-e107-96c0-44d06f887f28,,2026-08-06 03:38:24,2026-08-07 16:45:24,2026-08-07 03:38:24,,REMITTANCE,,,"{""original"": {""source_amount"": {""amount"": 809.21}}, ""fees"": [{""definition"": {""label"": ""Transfer fee"", ""kind"": ""FIXED""}}]}",{},Transfer fee,FIXED,INSERT,1121,2026-09-07 11:30:00
1017ab44-3b53-f64b-7cd6-1da4c2efda8b,f2b43abf-8441-aefd-0299-436a8e485223,7da67785-b63b-4dc3-a559-e46379e13cea,REVERSAL,DISBURSEMENT_IN_PROGRESS,55.57,USD,105583.0,NGN,1900.0,58.07,,,,2026-08-16 23:19:20,2026-08-17 23:49:20,2026-08-17 23:19:20,,BILLS_PAYMENT,,,"{""original"": {""source_amount"": {""amount"": 58.07}}, ""fees"": [{""definition"": {""label"": ""Transfer fee"", ""kind"": ""FIXED""}}]}",{},Transfer fee,FIXED,INSERT,1122,2026-09-07 11:55:00
eafb9f20-783c-91eb-635a-11f25c7af83d,8dedf9fb-4bb0-0f20-b27c-40266703b636,8c459ce2-67f4-8ad5-4d0b-0d1a91b0e1d9,COLLECTION_CONVERSION_DISBURSEMENT,EXPIRED,818.8,EUR,1711292.0,NGN,2090.0,821.3,67884209-92ca-525a-6de5-93329364f3d0,4a1dab32-6aed-fdc7-a3e0-5309b5a1b949,,2026-08-03 12:54:33,2026-08-05 00:16:33,2026-08-04 12:54:33,,BILLS_PAYMENT,,,"{""original"": {""source_amount"": {""amount"": 821.3}}, ""fees"": [{""definition"": {""label"": ""Transfer fee"", ""kind"": ""FIXED""}}]}",{},Transfer fee,FIXED,INSERT,1123,2026-09-07 11:41:00
a4bae8bf-83b8-fa05-13bc-0dc63ae0acdb,cada4f80-a9e7-82d4-fd08-b32c62d60e93,dea4ae17-54fd-9ad3-9716-108ef72169bb,OUTGOING_PEER_TO_PEER,COMPLETED,407.11,GBP,87325.1,KES,214.5,409.61,,,,2026-08-17 20:40:56,2026-08-18 06:10:56,2026-08-18 20:40:56,,BILLS_PAYMENT,,,"{""original"": {""source_amount"": {""amount"": 409.61}}, ""fees"": [{""definition"": {""label"": ""Transfer fee"", ""kind"": ""FIXED""}}]}",{},Transfer fee,FIXED,INSERT,1124,2026-09-07 11:45:00
6a241f46-3af7-fa21-a93e-7b5b1e4ae3a7,37bb3eec-4bf5-0b52-309d-258c27a0c3d7,eb5cf467-80ba-cd64-7a0e-cfea958ca9ba,COLLECTION_CONVERSION_DISBURSEMENT,COMPLETED,651.23,USD,3125904.0,UGX,4800.0,653.73,6d4067f4-5003-2b35-1857-8bafbac7e2b9,5fd23109-4140-752c-aa44-825950018b7b,,2026-08-11 02:01:13,2026-08-12 19:07:13,2026-08-12 02:01:13,,BILLS_PAYMENT,,,"{""original"": {""source_amount"": {""amount"": 653.73}}, ""fees"": [{""definition"": {""label"": ""Transfer fee"", ""kind"": ""FIXED""}}]}",{},Transfer fee,FIXED,INSERT,1125,2026-09-07 11:56:00
48907b6d-d240-ef02-a968-1fc1ba5c865d,3fa7f104-1bf9-0e27-dc96-925eccf3a171,8ce21ea3-db20-a56e-dc81-5fe7ceda8bbb,OUTGOING_PEER_TO_PEER,FAILED,793.09,GBP,1958932.3,NGN,2470.0,795.59,,,,2026-08-24 10:53:03,2026-08-24 12:10:03,2026-08-25 10:53:03,,REMITTANCE,,,"{""original"": {""source_amount"": {""amount"": 795.59}}, ""fees"": [{""definition"": {""label"": ""Transfer fee"", ""kind"": ""FIXED""}}]}",{},Transfer fee,FIXED,INSERT,1126,2026-09-07 11:55:00
2488c84d-99d0-90fd-6928-043ed492b51a,37bb3eec-4bf5-0b52-309d-258c27a0c3d7,eb5cf467-80ba-cd64-7a0e-cfea958ca9ba,OUTGOING_PEER_TO_PEER,COMPLETED,170.1,USD,561330.0,TZS,3300.0,172.6,,,,2026-09-04 14:28:49,2026-09-05 23:21:49,2026-09-05 14:28:49,,GOODS_PURCHASE,,,"{""original"": {""source_amount"": {""amount"": 172.6}}, ""fees"": [{""definition"": {""label"": ""Transfer fee"", ""kind"": ""FIXED""}}]}",{},Transfer fee,FIXED,INSERT,1127,2026-09-07 11:49:00
74169e82-ec1f-41ce-57b9-4dfbaf82e70c,a193c4b2-3c19-e71d-1184-05ad9e11d2cd,df615a5c-b432-3070-a23d-4c2fc2a79689,OUTGOING_PEER_TO_PEER,CANCELLED,167.6,EUR,350284.0,NGN,2090.0,170.1,,,,2026-08-18 07:07:51,2026-08-19 01:11:51,2026-08-19 07:07:51,,GOODS_PURCHASE,,,"{""original"": {""source_amount"": {""amount"": 170.1}}, ""fees"": [{""definition"": {""label"": ""Transfer fee"", ""kind"": ""FIXED""}}]}",{},Transfer fee,FIXED,INSERT,1128,2026-09-07 11:32:00
e8ca7483-dc0e-3375-85d0-691c33cd1d56,79279973-5e78-1fd7-94e0-d3baa9f948b2,4e7ed827-455a-c762-7428-a656b3ee4d3b,COLLECTION_CONVERSION_DISBURSEMENT,COMPLETED,115.54,GBP,495666.6,TZS,4290.0,118.04,15b02530-f020-e992-b576-255e98549f22,a4bbf962-606e-0e1c-8f15-84494f40c22f,,2026-08-12 05:05:44,2026-08-12 14:07:44,2026-08-13 05:05:44,,GOODS_PURCHASE,,,"{""original"": {""source_amount"": {""amount"": 118.04}}, ""fees"": [{""definition"": {""label"": ""Transfer fee"", ""kind"": ""FIXED""}}]}",{},Transfer fee,FIXED,INSERT,1129,2026-09-07 11:55:00
c2f43c10-e869-707c-bdcb-fffccdfba4e9,ec1b8ca1-f91e-1d4c-1ff4-9b7889463e85,4a15544d-c5e7-ce8a-3a57-8a8ea9488d99,COLLECTION_CONVERSION_DISBURSEMENT,COMPLETED,328.46,EUR,1734268.8,UGX,5280.0,330.96,a446be72-364c-911a-a9ab-364a1777e8cb,0577aea9-f899-9246-98de-8ebba3b5cece,,2026-08-31 19:53:56,2026-09-01 21:55:56,2026-09-01 19:53:56,,GOODS_PURCHASE,,,"{""original"": {""source_amount"": {""amount"": 330.96}}, ""fees"": [{""definition"": {""label"": ""Transfer fee"", ""kind"": ""FIXED""}}]}",{},Transfer fee,FIXED,INSERT,1130,2026-09-07 11:35:00
65bf8e04-ae3c-2ce6-fde6-849b468b22af,79279973-5e78-1fd7-94e0-d3baa9f948b2,4e7ed827-455a-c762-7428-a656b3ee4d3b,COLLECTION_CONVERSION_DISBURSEMENT,COMPLETED,341.77,GBP,844171.9,NGN,2470.0,344.27,b3ecb951-ab8c-bf97-20b7-1785d02ce0c1,ff4625af-bd20-563b-f275-b5f3d436a7a8,,2026-08-14 01:29:05,2026-08-15 16:02:05,2026-08-15 01:29:05,,REMITTANCE,,,"{""original"": {""source_amount"": {""amount"": 344.27}}, ""fees"": [{""definition"": {""label"": ""Transfer fee"", ""kind"": ""FIXED""}}]}",{},Transfer fee,FIXED,INSERT,1131,2026-09-07 11:41:00
b4f02f6f-af3f-9d9a-b272-5aa79d30c42e,8a0b3c33-36d8-393a-7c44-1fe7ab4220a7,6e595ed3-a8b3-17fa-18d0-752b1825bc54,COLLECTION_CONVERSION_DISBURSEMENT,COMPLETED,724.75,USD,119583.75,KES,165.0,727.25,66d06371-d8e8-8ebb-7a9e-8eefffa361be,7d824264-1ba3-62e7-afa4-15e56d204496,,2026-08-12 22:41:14,2026-08-13 21:48:14,2026-08-13 22:41:14,,REMITTANCE,,,"{""original"": {""source_amount"": {""amount"": 727.25}}, ""fees"": [{""definition"": {""label"": ""Transfer fee"", ""kind"": ""FIXED""}}]}",{},Transfer fee,FIXED,INSERT,1132,2026-09-07 11:31:00
ee462fcd-a829-907c-d9be-ccff33a315f3,292bd156-db94-6570-1ac7-0ec0ab8ddeb4,50843242-168b-1625-746f-78910964fbbf,INCOMING_COLLECTION,COMPLETED,406.3,USD,771970.0,NGN,1900.0,408.8,,,,2026-08-24 13:59:36,2026-08-25 23:44:36,2026-08-25 13:59:36,,GOODS_PURCHASE,,,"{""original"": {""source_amount"": {""amount"": 408.8}}, ""fees"": [{""definition"": {""label"": ""Transfer fee"", ""kind"": ""FIXED""}}]}",{},Transfer fee,FIXED,INSERT,1133,2026-09-07 11:32:00
ff2f6883-163b-5481-284e-4cd4f9c3ee05,675dd5af-3c36-5296-dca0-2eecacdabacc,50fd9d3f-85d5-1695-90b2-b633956b8c0c,COLLECTION,COMPLETED,596.42,GBP,127932.09,KES,214.5,598.92,,,,2026-08-10 23:07:38,2026-08-11 15:27:38,2026-08-11 23:07:38,,BILLS_PAYMENT,,,"{""original"": {""source_amount"": {""amount"": 598.92}}, ""fees"": [{""definition"": {""label"": ""Transfer fee"", ""kind"": ""FIXED""}}]}",{},Transfer fee,FIXED,INSERT,1134,2026-09-07 11:31:00
ea3e072a-8f22-1604-d46b-7756b9e439ef,f54ad0a2-e874-66d7-ad66-a1bd93676a02,d9acd158-4d34-85c5-c5c1-4eb4b27b3d90,REVERSAL,DISBURSEMENT_IN_PROGRESS,503.64,USD,83100.6,KES,165.0,506.14,,,,2026-07-27 19:56:41,2026-07-28 02:06:41,2026-07-28 19:56:41,,GOODS_PURCHASE,,,"{""original"": {""source_amount"": {""amount"": 506.14}}, ""fees"": [{""definition"": {""label"": ""Transfer fee"", ""kind"": ""FIXED""}}]}",{},Transfer fee,FIXED,INSERT,1135,2026-09-07 11:46:00
42d7f112-0130-d66b-932d-16486769b0f1,6fa17735-b572-f3d0-0b5c-ea6a41357e8c,505cc686-9f87-1ce7-5487-fd4febb7a385,COLLECTION_CONVERSION_DISBURSEMENT,COMPLETED,420.19,EUR,878197.1,NGN,2090.0,422.69,bdf66ba5-dc9c-96de-65a6-74c212738a23,75b27455-04cc-3ede-6fac-16730ad45230,,2026-08-22 22:27:52,2026-08-23 11:44:52,2026-08-23 22:27:52,,REMITTANCE,,,"{""original"": {""source_amount"": {""amount"": 422.69}}, ""fees"": [{""definition"": {""label"": ""Transfer fee"", ""kind"": ""FIXED""}}]}",{},Transfer fee,FIXED,INSERT,1136,2026-09-07 11:39:00
3f8dcf96-436a-e2bb-d509-8e07b368d836,675dd5af-3c36-5296-dca0-2eecacdabacc,50fd9d3f-85d5-1695-90b2-b633956b8c0c,COLLECTION_CONVERSION_DISBURSEMENT,COMPLETED,491.37,GBP,105398.87,KES,214.5,493.87,cfd01cbd-5f65-c8ce-bd21-bc11be9d61ee,96229348-0f5a-e9d3-8e6e-5003214f3f12,,2026-08-10 15:23:13,2026-08-12 02:39:13,2026-08-11 15:23:13,,BILLS_PAYMENT,,,"{""original"": {""source_amount"": {""amount"": 493.87}}, ""fees"": [{""definition"": {""label"": ""Transfer fee"", ""kind"": ""FIXED""}}]}",{},Transfer fee,FIXED,INSERT,1137,2026-09-07 11:45:00
1b4ffd5f-c768-8339-27ef-53575b249c2a,750cab75-4ccc-9bc2-a53f-8a28abf3e3fc,43e42caf-8181-a8cc-3691-47eb89a2688b,COLLECTION_CONVERSION_DISBURSEMENT,COMPLETED,755.97,USD,2494701.0,TZS,3300.0,758.47,39681c81-7b70-c3b8-a81f-dec3279c658a,d86a6460-59a1-120e-1bb4-3332d8e7012f,,2026-08-03 08:14:24,2026-08-04 01:17:24,2026-08-04 08:14:24,,REMITTANCE,,,"{""original"": {""source_amount"": {""amount"": 758.47}}, ""fees"": [{""definition"": {""label"": ""Transfer fee"", ""kind"": ""FIXED""}}]}",{},Transfer fee,FIXED,INSERT,1138,2026-09-07 11:38:00
b2c027e8-1ed0-72e9-f9fc-6034750acc98,575aed2c-a5c5-650c-8186-a57611a72609,bbda0242-2d17-4fc9-6f7c-15ea272a6d8e,CONVERSION_DISBURSEMENT,COMPLETED,702.8,GBP,1735916.0,NGN,2470.0,705.3,632dbb5e-486b-b6bf-eafd-e7d95f733a3e,adcc3daf-569f-3ab3-c643-530068a51c68,,2026-08-12 14:42:48,2026-08-14 13:34:48,2026-08-13 14:42:48,,GOODS_PURCHASE,,,"{""original"": {""source_amount"": {""amount"": 705.3}}, ""fees"": [{""definition"": {""label"": ""Transfer fee"", ""kind"": ""FIXED""}}]}",{},Transfer fee,FIXED,INSERT,1139,2026-09-07 11:56:00
5d75c03c-5f4f-af10-c08f-e6d7b361e70a,06e745f9-88bc-539c-9f4c-3b79fb10987f,610cf373-4299-9aa4-0cdf-742b2e85cb21,COLLECTION_CONVERSION_DISBURSEMENT,COMPLETED,205.27,GBP,507016.9,NGN,2470.0,207.77,0e9058b6-09a0-a0f6-73b0-a0917634c169,13a4a492-497d-e16d-d4ea-120a5e659654,,2026-08-17 17:06:33,2026-08-18 22:03:33,2026-08-18 17:06:33,,BILLS_PAYMENT,,,"{""original"": {""source_amount"": {""amount"": 207.77}}, ""fees"": [{""definition"": {""label"": ""Transfer fee"", ""kind"": ""FIXED""}}]}",{},Transfer fee,FIXED,INSERT,1140,2026-09-07 11:43:00
d6c6d997-79fe-7ccc-4119-20f6d0566199,f2b43abf-8441-aefd-0299-436a8e485223,7da67785-b63b-4dc3-a559-e46379e13cea,COLLECTION_CONVERSION_DISBURSEMENT,COMPLETED,72.83,USD,138377.0,NGN,1900.0,75.33,2434a678-a9e2-7ba9-952e-6abb14dd5061,f7baf55e-4f6b-58c8-598d-daeceaafe543,,2026-08-27 00:32:28,2026-08-27 11:42:28,2026-08-28 00:32:28,,GOODS_PURCHASE,,,"{""original"": {""source_amount"": {""amount"": 75.33}}, ""fees"": [{""definition"": {""label"": ""Transfer fee"", ""kind"": ""FIXED""}}]}",{},Transfer fee,FIXED,INSERT,1141,2026-09-07 11:43:00
f4e35f7b-a1b7-e3d8-76b8-74d349599bed,dbccc477-09e9-db0a-df46-529061ee411a,6601ddd0-3170-f437-a8f7-ef5a060edf5b,INCOMING_COLLECTION,DISBURSEMENT_IN_PROGRESS,355.34,EUR,64494.21,KES,181.5,357.84,,,,2026-08-15 04:42:40,2026-08-15 10:04:40,2026-08-16 04:42:40,,REMITTANCE,,,"{""original"": {""source_amount"": {""amount"": 357.84}}, ""fees"": [{""definition"": {""label"": ""Transfer fee"", ""kind"": ""FIXED""}}]}",{},Transfer fee,FIXED,INSERT,1142,2026-09-07 11:52:00
b5def807-4a96-5478-a72b-dddd511eeeb8,7daa39f0-c0b6-fce2-de53-790aa34b6cf6,40a26c60-0d27-0659-f72a-da9b2f32751e,COLLECTION_CONVERSION_DISBURSEMENT,COMPLETED,220.83,GBP,47368.04,KES,214.5,223.33,d5ca69ab-8a2e-6a93-c558-0bb281f7f3fb,09a9d1c1-86ca-c6f4-e238-fe93bd17c5e8,,2026-08-01 08:44:35,2026-08-02 08:12:35,2026-08-02 08:44:35,,BILLS_PAYMENT,,,"{""original"": {""source_amount"": {""amount"": 223.33}}, ""fees"": [{""definition"": {""label"": ""Transfer fee"", ""kind"": ""FIXED""}}]}",{},Transfer fee,FIXED,INSERT,1143,2026-09-07 11:41:00
a7a31d25-1595-6c42-27c0-0f899e3bf1b3,35a240ae-5af3-0553-5ec4-2e0829a3b2e9,fd5166e6-451b-4cf3-6123-fdf77656af72,INCOMING_COLLECTION,COMPLETED,111.46,USD,211774.0,NGN,1900.0,113.96,,,,2026-08-18 22:29:03,2026-08-19 04:10:03,2026-08-19 22:29:03,,BILLS_PAYMENT,,,"{""original"": {""source_amount"": {""amount"": 113.96}}, ""fees"": [{""definition"": {""label"": ""Transfer fee"", ""kind"": ""FIXED""}}]}",{},Transfer fee,FIXED,INSERT,1144,2026-09-07 11:44:00
7799fddb-79e5-46e7-dd3e-e854534064b0,d0e6e660-7c69-dee1-bb5e-4bcf15ed6269,f6e07cc0-6c52-c49f-9b49-bd26df57c59a,COLLECTION_CONVERSION_DISBURSEMENT,COMPLETED,777.12,GBP,166692.24,KES,214.5,779.62,5cae9610-c72c-1fe3-72c2-2a1679eb4168,73b6a09b-1bea-f6ac-97fa-7f0483639007,,2026-08-25 17:05:26,2026-08-26 17:27:26,2026-08-26 17:05:26,,GOODS_PURCHASE,,,"{""original"": {""source_amount"": {""amount"": 779.62}}, ""fees"": [{""definition"": {""label"": ""Transfer fee"", ""kind"": ""FIXED""}}]}",{},Transfer fee,FIXED,INSERT,1145,2026-09-07 11:38:00
d0bcbad5-85f8-0d9b-0006-0d5a02b3c948,6dadd6c7-95a7-6d79-bf3c-4c06434308bc,a0a04dc4-2720-9bdf-1c11-f735dc713d96,COLLECTION_CONVERSION_DISBURSEMENT,COMPLETED,157.03,GBP,387864.1,NGN,2470.0,159.53,fcce96f6-250a-4578-fbe9-4499dbc080fd,cc6b66e5-402a-df9c-8a4b-8f7c21472a15,,2026-08-13 12:15:08,2026-08-14 06:00:08,2026-08-14 12:15:08,,REMITTANCE,,,"{""original"": {""source_amount"": {""amount"": 159.53}}, ""fees"": [{""definition"": {""label"": ""Transfer fee"", ""kind"": ""FIXED""}}]}",{},Transfer fee,FIXED,INSERT,1146,2026-09-07 11:44:00
144716cc-4352-acea-3878-becf60dc12eb,3eae0032-0bd4-a990-0640-be0f25b8fd4b,664fa663-7e8f-8095-624c-69b6b24445a7,COLLECTION_CONVERSION_DISBURSEMENT,DISBURSEMENT_IN_PROGRESS,362.96,EUR,65877.24,KES,181.5,365.46,3e49fd09-1b19-d8b8-d830-20816fcc57dd,862268d1-6683-e107-96c0-44d06f887f28,,2026-08-29 06:48:16,2026-08-31 02:54:16,2026-08-30 06:48:16,,BILLS_PAYMENT,,,"{""original"": {""source_amount"": {""amount"": 365.46}}, ""fees"": [{""definition"": {""label"": ""Transfer fee"", ""kind"": ""FIXED""}}]}",{},Transfer fee,FIXED,INSERT,1147,2026-09-07 11:51:00
f83f5274-0cb4-afe1-26f3-41c804f718c8,7daa39f0-c0b6-fce2-de53-790aa34b6cf6,40a26c60-0d27-0659-f72a-da9b2f32751e,COLLECTION_CONVERSION_DISBURSEMENT,EXPIRED,185.25,GBP,39736.12,KES,214.5,187.75,d5ca69ab-8a2e-6a93-c558-0bb281f7f3fb,09a9d1c1-86ca-c6f4-e238-fe93bd17c5e8,,2026-08-23 17:33:38,2026-08-25 03:09:38,2026-08-24 17:33:38,,GOODS_PURCHASE,,,"{""original"": {""source_amount"": {""amount"": 187.75}}, ""fees"": [{""definition"": {""label"": ""Transfer fee"", ""kind"": ""FIXED""}}]}",{},Transfer fee,FIXED,INSERT,1148,2026-09-07 11:49:00
2e7d952b-785b-8a07-8b0e-a0b912464474,1d870966-0710-d430-f071-d87954c63cd8,587ef344-6f3f-920c-98b8-e4cc1bc044fc,CONVERSION,COMPLETED,702.57,USD,115924.05,KES,165.0,705.07,,,,2026-07-27 05:17:21,2026-07-27 23:29:21,2026-07-28 05:17:21,,REMITTANCE,,,"{""original"": {""source_amount"": {""amount"": 705.07}}, ""fees"": [{""definition"": {""label"": ""Transfer fee"", ""kind"": ""FIXED""}}]}",{},Transfer fee,FIXED,INSERT,1149,2026-09-07 11:35:00
3f46057b-7165-e36b-f997-c779c56f05e6,bf5ae7e6-53a3-dd5a-4b8c-5bdce8dd5e5a,d499da99-45c4-5a3e-e9da-484a80759f1f,COLLECTION_CONVERSION_DISBURSEMENT,COMPLETED,239.09,EUR,43394.84,KES,181.5,241.59,6e3c4532-1434-8f62-6cac-028cba220065,2e326567-d284-f54e-febe-c0db9a3a6103,,2026-07-30 10:05:43,2026-08-01 10:53:43,2026-07-31 10:05:43,,GOODS_PURCHASE,,,"{""original"": {""source_amount"": {""amount"": 241.59}}, ""fees"": [{""definition"": {""label"": ""Transfer fee"", ""kind"": ""FIXED""}}]}",{},Transfer fee,FIXED,INSERT,1150,2026-09-07 11:36:00
6f2537ce-a206-527c-3c68-41d61ce8e12f,e256a6dc-8f54-86b7-c7b5-b2bc5a8aaeca,ecab3301-bc8f-7d29-2dea-94930658663a,COLLECTION_CONVERSION_DISBURSEMENT,COMPLETED,211.65,USD,34922.25,KES,165.0,214.15,9e2aa4ac-c122-b5b3-284c-03d227d415b6,45a88829-14e2-86e5-ac89-36bc0cbd3c03,,2026-09-04 10:14:02,2026-09-06 07:45:02,2026-09-05 10:14:02,,BILLS_PAYMENT,,,"{""original"": {""source_amount"": {""amount"": 214.15}}, ""fees"": [{""definition"": {""label"": ""Transfer fee"", ""kind"": ""FIXED""}}]}",{},Transfer fee,FIXED,INSERT,1151,2026-09-07 11:44:00
ca9d8831-894e-7397-b38a-3db1276732d3,7daa39f0-c0b6-fce2-de53-790aa34b6cf6,40a26c60-0d27-0659-f72a-da9b2f32751e,INCOMING_COLLECTION,CANCELLED,332.86,GBP,71398.47,KES,214.5,335.36,,,,2026-07-27 09:57:57,2026-07-27 14:02:57,2026-07-28 09:57:57,,REMITTANCE,,,"{""original"": {""source_amount"": {""amount"": 335.36}}, ""fees"": [{""definition"": {""label"": ""Transfer fee"", ""kind"": ""FIXED""}}]}",{},Transfer fee,FIXED,INSERT,1152,2026-09-07 11:52:00
402da0fa-227d-cecc-b972-393a5bb0dd76,25074181-8d1f-b540-74ef-f5453e652603,81fb18b3-c9a7-d91f-ef2a-e71357021049,COLLECTION_CONVERSION_DISBURSEMENT,DISBURSEMENT_IN_PROGRESS,626.54,USD,3007392.0,UGX,4800.0,629.04,e7b7b4c6-d631-2a80-1c61-2ec210142131,04351b64-893a-d232-98c3-e3ca7ff4cec6,,2026-08-02 20:49:15,2026-08-02 22:17:15,2026-08-03 20:49:15,,REMITTANCE,,,"{""original"": {""source_amount"": {""amount"": 629.04}}, ""fees"": [{""definition"": {""label"": ""Transfer fee"", ""kind"": ""FIXED""}}]}",{},Transfer fee,FIXED,INSERT,1153,2026-09-07 11:57:00
2f7f2cd7-bbd0-fe6c-6108-ffcc8186722b,a193c4b2-3c19-e71d-1184-05ad9e11d2cd,df615a5c-b432-3070-a23d-4c2fc2a79689,CONVERSION_DISBURSEMENT,COMPLETED,702.81,EUR,1468872.9,NGN,2090.0,705.31,3dba6da8-5844-f9fc-114b-9547c9dc72b8,1a89b71e-a0d5-72c8-a837-fe68bba205ca,,2026-08-15 13:02:25,2026-08-15 13:05:25,2026-08-16 13:02:25,,REMITTANCE,,,"{""original"": {""source_amount"": {""amount"": 705.31}}, ""fees"": [{""definition"": {""label"": ""Transfer fee"", ""kind"": ""FIXED""}}]}",{},Transfer fee,FIXED,INSERT,1154,2026-09-07 11:51:00
a8ad1539-85f0-786a-18a4-40bd1c4760a5,d4aac9a3-3ed8-c56c-da09-dfa052828d80,533420e6-d9d8-0b8d-7e8a-dee70758e201,OUTGOING_PEER_TO_PEER,COMPLETED,584.0,EUR,1220560.0,NGN,2090.0,586.5,,,,2026-08-09 03:51:22,2026-08-10 07:50:22,2026-08-10 03:51:22,,REMITTANCE,,,"{""original"": {""source_amount"": {""amount"": 586.5}}, ""fees"": [{""definition"": {""label"": ""Transfer fee"", ""kind"": ""FIXED""}}]}",{},Transfer fee,FIXED,INSERT,1155,2026-09-07 11:35:00
a449d64f-922d-dab6-0825-2b391947ea42,ec1b8ca1-f91e-1d4c-1ff4-9b7889463e85,4a15544d-c5e7-ce8a-3a57-8a8ea9488d99,COLLECTION_CONVERSION_DISBURSEMENT,COMPLETED,447.13,EUR,81154.1,KES,181.5,449.63,f7dc67e0-3097-4b2b-46a0-2a9b65ec7acd,d2fe2fde-d918-b3e5-f2f2-5eef1f45dbfd,,2026-08-03 07:26:20,2026-08-03 14:45:20,2026-08-04 07:26:20,,BILLS_PAYMENT,,,"{""original"": {""source_amount"": {""amount"": 449.63}}, ""fees"": [{""definition"": {""label"": ""Transfer fee"", ""kind"": ""FIXED""}}]}",{},Transfer fee,FIXED,INSERT,1156,2026-09-07 11:50:00
d59ef0fd-1204-f4d6-bbfb-1b710a683eb8,d4aac9a3-3ed8-c56c-da09-dfa052828d80,533420e6-d9d8-0b8d-7e8a-dee70758e201,COLLECTION_CONVERSION_DISBURSEMENT,DISBURSEMENT_IN_PROGRESS,253.92,EUR,530692.8,NGN,2090.0,256.42,8ed6ad5e-1831-8aa3-5466-9d1910df9974,4082cbb9-48bd-db3e-62f5-df2badaa44ca,,2026-07-27 07:55:28,2026-07-29 02:02:28,2026-07-28 07:55:28,,BILLS_PAYMENT,,,"{""original"": {""source_amount"": {""amount"": 256.41999999999996}}, ""fees"": [{""definition"": {""label"": ""Transfer fee"", ""kind"": ""FIXED""}}]}",{},Transfer fee,FIXED,INSERT,1157,2026-09-07 11:37:00
81338bdc-66cc-7376-8cca-89632e2e77a4,6fa17735-b572-f3d0-0b5c-ea6a41357e8c,505cc686-9f87-1ce7-5487-fd4febb7a385,COLLECTION,EXPIRED,166.79,EUR,348591.1,NGN,2090.0,169.29,,,,2026-08-14 05:34:42,2026-08-14 12:41:42,2026-08-15 05:34:42,,BILLS_PAYMENT,,,"{""original"": {""source_amount"": {""amount"": 169.29}}, ""fees"": [{""definition"": {""label"": ""Transfer fee"", ""kind"": ""FIXED""}}]}",{},Transfer fee,FIXED,INSERT,1158,2026-09-07 11:57:00
b9d276f4-d37e-e471-6e3b-0507a21c1209,bf5ae7e6-53a3-dd5a-4b8c-5bdce8dd5e5a,d499da99-45c4-5a3e-e9da-484a80759f1f,DISBURSEMENT,COMPLETED,382.86,EUR,69489.09,KES,181.5,385.36,6e3c4532-1434-8f62-6cac-028cba220065,2e326567-d284-f54e-febe-c0db9a3a6103,,2026-09-03 12:19:34,2026-09-04 13:42:34,2026-09-04 12:19:34,,BILLS_PAYMENT,,,"{""original"": {""source_amount"": {""amount"": 385.36}}, ""fees"": [{""definition"": {""label"": ""Transfer fee"", ""kind"": ""FIXED""}}]}",{},Transfer fee,FIXED,INSERT,1159,2026-09-07 11:48:00
db107e7f-36fe-a0b4-38cd-9122fc0145e1,13432e61-1ca3-c448-0279-b6a68f9797b0,5d59cd2a-4eea-04e7-0ab5-4bde20a04502,CONVERSION_DISBURSEMENT,COMPLETED,25.78,EUR,136118.4,UGX,5280.0,28.28,284bf962-5744-f596-7422-21676b7a2460,530ac1c7-b8ba-8368-4fc7-77685ebbcca5,,2026-09-05 17:18:11,2026-09-06 13:55:11,2026-09-06 17:18:11,,BILLS_PAYMENT,,,"{""original"": {""source_amount"": {""amount"": 28.28}}, ""fees"": [{""definition"": {""label"": ""Transfer fee"", ""kind"": ""FIXED""}}]}",{},Transfer fee,FIXED,INSERT,1160,2026-09-07 11:42:00
ceef7261-bb15-02ea-0991-2f464ce6928b,3fa7f104-1bf9-0e27-dc96-925eccf3a171,8ce21ea3-db20-a56e-dc81-5fe7ceda8bbb,COLLECTION,EXPIRED,543.8,GBP,1343186.0,NGN,2470.0,546.3,,,,2026-08-21 11:21:34,2026-08-21 17:52:34,2026-08-22 11:21:34,,GOODS_PURCHASE,,,"{""original"": {""source_amount"": {""amount"": 546.3}}, ""fees"": [{""definition"": {""label"": ""Transfer fee"", ""kind"": ""FIXED""}}]}",{},Transfer fee,FIXED,INSERT,1161,2026-09-07 11:33:00
02ed5d15-edbc-36d8-9a30-7096d97766be,e776b886-d534-ee1d-7f29-84f5bec39a37,a5769411-a0a1-1839-e745-770418dfbc3c,COLLECTION_CONVERSION_DISBURSEMENT,COMPLETED,677.96,EUR,1416936.4,NGN,2090.0,680.46,be4969ec-6667-d3bb-e3b5-63606fdc0bad,62fb26d7-f4db-ca07-e506-f6707092947d,,2026-09-04 17:22:29,2026-09-05 08:51:29,2026-09-05 17:22:29,,GOODS_PURCHASE,,,"{""original"": {""source_amount"": {""amount"": 680.46}}, ""fees"": [{""definition"": {""label"": ""Transfer fee"", ""kind"": ""FIXED""}}]}",{},Transfer fee,FIXED,INSERT,1162,2026-09-07 11:32:00
663166a7-8c53-b74c-0c9f-a6e6beccf760,cada4f80-a9e7-82d4-fd08-b32c62d60e93,dea4ae17-54fd-9ad3-9716-108ef72169bb,COLLECTION_CONVERSION_DISBURSEMENT,COMPLETED,438.75,GBP,94111.88,KES,214.5,441.25,11536e99-5c50-8720-f982-f4e08603156a,81e03a5e-8b48-f496-86ab-d4e7f4124360,,2026-08-09 19:39:51,2026-08-10 01:18:51,2026-08-10 19:39:51,,BILLS_PAYMENT,,,"{""original"": {""source_amount"": {""amount"": 441.25}}, ""fees"": [{""definition"": {""label"": ""Transfer fee"", ""kind"": ""FIXED""}}]}",{},Transfer fee,FIXED,INSERT,1163,2026-09-07 11:52:00
9808552c-5832-c8de-521b-e8c230c3ef8a,dbccc477-09e9-db0a-df46-529061ee411a,6601ddd0-3170-f437-a8f7-ef5a060edf5b,COLLECTION_CONVERSION_DISBURSEMENT,EXPIRED,341.44,EUR,1802803.2,UGX,5280.0,343.94,6a07f213-7129-cec7-9b69-554d7c54535f,832920b7-c143-f426-372f-871a45ee432d,,2026-08-13 13:51:28,2026-08-14 18:46:28,2026-08-14 13:51:28,,GOODS_PURCHASE,,,"{""original"": {""source_amount"": {""amount"": 343.94}}, ""fees"": [{""definition"": {""label"": ""Transfer fee"", ""kind"": ""FIXED""}}]}",{},Transfer fee,FIXED,INSERT,1164,2026-09-07 11:38:00
05d2d205-789f-ed96-7337-3c2f4e1c3762,7daa39f0-c0b6-fce2-de53-790aa34b6cf6,40a26c60-0d27-0659-f72a-da9b2f32751e,COLLECTION_CONVERSION_DISBURSEMENT,COMPLETED,727.77,GBP,4541284.8,UGX,6240.0,730.27,23377bbc-fffe-77c8-39fe-b99c31274148,d82c7565-4bb9-07ec-13c1-175427aa7cbc,,2026-08-10 03:56:24,2026-08-12 03:18:24,2026-08-11 03:56:24,,BILLS_PAYMENT,,,"{""original"": {""source_amount"": {""amount"": 730.27}}, ""fees"": [{""definition"": {""label"": ""Transfer fee"", ""kind"": ""FIXED""}}]}",{},Transfer fee,FIXED,INSERT,1165,2026-09-07 11:39:00
fa033d6c-822f-b2f0-6175-a257fad3b44c,0267deb3-aab6-12c9-415d-174a75a66981,fcd6bdca-5876-fd09-f1fa-f665711533f3,COLLECTION_CONVERSION_DISBURSEMENT,COMPLETED,360.14,EUR,752692.6,NGN,2090.0,362.64,d0be73ee-fd37-2539-65f2-02f983f02dc7,095ffa81-40d9-2bce-7930-ba208b040f49,,2026-08-07 16:46:55,2026-08-09 13:06:55,2026-08-08 16:46:55,,GOODS_PURCHASE,,,"{""original"": {""source_amount"": {""amount"": 362.64}}, ""fees"": [{""definition"": {""label"": ""Transfer fee"", ""kind"": ""FIXED""}}]}",{},Transfer fee,FIXED,INSERT,1166,2026-09-07 11:36:00
80520405-fa84-bb5f-fa6e-3743fef97d57,de8a774b-cf36-d58b-4737-819096da1dac,1a2a73ed-562b-0f79-c374-59eef50bea63,COLLECTION,COMPLETED,286.05,EUR,1510344.0,UGX,5280.0,288.55,,,,2026-08-10 18:02:43,2026-08-12 12:43:43,2026-08-11 18:02:43,,BILLS_PAYMENT,,,"{""original"": {""source_amount"": {""amount"": 288.55}}, ""fees"": [{""definition"": {""label"": ""Transfer fee"", ""kind"": ""FIXED""}}]}",{},Transfer fee,FIXED,INSERT,1167,2026-09-07 11:32:00
1679bbe0-2323-8416-a82c-ae186491982b,a193c4b2-3c19-e71d-1184-05ad9e11d2cd,df615a5c-b432-3070-a23d-4c2fc2a79689,DISBURSEMENT,COMPLETED,320.77,EUR,670409.3,NGN,2090.0,323.27,3dba6da8-5844-f9fc-114b-9547c9dc72b8,1a89b71e-a0d5-72c8-a837-fe68bba205ca,,2026-08-04 10:49:22,2026-08-04 21:11:22,2026-08-05 10:49:22,,GOODS_PURCHASE,,,"{""original"": {""source_amount"": {""amount"": 323.27}}, ""fees"": [{""definition"": {""label"": ""Transfer fee"", ""kind"": ""FIXED""}}]}",{},Transfer fee,FIXED,INSERT,1168,2026-09-07 11:53:00
115c42cd-5147-6e86-2875-d40aeac7dc2e,c1101266-2408-a6dc-1346-d1a9f6802cdb,ac1e86d8-bfbf-397b-ac3e-7b0d5e5ba13d,COLLECTION_CONVERSION_DISBURSEMENT,ON_HOLD,841.07,USD,1598033.0,NGN,1900.0,843.57,a9320094-53f2-8f11-147f-65701a43db54,9a45693d-7227-890e-4e76-833a4baf0f5e,,2026-07-31 13:06:53,2026-08-02 09:54:53,2026-08-01 13:06:53,,GOODS_PURCHASE,,,"{""original"": {""source_amount"": {""amount"": 843.57}}, ""fees"": [{""definition"": {""label"": ""Transfer fee"", ""kind"": ""FIXED""}}]}",{},Transfer fee,FIXED,INSERT,1169,2026-09-07 11:37:00
d89c83f6-8098-580d-2253-80407a029a6d,675dd5af-3c36-5296-dca0-2eecacdabacc,50fd9d3f-85d5-1695-90b2-b633956b8c0c,COLLECTION,COMPLETED,625.56,GBP,134182.62,KES,214.5,628.06,,,,2026-08-10 22:34:11,2026-08-11 04:00:11,2026-08-11 22:34:11,,GOODS_PURCHASE,,,"{""original"": {""source_amount"": {""amount"": 628.06}}, ""fees"": [{""definition"": {""label"": ""Transfer fee"", ""kind"": ""FIXED""}}]}",{},Transfer fee,FIXED,INSERT,1170,2026-09-07 11:57:00
451575b9-ece9-504b-03d7-f962f80443ee,06e745f9-88bc-539c-9f4c-3b79fb10987f,610cf373-4299-9aa4-0cdf-742b2e85cb21,COLLECTION_CONVERSION_DISBURSEMENT,COMPLETED,379.56,GBP,937513.2,NGN,2470.0,382.06,0e9058b6-09a0-a0f6-73b0-a0917634c169,13a4a492-497d-e16d-d4ea-120a5e659654,,2026-08-04 11:37:38,2026-08-04 13:50:38,2026-08-05 11:37:38,,BILLS_PAYMENT,,,"{""original"": {""source_amount"": {""amount"": 382.06}}, ""fees"": [{""definition"": {""label"": ""Transfer fee"", ""kind"": ""FIXED""}}]}",{},Transfer fee,FIXED,INSERT,1171,2026-09-07 11:57:00
8420e0d8-632c-817e-8ec5-7d470a0c64e5,e776b886-d534-ee1d-7f29-84f5bec39a37,a5769411-a0a1-1839-e745-770418dfbc3c,COLLECTION_CONVERSION_DISBURSEMENT,COMPLETED,885.77,EUR,1851259.3,NGN,2090.0,888.27,be4969ec-6667-d3bb-e3b5-63606fdc0bad,62fb26d7-f4db-ca07-e506-f6707092947d,,2026-08-19 14:39:46,2026-08-20 17:40:46,2026-08-20 14:39:46,,GOODS_PURCHASE,,,"{""original"": {""source_amount"": {""amount"": 888.27}}, ""fees"": [{""definition"": {""label"": ""Transfer fee"", ""kind"": ""FIXED""}}]}",{},Transfer fee,FIXED,INSERT,1172,2026-09-07 11:44:00
b66f3507-e588-b999-971e-ea3974246baa,3fa7f104-1bf9-0e27-dc96-925eccf3a171,8ce21ea3-db20-a56e-dc81-5fe7ceda8bbb,COLLECTION_CONVERSION_DISBURSEMENT,COMPLETED,41.92,GBP,8991.84,KES,214.5,44.42,9bb96155-5275-eb94-14ae-af5ce63658c9,466772ce-204e-178c-10d0-8d1125f934bf,,2026-08-09 04:51:33,2026-08-10 11:38:33,2026-08-10 04:51:33,,REMITTANCE,,,"{""original"": {""source_amount"": {""amount"": 44.42}}, ""fees"": [{""definition"": {""label"": ""Transfer fee"", ""kind"": ""FIXED""}}]}",{},Transfer fee,FIXED,INSERT,1173,2026-09-07 11:58:00
2980f6ff-266c-47fb-dcd8-1a8ba8d6faf6,d4aac9a3-3ed8-c56c-da09-dfa052828d80,533420e6-d9d8-0b8d-7e8a-dee70758e201,COLLECTION_CONVERSION_DISBURSEMENT,ON_HOLD,517.63,EUR,1081846.7,NGN,2090.0,520.13,8ed6ad5e-1831-8aa3-5466-9d1910df9974,4082cbb9-48bd-db3e-62f5-df2badaa44ca,,2026-08-01 19:05:43,2026-08-02 17:58:43,2026-08-02 19:05:43,,REMITTANCE,,,"{""original"": {""source_amount"": {""amount"": 520.13}}, ""fees"": [{""definition"": {""label"": ""Transfer fee"", ""kind"": ""FIXED""}}]}",{},Transfer fee,FIXED,INSERT,1174,2026-09-07 11:53:00
711ebe6f-68ff-ae17-7428-349179c842cb,575aed2c-a5c5-650c-8186-a57611a72609,bbda0242-2d17-4fc9-6f7c-15ea272a6d8e,OUTGOING_PEER_TO_PEER,COMPLETED,538.2,GBP,1329354.0,NGN,2470.0,540.7,,,,2026-08-05 01:08:54,2026-08-05 15:57:54,2026-08-06 01:08:54,,REMITTANCE,,,"{""original"": {""source_amount"": {""amount"": 540.7}}, ""fees"": [{""definition"": {""label"": ""Transfer fee"", ""kind"": ""FIXED""}}]}",{},Transfer fee,FIXED,INSERT,1175,2026-09-07 11:59:00
0c85f154-3527-bcee-d343-bf88d1f379b1,7bf47042-bd15-31c8-3764-fbda3108d448,4d6168bd-2def-e193-5c62-b3a23a3c563e,COLLECTION_CONVERSION_DISBURSEMENT,FAILED,573.2,USD,2751360.0,UGX,4800.0,575.7,5cd33369-04aa-c1b7-5ca0-c428822c4d32,36d55494-f37f-d50d-2e25-b5ee4f11d8dc,,2026-08-07 00:01:30,2026-08-08 18:20:30,2026-08-08 00:01:30,,REMITTANCE,,,"{""original"": {""source_amount"": {""amount"": 575.7}}, ""fees"": [{""definition"": {""label"": ""Transfer fee"", ""kind"": ""FIXED""}}]}",{},Transfer fee,FIXED,INSERT,1176,2026-09-07 11:38:00
52a473f9-4c9e-903a-c4bd-338e17d71fc0,9384ec2b-44fe-acae-d248-a9a7ac1aa554,6f962882-95d8-2980-ff37-d19c2e76128b,COLLECTION_CONVERSION_DISBURSEMENT,ON_HOLD,839.7,EUR,152405.55,KES,181.5,842.2,d11376e0-38d7-7b9a-e916-da57f24823ab,ee33688d-597e-6845-e277-18c5737d1fb6,,2026-08-21 14:32:40,2026-08-22 15:08:40,2026-08-22 14:32:40,,BILLS_PAYMENT,,,"{""original"": {""source_amount"": {""amount"": 842.2}}, ""fees"": [{""definition"": {""label"": ""Transfer fee"", ""kind"": ""FIXED""}}]}",{},Transfer fee,FIXED,INSERT,1177,2026-09-07 11:53:00
6d53628b-4985-1b79-b4f1-36fcfc7cbe71,90164161-cfa7-01cd-2631-d00b26d794d3,715629ee-e893-be3d-7354-ea6f61607459,CONVERSION_DISBURSEMENT,DISBURSEMENT_IN_PROGRESS,841.82,USD,2778006.0,TZS,3300.0,844.32,29890880-277d-1be9-6070-b6a198e52499,c566aa81-b15e-54f6-d4d3-07952e4bebc4,,2026-08-26 22:20:25,2026-08-28 15:38:25,2026-08-27 22:20:25,,GOODS_PURCHASE,,,"{""original"": {""source_amount"": {""amount"": 844.32}}, ""fees"": [{""definition"": {""label"": ""Transfer fee"", ""kind"": ""FIXED""}}]}",{},Transfer fee,FIXED,INSERT,1178,2026-09-07 11:45:00
365bc763-a333-6ea8-ce58-de208f7763e0,8d605936-0380-2b70-8d03-c91e4f8d5238,eec259dc-7f95-897c-276a-a6ced50755d9,OUTGOING_PEER_TO_PEER,COMPLETED,313.74,GBP,774937.8,NGN,2470.0,316.24,,,,2026-08-13 14:23:34,2026-08-13 17:30:34,2026-08-14 14:23:34,,REMITTANCE,,,"{""original"": {""source_amount"": {""amount"": 316.24}}, ""fees"": [{""definition"": {""label"": ""Transfer fee"", ""kind"": ""FIXED""}}]}",{},Transfer fee,FIXED,INSERT,1179,2026-09-07 11:33:00
c45c3fbb-52ec-ac27-8ccc-617e81b66951,90164161-cfa7-01cd-2631-d00b26d794d3,715629ee-e893-be3d-7354-ea6f61607459,COLLECTION,COMPLETED,290.84,USD,959772.0,TZS,3300.0,293.34,,,,2026-08-05 20:25:04,2026-08-06 01:03:04,2026-08-06 20:25:04,,REMITTANCE,,,"{""original"": {""source_amount"": {""amount"": 293.34}}, ""fees"": [{""definition"": {""label"": ""Transfer fee"", ""kind"": ""FIXED""}}]}",{},Transfer fee,FIXED,INSERT,1180,2026-09-07 11:47:00
cc18dd0e-7978-dc84-ea89-a9797aa6d6ea,de8a774b-cf36-d58b-4737-819096da1dac,1a2a73ed-562b-0f79-c374-59eef50bea63,COLLECTION_CONVERSION_DISBURSEMENT,COMPLETED,831.61,EUR,4390900.8,UGX,5280.0,834.11,08601833-479d-0cda-f396-ea37f065c817,71818dcf-379e-fc6e-5edb-0d3cb0b63bcf,,2026-09-02 23:28:36,2026-09-03 22:33:36,2026-09-03 23:28:36,,REMITTANCE,,,"{""original"": {""source_amount"": {""amount"": 834.11}}, ""fees"": [{""definition"": {""label"": ""Transfer fee"", ""kind"": ""FIXED""}}]}",{},Transfer fee,FIXED,INSERT,1181,2026-09-07 11:53:00
1de987a2-985e-7e89-2ff8-107a63ba9d86,de8a774b-cf36-d58b-4737-819096da1dac,1a2a73ed-562b-0f79-c374-59eef50bea63,COLLECTION_CONVERSION_DISBURSEMENT,CANCELLED,522.46,EUR,2758588.8,UGX,5280.0,524.96,5cd8fe1a-dafe-c8a9-3c71-e0bef3579560,5e09a9ee-af88-bdec-fb1e-143b196f4dfa,,2026-08-19 10:28:24,2026-08-19 21:48:24,2026-08-20 10:28:24,,BILLS_PAYMENT,,,"{""original"": {""source_amount"": {""amount"": 524.96}}, ""fees"": [{""definition"": {""label"": ""Transfer fee"", ""kind"": ""FIXED""}}]}",{},Transfer fee,FIXED,INSERT,1182,2026-09-07 11:44:00
fe22eba1-ad3d-581e-8422-2f58f02254af,f54ad0a2-e874-66d7-ad66-a1bd93676a02,d9acd158-4d34-85c5-c5c1-4eb4b27b3d90,INCOMING_COLLECTION,COMPLETED,743.48,USD,122674.2,KES,165.0,745.98,,,,2026-07-31 10:57:02,2026-07-31 17:40:02,2026-08-01 10:57:02,,REMITTANCE,,,"{""original"": {""source_amount"": {""amount"": 745.98}}, ""fees"": [{""definition"": {""label"": ""Transfer fee"", ""kind"": ""FIXED""}}]}",{},Transfer fee,FIXED,INSERT,1183,2026-09-07 11:56:00
0bcfd0fc-e3a1-af97-7785-2ddb55527a3c,e9a1fa6f-81f7-6d1c-2dbc-2134c30ff46e,1ca35cfb-04fc-6d82-7d15-438552fbe43b,COLLECTION_CONVERSION_DISBURSEMENT,COMPLETED,787.25,EUR,1645352.5,NGN,2090.0,789.75,0d6a05b3-43ef-2016-2c9b-662e040a3aae,86ad8a8c-6bc4-123e-bde1-3c1b20733f6d,,2026-08-26 20:28:26,2026-08-28 13:03:26,2026-08-27 20:28:26,,REMITTANCE,,,"{""original"": {""source_amount"": {""amount"": 789.75}}, ""fees"": [{""definition"": {""label"": ""Transfer fee"", ""kind"": ""FIXED""}}]}",{},Transfer fee,FIXED,INSERT,1184,2026-09-07 11:49:00
cdd3214c-b450-8610-f17a-a7a9243d116d,bc8960a9-23b8-c1e9-3924-56de3eb13b90,815ef6d1-3b8f-aa18-37f8-a88b17fc695a,COLLECTION_CONVERSION_DISBURSEMENT,COMPLETED,300.27,EUR,54499.01,KES,181.5,302.77,899ca782-e323-6d1a-3c1b-dacc18e19331,5efa9c5b-7421-ff46-637e-4b0122bae10e,,2026-08-10 12:09:00,2026-08-12 01:40:00,2026-08-11 12:09:00,,BILLS_PAYMENT,,,"{""original"": {""source_amount"": {""amount"": 302.77}}, ""fees"": [{""definition"": {""label"": ""Transfer fee"", ""kind"": ""FIXED""}}]}",{},Transfer fee,FIXED,INSERT,1185,2026-09-07 11:53:00
cf2e45ef-abbe-274a-c226-ab53b680873b,79279973-5e78-1fd7-94e0-d3baa9f948b2,4e7ed827-455a-c762-7428-a656b3ee4d3b,OUTGOING_PEER_TO_PEER,COMPLETED,739.35,GBP,1826194.5,NGN,2470.0,741.85,,,,2026-08-08 16:01:11,2026-08-09 14:43:11,2026-08-09 16:01:11,,GOODS_PURCHASE,,,"{""original"": {""source_amount"": {""amount"": 741.85}}, ""fees"": [{""definition"": {""label"": ""Transfer fee"", ""kind"": ""FIXED""}}]}",{},Transfer fee,FIXED,INSERT,1186,2026-09-07 11:33:00
a4f89e23-af39-f2ce-4f75-d45a74a12a0d,6dadd6c7-95a7-6d79-bf3c-4c06434308bc,a0a04dc4-2720-9bdf-1c11-f735dc713d96,DISBURSEMENT,COMPLETED,432.08,GBP,1067237.6,NGN,2470.0,434.58,fcce96f6-250a-4578-fbe9-4499dbc080fd,cc6b66e5-402a-df9c-8a4b-8f7c21472a15,,2026-07-29 00:15:18,2026-07-30 23:57:18,2026-07-30 00:15:18,,GOODS_PURCHASE,,,"{""original"": {""source_amount"": {""amount"": 434.58}}, ""fees"": [{""definition"": {""label"": ""Transfer fee"", ""kind"": ""FIXED""}}]}",{},Transfer fee,FIXED,INSERT,1187,2026-09-07 11:41:00
209ce4a5-931e-1d4d-9abc-9859593edc83,06e745f9-88bc-539c-9f4c-3b79fb10987f,610cf373-4299-9aa4-0cdf-742b2e85cb21,COLLECTION_CONVERSION_DISBURSEMENT,COMPLETED,268.39,GBP,662923.3,NGN,2470.0,270.89,0e9058b6-09a0-a0f6-73b0-a0917634c169,13a4a492-497d-e16d-d4ea-120a5e659654,,2026-08-15 21:23:07,2026-08-16 09:03:07,2026-08-16 21:23:07,,GOODS_PURCHASE,,,"{""original"": {""source_amount"": {""amount"": 270.89}}, ""fees"": [{""definition"": {""label"": ""Transfer fee"", ""kind"": ""FIXED""}}]}",{},Transfer fee,FIXED,INSERT,1188,2026-09-07 11:35:00
ab6b3f08-a9a0-f4ef-2c4f-54163c749c16,a193c4b2-3c19-e71d-1184-05ad9e11d2cd,df615a5c-b432-3070-a23d-4c2fc2a79689,COLLECTION_CONVERSION_DISBURSEMENT,FAILED,499.18,EUR,1043286.2,NGN,2090.0,501.68,3dba6da8-5844-f9fc-114b-9547c9dc72b8,1a89b71e-a0d5-72c8-a837-fe68bba205ca,,2026-08-31 17:18:07,2026-09-01 16:40:07,2026-09-01 17:18:07,,REMITTANCE,,,"{""original"": {""source_amount"": {""amount"": 501.68}}, ""fees"": [{""definition"": {""label"": ""Transfer fee"", ""kind"": ""FIXED""}}]}",{},Transfer fee,FIXED,INSERT,1189,2026-09-07 11:43:00
91fda27f-4cbb-7460-510c-8c48e09ef2a3,13432e61-1ca3-c448-0279-b6a68f9797b0,5d59cd2a-4eea-04e7-0ab5-4bde20a04502,OUTGOING_PEER_TO_PEER,FAILED,200.98,EUR,1061174.4,UGX,5280.0,203.48,,,,2026-08-15 04:58:44,2026-08-15 18:20:44,2026-08-16 04:58:44,,GOODS_PURCHASE,,,"{""original"": {""source_amount"": {""amount"": 203.48}}, ""fees"": [{""definition"": {""label"": ""Transfer fee"", ""kind"": ""FIXED""}}]}",{},Transfer fee,FIXED,INSERT,1190,2026-09-07 11:43:00
d8feb8de-6779-7b58-82ab-23a0fc862110,e256a6dc-8f54-86b7-c7b5-b2bc5a8aaeca,ecab3301-bc8f-7d29-2dea-94930658663a,EARNED_REWARD,COMPLETED,27.14,USD,4478.1,KES,165.0,29.64,,,,2026-07-28 20:01:38,2026-07-30 11:48:38,2026-07-29 20:01:38,,REMITTANCE,,,"{""original"": {""source_amount"": {""amount"": 29.64}}, ""fees"": [{""definition"": {""label"": ""Transfer fee"", ""kind"": ""FIXED""}}]}",{},Transfer fee,FIXED,INSERT,1191,2026-09-07 11:32:00
d21ce315-8f5e-248e-b40f-040e0037447f,0267deb3-aab6-12c9-415d-174a75a66981,fcd6bdca-5876-fd09-f1fa-f665711533f3,COLLECTION_CONVERSION_DISBURSEMENT,COMPLETED,871.75,EUR,1821957.5,NGN,2090.0,874.25,d0be73ee-fd37-2539-65f2-02f983f02dc7,095ffa81-40d9-2bce-7930-ba208b040f49,,2026-09-06 05:49:45,2026-09-07 19:18:45,2026-09-07 05:49:45,,BILLS_PAYMENT,,,"{""original"": {""source_amount"": {""amount"": 874.25}}, ""fees"": [{""definition"": {""label"": ""Transfer fee"", ""kind"": ""FIXED""}}]}",{},Transfer fee,FIXED,INSERT,1192,2026-09-07 11:49:00
04056d2b-a5fc-d671-125d-f20602f865f8,f1738856-e25d-36eb-9e9a-9f83066803ee,1dde7969-6886-13db-a634-8e784d5c55c7,COLLECTION_CONVERSION_DISBURSEMENT,COMPLETED,130.48,USD,626304.0,UGX,4800.0,132.98,bff9507d-cd14-a03e-8359-9af65d01f55f,07f8d4f0-f3ea-0184-28f4-e3ceadedda80,,2026-08-07 12:05:34,2026-08-09 09:50:34,2026-08-08 12:05:34,,REMITTANCE,,,"{""original"": {""source_amount"": {""amount"": 132.98}}, ""fees"": [{""definition"": {""label"": ""Transfer fee"", ""kind"": ""FIXED""}}]}",{},Transfer fee,FIXED,INSERT,1193,2026-09-07 11:35:00
f63471f8-7b45-bd9c-948c-7eb41cf8570b,f2b43abf-8441-aefd-0299-436a8e485223,7da67785-b63b-4dc3-a559-e46379e13cea,COLLECTION_CONVERSION_DISBURSEMENT,COMPLETED,640.3,USD,1216570.0,NGN,1900.0,642.8,2434a678-a9e2-7ba9-952e-6abb14dd5061,f7baf55e-4f6b-58c8-598d-daeceaafe543,,2026-08-21 01:56:32,2026-08-22 10:56:32,2026-08-22 01:56:32,,GOODS_PURCHASE,,,"{""original"": {""source_amount"": {""amount"": 642.8}}, ""fees"": [{""definition"": {""label"": ""Transfer fee"", ""kind"": ""FIXED""}}]}",{},Transfer fee,FIXED,INSERT,1194,2026-09-07 11:50:00
f5e8a7e1-5a58-9b67-6bc7-b63554de19cd,575aed2c-a5c5-650c-8186-a57611a72609,bbda0242-2d17-4fc9-6f7c-15ea272a6d8e,CONVERSION_DISBURSEMENT,COMPLETED,525.09,GBP,1296972.3,NGN,2470.0,527.59,632dbb5e-486b-b6bf-eafd-e7d95f733a3e,adcc3daf-569f-3ab3-c643-530068a51c68,,2026-08-18 09:17:44,2026-08-19 17:19:44,2026-08-19 09:17:44,,BILLS_PAYMENT,,,"{""original"": {""source_amount"": {""amount"": 527.59}}, ""fees"": [{""definition"": {""label"": ""Transfer fee"", ""kind"": ""FIXED""}}]}",{},Transfer fee,FIXED,INSERT,1195,2026-09-07 11:37:00
408669bb-4721-194b-c8a4-ae21d9f850e9,13432e61-1ca3-c448-0279-b6a68f9797b0,5d59cd2a-4eea-04e7-0ab5-4bde20a04502,COLLECTION_CONVERSION_DISBURSEMENT,COMPLETED,464.92,EUR,2454777.6,UGX,5280.0,467.42,284bf962-5744-f596-7422-21676b7a2460,530ac1c7-b8ba-8368-4fc7-77685ebbcca5,,2026-07-28 12:07:52,2026-07-28 20:47:52,2026-07-29 12:07:52,,REMITTANCE,,,"{""original"": {""source_amount"": {""amount"": 467.42}}, ""fees"": [{""definition"": {""label"": ""Transfer fee"", ""kind"": ""FIXED""}}]}",{},Transfer fee,FIXED,INSERT,1196,2026-09-07 11:45:00
c536d2ce-69b6-f3b7-fe5b-9fc9c0b4f6d6,ec1b8ca1-f91e-1d4c-1ff4-9b7889463e85,4a15544d-c5e7-ce8a-3a57-8a8ea9488d99,COLLECTION_CONVERSION_DISBURSEMENT,COMPLETED,757.1,EUR,3997488.0,UGX,5280.0,759.6,a446be72-364c-911a-a9ab-364a1777e8cb,0577aea9-f899-9246-98de-8ebba3b5cece,,2026-08-22 09:51:32,2026-08-22 20:23:32,2026-08-23 09:51:32,,BILLS_PAYMENT,,,"{""original"": {""source_amount"": {""amount"": 759.6}}, ""fees"": [{""definition"": {""label"": ""Transfer fee"", ""kind"": ""FIXED""}}]}",{},Transfer fee,FIXED,INSERT,1197,2026-09-07 11:39:00
6f4abfcc-deca-8598-87cb-0e2a25288a1b,f1738856-e25d-36eb-9e9a-9f83066803ee,1dde7969-6886-13db-a634-8e784d5c55c7,COLLECTION_CONVERSION_DISBURSEMENT,EXPIRED,437.64,USD,2100672.0,UGX,4800.0,440.14,ca9e4a62-fae3-114b-a3b4-42bd46494296,abd2b512-1335-e5db-0eaf-04b5f2a9dc8a,,2026-08-27 18:05:33,2026-08-28 20:43:33,2026-08-28 18:05:33,,REMITTANCE,,,"{""original"": {""source_amount"": {""amount"": 440.14}}, ""fees"": [{""definition"": {""label"": ""Transfer fee"", ""kind"": ""FIXED""}}]}",{},Transfer fee,FIXED,INSERT,1198,2026-09-07 11:55:00
11654cb3-d4e9-9a65-022b-7e76ac3cbe34,f54ad0a2-e874-66d7-ad66-a1bd93676a02,d9acd158-4d34-85c5-c5c1-4eb4b27b3d90,COLLECTION,EXPIRED,501.9,USD,82813.5,KES,165.0,504.4,,,,2026-08-02 05:37:05,2026-08-03 03:01:05,2026-08-03 05:37:05,,REMITTANCE,,,"{""original"": {""source_amount"": {""amount"": 504.4}}, ""fees"": [{""definition"": {""label"": ""Transfer fee"", ""kind"": ""FIXED""}}]}",{},Transfer fee,FIXED,INSERT,1199,2026-09-07 11:32:00
a8174c85-9819-7749-f041-e4f70e8fd00b,300568d2-0de0-51a6-69ca-97d2764414fd,49bc473f-ed7b-f656-218a-15368c99a894,COLLECTION_CONVERSION_DISBURSEMENT,COMPLETED,565.07,EUR,2051204.1,TZS,3630.0,567.57,72d78bdd-7817-99ff-b49e-04ccc24369e7,144823f7-e7e6-46c7-0158-24639d8776a0,,2026-07-26 03:39:41,2026-07-26 05:17:41,2026-07-27 03:39:41,,REMITTANCE,,,"{""original"": {""source_amount"": {""amount"": 567.57}}, ""fees"": [{""definition"": {""label"": ""Transfer fee"", ""kind"": ""FIXED""}}]}",{},Transfer fee,FIXED,INSERT,1200,2026-09-07 11:43:00
41e0cfaf-52ca-9ced-c526-8f0fc516e394,ce177b4e-0837-b8a3-d261-a7ab3aa2e4f9,e27a984d-6548-21d0-7fcd-9eb1a7cad415,COLLECTION_CONVERSION_DISBURSEMENT,ON_HOLD,814.98,EUR,2958377.4,TZS,3630.0,817.48,541c7a86-3ba5-cd2f-dea4-5c19d0243d72,e68933a9-c9e4-8e8c-25c6-1c45c63d04ee,,2026-08-14 05:28:18,2026-08-16 04:44:18,2026-08-15 05:28:18,,REMITTANCE,,,"{""original"": {""source_amount"": {""amount"": 817.48}}, ""fees"": [{""definition"": {""label"": ""Transfer fee"", ""kind"": ""FIXED""}}]}",{},Transfer fee,FIXED,INSERT,1201,2026-09-07 11:56:00
08eca4c8-1a71-064d-424d-9430b72479b7,575aed2c-a5c5-650c-8186-a57611a72609,bbda0242-2d17-4fc9-6f7c-15ea272a6d8e,COLLECTION_CONVERSION_DISBURSEMENT,FAILED,823.1,GBP,2033057.0,NGN,2470.0,825.6,632dbb5e-486b-b6bf-eafd-e7d95f733a3e,adcc3daf-569f-3ab3-c643-530068a51c68,,2026-08-24 17:32:35,2026-08-25 00:48:35,2026-08-25 17:32:35,,REMITTANCE,,,"{""original"": {""source_amount"": {""amount"": 825.6}}, ""fees"": [{""definition"": {""label"": ""Transfer fee"", ""kind"": ""FIXED""}}]}",{},Transfer fee,FIXED,INSERT,1202,2026-09-07 11:30:00
a1dc9cab-0e21-3ce5-668e-b10e4d862412,9384ec2b-44fe-acae-d248-a9a7ac1aa554,6f962882-95d8-2980-ff37-d19c2e76128b,COLLECTION_CONVERSION_DISBURSEMENT,FAILED,313.43,EUR,56887.55,KES,181.5,315.93,808389c8-657e-01c9-0da2-3e5c6a36af18,fe9936a3-62db-c850-3c5b-f3a75fbbf0b1,,2026-08-19 11:40:28,2026-08-20 12:11:28,2026-08-20 11:40:28,,GOODS_PURCHASE,,,"{""original"": {""source_amount"": {""amount"": 315.93}}, ""fees"": [{""definition"": {""label"": ""Transfer fee"", ""kind"": ""FIXED""}}]}",{},Transfer fee,FIXED,INSERT,1203,2026-09-07 11:55:00
316e8645-0923-85fe-23d3-4d223080bed6,9384ec2b-44fe-acae-d248-a9a7ac1aa554,6f962882-95d8-2980-ff37-d19c2e76128b,CONVERSION_DISBURSEMENT,COMPLETED,405.43,EUR,73585.55,KES,181.5,407.93,808389c8-657e-01c9-0da2-3e5c6a36af18,fe9936a3-62db-c850-3c5b-f3a75fbbf0b1,,2026-09-05 11:20:57,2026-09-07 06:32:57,2026-09-06 11:20:57,,REMITTANCE,,,"{""original"": {""source_amount"": {""amount"": 407.93}}, ""fees"": [{""definition"": {""label"": ""Transfer fee"", ""kind"": ""FIXED""}}]}",{},Transfer fee,FIXED,INSERT,1204,2026-09-07 11:52:00
dec56dc3-ad96-8213-f0a9-b97f7557c28c,cada4f80-a9e7-82d4-fd08-b32c62d60e93,dea4ae17-54fd-9ad3-9716-108ef72169bb,COLLECTION_CONVERSION_DISBURSEMENT,COMPLETED,607.24,GBP,130252.98,KES,214.5,609.74,11536e99-5c50-8720-f982-f4e08603156a,81e03a5e-8b48-f496-86ab-d4e7f4124360,,2026-08-03 18:37:22,2026-08-05 15:16:22,2026-08-04 18:37:22,,GOODS_PURCHASE,,,"{""original"": {""source_amount"": {""amount"": 609.74}}, ""fees"": [{""definition"": {""label"": ""Transfer fee"", ""kind"": ""FIXED""}}]}",{},Transfer fee,FIXED,INSERT,1205,2026-09-07 11:30:00
937292e6-af20-6a9d-f9d1-85071eece891,675dd5af-3c36-5296-dca0-2eecacdabacc,50fd9d3f-85d5-1695-90b2-b633956b8c0c,COLLECTION_CONVERSION_DISBURSEMENT,COMPLETED,373.77,GBP,80173.66,KES,214.5,376.27,cfd01cbd-5f65-c8ce-bd21-bc11be9d61ee,96229348-0f5a-e9d3-8e6e-5003214f3f12,,2026-08-09 21:01:59,2026-08-11 19:20:59,2026-08-10 21:01:59,,GOODS_PURCHASE,,,"{""original"": {""source_amount"": {""amount"": 376.27}}, ""fees"": [{""definition"": {""label"": ""Transfer fee"", ""kind"": ""FIXED""}}]}",{},Transfer fee,FIXED,INSERT,1206,2026-09-07 11:48:00
01d96e96-01a0-2047-14aa-3ca37ca9e68f,d0e6e660-7c69-dee1-bb5e-4bcf15ed6269,f6e07cc0-6c52-c49f-9b49-bd26df57c59a,INCOMING_PEER_TO_PEER,FAILED,33.75,GBP,7239.38,KES,214.5,36.25,,,,2026-08-11 18:13:27,2026-08-12 05:00:27,2026-08-12 18:13:27,,REMITTANCE,,,"{""original"": {""source_amount"": {""amount"": 36.25}}, ""fees"": [{""definition"": {""label"": ""Transfer fee"", ""kind"": ""FIXED""}}]}",{},Transfer fee,FIXED,INSERT,1207,2026-09-07 11:47:00
79dbf407-c5c6-ab7d-cad0-4982ceb28a32,f1738856-e25d-36eb-9e9a-9f83066803ee,1dde7969-6886-13db-a634-8e784d5c55c7,EARNED_REWARD,CANCELLED,386.28,USD,1854144.0,UGX,4800.0,388.78,,,,2026-08-22 07:44:46,2026-08-23 03:07:46,2026-08-23 07:44:46,,GOODS_PURCHASE,,,"{""original"": {""source_amount"": {""amount"": 388.78}}, ""fees"": [{""definition"": {""label"": ""Transfer fee"", ""kind"": ""FIXED""}}]}",{},Transfer fee,FIXED,INSERT,1208,2026-09-07 11:45:00
9c4c37b3-2caf-3d2f-f026-a4183d3fbbec,d0e6e660-7c69-dee1-bb5e-4bcf15ed6269,f6e07cc0-6c52-c49f-9b49-bd26df57c59a,COLLECTION_CONVERSION_DISBURSEMENT,CANCELLED,416.37,GBP,89311.37,KES,214.5,418.87,5cae9610-c72c-1fe3-72c2-2a1679eb4168,73b6a09b-1bea-f6ac-97fa-7f0483639007,,2026-08-06 15:40:45,2026-08-08 03:23:45,2026-08-07 15:40:45,,GOODS_PURCHASE,,,"{""original"": {""source_amount"": {""amount"": 418.87}}, ""fees"": [{""definition"": {""label"": ""Transfer fee"", ""kind"": ""FIXED""}}]}",{},Transfer fee,FIXED,INSERT,1209,2026-09-07 11:32:00
cbeed3e3-1cd8-89e2-3197-91670d95ee72,575aed2c-a5c5-650c-8186-a57611a72609,bbda0242-2d17-4fc9-6f7c-15ea272a6d8e,COLLECTION_CONVERSION_DISBURSEMENT,ON_HOLD,203.14,GBP,501755.8,NGN,2470.0,205.64,632dbb5e-486b-b6bf-eafd-e7d95f733a3e,adcc3daf-569f-3ab3-c643-530068a51c68,,2026-08-23 21:53:01,2026-08-25 18:54:01,2026-08-24 21:53:01,,REMITTANCE,,,"{""original"": {""source_amount"": {""amount"": 205.64}}, ""fees"": [{""definition"": {""label"": ""Transfer fee"", ""kind"": ""FIXED""}}]}",{},Transfer fee,FIXED,INSERT,1210,2026-09-07 11:40:00
71dfc82c-b8ad-df54-3c3c-9c08e523e8a9,575aed2c-a5c5-650c-8186-a57611a72609,bbda0242-2d17-4fc9-6f7c-15ea272a6d8e,COLLECTION_CONVERSION_DISBURSEMENT,COMPLETED,122.14,GBP,301685.8,NGN,2470.0,124.64,632dbb5e-486b-b6bf-eafd-e7d95f733a3e,adcc3daf-569f-3ab3-c643-530068a51c68,,2026-08-17 01:08:14,2026-08-18 12:18:14,2026-08-18 01:08:14,,GOODS_PURCHASE,,,"{""original"": {""source_amount"": {""amount"": 124.64}}, ""fees"": [{""definition"": {""label"": ""Transfer fee"", ""kind"": ""FIXED""}}]}",{},Transfer fee,FIXED,INSERT,1211,2026-09-07 11:43:00
31b42308-b846-3413-752e-761322eb69b1,3f4b1a70-c074-718e-425a-609f7337c599,3c07c574-4925-7af1-b6aa-e05b13d5f2f7,COLLECTION_CONVERSION_DISBURSEMENT,FAILED,360.85,USD,685615.0,NGN,1900.0,363.35,a53bc024-d1a6-9d87-f54e-2019ba35844e,1a5165ca-3c7c-1d85-25cf-0041d0a643fe,,2026-08-15 14:06:10,2026-08-16 02:16:10,2026-08-16 14:06:10,,GOODS_PURCHASE,,,"{""original"": {""source_amount"": {""amount"": 363.35}}, ""fees"": [{""definition"": {""label"": ""Transfer fee"", ""kind"": ""FIXED""}}]}",{},Transfer fee,FIXED,INSERT,1212,2026-09-07 11:53:00
53c9aacb-3f71-e1ae-3f24-ba6adf629d0c,79279973-5e78-1fd7-94e0-d3baa9f948b2,4e7ed827-455a-c762-7428-a656b3ee4d3b,COLLECTION_CONVERSION_DISBURSEMENT,COMPLETED,396.74,GBP,979947.8,NGN,2470.0,399.24,b3ecb951-ab8c-bf97-20b7-1785d02ce0c1,ff4625af-bd20-563b-f275-b5f3d436a7a8,,2026-07-25 04:53:53,2026-07-27 06:44:53,2026-07-26 04:53:53,,BILLS_PAYMENT,,,"{""original"": {""source_amount"": {""amount"": 399.24}}, ""fees"": [{""definition"": {""label"": ""Transfer fee"", ""kind"": ""FIXED""}}]}",{},Transfer fee,FIXED,INSERT,1213,2026-09-07 11:35:00
f32ede3c-6818-1f5b-bb56-588bb172ec53,8da0365b-f898-97b9-405c-acec877409a9,6f4cc69a-4b22-d308-1c8e-aee95715bd6f,CONVERSION_DISBURSEMENT,COMPLETED,682.71,GBP,146441.3,KES,214.5,685.21,21bddb41-0699-8731-ddcf-8766a93b12cd,c9d6a63b-ca3c-6f5f-5bb5-c40c03cde2e3,,2026-07-28 12:48:31,2026-07-30 02:56:31,2026-07-29 12:48:31,,REMITTANCE,,,"{""original"": {""source_amount"": {""amount"": 685.21}}, ""fees"": [{""definition"": {""label"": ""Transfer fee"", ""kind"": ""FIXED""}}]}",{},Transfer fee,FIXED,INSERT,1214,2026-09-07 11:47:00
8add06f9-9ccc-e19f-f233-5074b2b3bb39,bf5ae7e6-53a3-dd5a-4b8c-5bdce8dd5e5a,d499da99-45c4-5a3e-e9da-484a80759f1f,CONVERSION_DISBURSEMENT,COMPLETED,682.54,EUR,123881.01,KES,181.5,685.04,6e3c4532-1434-8f62-6cac-028cba220065,2e326567-d284-f54e-febe-c0db9a3a6103,,2026-08-07 21:33:08,2026-08-09 02:38:08,2026-08-08 21:33:08,,GOODS_PURCHASE,,,"{""original"": {""source_amount"": {""amount"": 685.04}}, ""fees"": [{""definition"": {""label"": ""Transfer fee"", ""kind"": ""FIXED""}}]}",{},Transfer fee,FIXED,INSERT,1215,2026-09-07 11:53:00
c6090b78-b597-1e43-8f8d-d99511274cb2,7daa39f0-c0b6-fce2-de53-790aa34b6cf6,40a26c60-0d27-0659-f72a-da9b2f32751e,COLLECTION_CONVERSION_DISBURSEMENT,COMPLETED,511.74,GBP,3193257.6,UGX,6240.0,514.24,23377bbc-fffe-77c8-39fe-b99c31274148,d82c7565-4bb9-07ec-13c1-175427aa7cbc,,2026-08-02 00:12:04,2026-08-03 20:27:04,2026-08-03 00:12:04,,REMITTANCE,,,"{""original"": {""source_amount"": {""amount"": 514.24}}, ""fees"": [{""definition"": {""label"": ""Transfer fee"", ""kind"": ""FIXED""}}]}",{},Transfer fee,FIXED,INSERT,1216,2026-09-07 11:57:00
8869372a-d34c-0a09-ada5-9cb2882ae449,36c59dac-b4d7-e28e-271e-3ee2b1a6b1f1,63b4c08b-6b8e-869f-d538-5b0e34f3193c,CONVERSION_DISBURSEMENT,COMPLETED,433.74,GBP,1860744.6,TZS,4290.0,436.24,7e7e7419-a0c1-4035-c5d9-5f51f387e1bd,c2874f06-9050-f7ef-c123-5c9176c5a0dc,,2026-09-02 18:30:26,2026-09-03 02:53:26,2026-09-03 18:30:26,,BILLS_PAYMENT,,,"{""original"": {""source_amount"": {""amount"": 436.24}}, ""fees"": [{""definition"": {""label"": ""Transfer fee"", ""kind"": ""FIXED""}}]}",{},Transfer fee,FIXED,INSERT,1217,2026-09-07 11:51:00
71a0cff8-6b8d-a340-58c1-58e27951d52b,90164161-cfa7-01cd-2631-d00b26d794d3,715629ee-e893-be3d-7354-ea6f61607459,COLLECTION_CONVERSION_DISBURSEMENT,COMPLETED,839.91,USD,2771703.0,TZS,3300.0,842.41,29890880-277d-1be9-6070-b6a198e52499,c566aa81-b15e-54f6-d4d3-07952e4bebc4,,2026-08-26 15:03:27,2026-08-28 04:01:27,2026-08-27 15:03:27,,GOODS_PURCHASE,,,"{""original"": {""source_amount"": {""amount"": 842.41}}, ""fees"": [{""definition"": {""label"": ""Transfer fee"", ""kind"": ""FIXED""}}]}",{},Transfer fee,FIXED,INSERT,1218,2026-09-07 11:46:00
c50e5194-49c3-f48b-f881-5f185f34fd6c,e256a6dc-8f54-86b7-c7b5-b2bc5a8aaeca,ecab3301-bc8f-7d29-2dea-94930658663a,COLLECTION_CONVERSION_DISBURSEMENT,COMPLETED,219.57,USD,36229.05,KES,165.0,222.07,9e2aa4ac-c122-b5b3-284c-03d227d415b6,45a88829-14e2-86e5-ac89-36bc0cbd3c03,,2026-08-31 19:33:48,2026-09-01 13:18:48,2026-09-01 19:33:48,,REMITTANCE,,,"{""original"": {""source_amount"": {""amount"": 222.07}}, ""fees"": [{""definition"": {""label"": ""Transfer fee"", ""kind"": ""FIXED""}}]}",{},Transfer fee,FIXED,INSERT,1219,2026-09-07 11:54:00
51f9cd77-ed85-0a6d-7542-2851f2a24da4,575aed2c-a5c5-650c-8186-a57611a72609,bbda0242-2d17-4fc9-6f7c-15ea272a6d8e,COLLECTION_CONVERSION_DISBURSEMENT,COMPLETED,696.3,GBP,1719861.0,NGN,2470.0,698.8,632dbb5e-486b-b6bf-eafd-e7d95f733a3e,adcc3daf-569f-3ab3-c643-530068a51c68,,2026-08-13 03:20:57,2026-08-14 13:26:57,2026-08-14 03:20:57,,REMITTANCE,,,"{""original"": {""source_amount"": {""amount"": 698.8}}, ""fees"": [{""definition"": {""label"": ""Transfer fee"", ""kind"": ""FIXED""}}]}",{},Transfer fee,FIXED,INSERT,1220,2026-09-07 11:38:00
ef87bf0d-c802-2f8e-38de-6b6e86c45e42,6fa17735-b572-f3d0-0b5c-ea6a41357e8c,505cc686-9f87-1ce7-5487-fd4febb7a385,COLLECTION_CONVERSION_DISBURSEMENT,COMPLETED,191.73,EUR,1012334.4,UGX,5280.0,194.23,88575117-6155-4667-2112-507c2cfa55b0,8f0881ee-8011-316b-3ae8-8926b423ccde,,2026-08-23 00:32:51,2026-08-24 20:19:51,2026-08-24 00:32:51,,BILLS_PAYMENT,,,"{""original"": {""source_amount"": {""amount"": 194.23}}, ""fees"": [{""definition"": {""label"": ""Transfer fee"", ""kind"": ""FIXED""}}]}",{},Transfer fee,FIXED,INSERT,1221,2026-09-07 11:50:00
8f9fdc15-dfd2-3d15-7211-4575fa3efd03,8dedf9fb-4bb0-0f20-b27c-40266703b636,8c459ce2-67f4-8ad5-4d0b-0d1a91b0e1d9,COLLECTION_CONVERSION_DISBURSEMENT,COMPLETED,329.19,EUR,688007.1,NGN,2090.0,331.69,67884209-92ca-525a-6de5-93329364f3d0,4a1dab32-6aed-fdc7-a3e0-5309b5a1b949,,2026-08-07 07:38:30,2026-08-08 07:11:30,2026-08-08 07:38:30,,REMITTANCE,,,"{""original"": {""source_amount"": {""amount"": 331.69}}, ""fees"": [{""definition"": {""label"": ""Transfer fee"", ""kind"": ""FIXED""}}]}",{},Transfer fee,FIXED,INSERT,1222,2026-09-07 11:32:00
2f9e1ddb-3302-8b32-230d-a680ea350f17,afffcfd2-341e-f40b-57c7-00aab7b56ea7,c56811cd-5563-f616-00e8-5ece0b49452d,COLLECTION_CONVERSION_DISBURSEMENT,FAILED,519.77,EUR,2744385.6,UGX,5280.0,522.27,a2178f84-bdb0-25ff-2451-e5a411d059b2,bf012e32-177d-6e7e-07d9-24cef8c88fae,,2026-08-15 22:24:31,2026-08-17 22:54:31,2026-08-16 22:24:31,,BILLS_PAYMENT,,,"{""original"": {""source_amount"": {""amount"": 522.27}}, ""fees"": [{""definition"": {""label"": ""Transfer fee"", ""kind"": ""FIXED""}}]}",{},Transfer fee,FIXED,INSERT,1223,2026-09-07 11:41:00
fe8c9aab-7e38-8a19-46f7-b20ac3c49506,3fcb7546-8eb2-2579-0cdb-1ca476ecbdd6,e45b712e-b822-5688-d0a4-44329cd6c852,CONVERSION_DISBURSEMENT,EXPIRED,45.03,GBP,9658.93,KES,214.5,47.53,87d5b7be-1d30-d990-a21b-030782af085c,c6b6e4ad-e7ea-8d5a-31a3-ac4d828c37e7,,2026-08-24 19:13:47,2026-08-25 11:56:47,2026-08-25 19:13:47,,REMITTANCE,,,"{""original"": {""source_amount"": {""amount"": 47.53}}, ""fees"": [{""definition"": {""label"": ""Transfer fee"", ""kind"": ""FIXED""}}]}",{},Transfer fee,FIXED,INSERT,1224,2026-09-07 11:39:00
5b7d9d2d-22af-f503-b17a-ff6de0d96670,0267deb3-aab6-12c9-415d-174a75a66981,fcd6bdca-5876-fd09-f1fa-f665711533f3,COLLECTION_CONVERSION_DISBURSEMENT,FAILED,301.32,EUR,629758.8,NGN,2090.0,303.82,d0be73ee-fd37-2539-65f2-02f983f02dc7,095ffa81-40d9-2bce-7930-ba208b040f49,,2026-07-27 08:10:10,2026-07-27 18:09:10,2026-07-28 08:10:10,,REMITTANCE,,,"{""original"": {""source_amount"": {""amount"": 303.82}}, ""fees"": [{""definition"": {""label"": ""Transfer fee"", ""kind"": ""FIXED""}}]}",{},Transfer fee,FIXED,INSERT,1225,2026-09-07 11:56:00
e92966be-ebc0-95f5-571e-c230697878c1,5f987c71-a65e-688e-abf3-ad39fec21bbe,b535106e-122c-9a56-01d7-425638602ab6,COLLECTION_CONVERSION_DISBURSEMENT,COMPLETED,705.35,EUR,128021.03,KES,181.5,707.85,ddf275eb-e8a3-f341-c881-9065ba2c98ce,75424646-4d37-a539-857d-d3b3a8addf36,,2026-08-07 03:52:31,2026-08-08 05:20:31,2026-08-08 03:52:31,,REMITTANCE,,,"{""original"": {""source_amount"": {""amount"": 707.85}}, ""fees"": [{""definition"": {""label"": ""Transfer fee"", ""kind"": ""FIXED""}}]}",{},Transfer fee,FIXED,INSERT,1226,2026-09-07 11:55:00
35b823e4-2016-8e6d-4eb3-9f633a00c83e,a193c4b2-3c19-e71d-1184-05ad9e11d2cd,df615a5c-b432-3070-a23d-4c2fc2a79689,COLLECTION_CONVERSION_DISBURSEMENT,COMPLETED,145.28,EUR,303635.2,NGN,2090.0,147.78,3dba6da8-5844-f9fc-114b-9547c9dc72b8,1a89b71e-a0d5-72c8-a837-fe68bba205ca,,2026-09-04 02:15:43,2026-09-06 01:39:43,2026-09-05 02:15:43,,REMITTANCE,,,"{""original"": {""source_amount"": {""amount"": 147.78}}, ""fees"": [{""definition"": {""label"": ""Transfer fee"", ""kind"": ""FIXED""}}]}",{},Transfer fee,FIXED,INSERT,1227,2026-09-07 11:45:00
966d2735-3495-2c00-9a0f-09e9eb8b8c11,ce177b4e-0837-b8a3-d261-a7ab3aa2e4f9,e27a984d-6548-21d0-7fcd-9eb1a7cad415,COLLECTION,COMPLETED,708.49,EUR,2571818.7,TZS,3630.0,710.99,,,,2026-08-30 03:06:53,2026-08-30 09:42:53,2026-08-31 03:06:53,,REMITTANCE,,,"{""original"": {""source_amount"": {""amount"": 710.99}}, ""fees"": [{""definition"": {""label"": ""Transfer fee"", ""kind"": ""FIXED""}}]}",{},Transfer fee,FIXED,INSERT,1228,2026-09-07 11:31:00
91faf1c7-8141-bb37-3de8-14ac9ceab67b,afffcfd2-341e-f40b-57c7-00aab7b56ea7,c56811cd-5563-f616-00e8-5ece0b49452d,COLLECTION_CONVERSION_DISBURSEMENT,COMPLETED,707.11,EUR,3733540.8,UGX,5280.0,709.61,a2178f84-bdb0-25ff-2451-e5a411d059b2,bf012e32-177d-6e7e-07d9-24cef8c88fae,,2026-09-04 00:18:29,2026-09-05 10:29:29,2026-09-05 00:18:29,,REMITTANCE,,,"{""original"": {""source_amount"": {""amount"": 709.61}}, ""fees"": [{""definition"": {""label"": ""Transfer fee"", ""kind"": ""FIXED""}}]}",{},Transfer fee,FIXED,INSERT,1229,2026-09-07 11:56:00
c2ebbaa2-1ce3-70ed-6857-07ac3a40fe39,45b1ed25-f153-3ae8-670a-cc5cb321bf21,3a9aca5e-1761-32ed-069f-14f140181c6e,COLLECTION_CONVERSION_DISBURSEMENT,COMPLETED,208.56,USD,396264.0,NGN,1900.0,211.06,b61e5fdb-1a43-5206-ef2d-dcc48df661da,1feae1e0-d9e6-04b3-8412-a335d88c656d,,2026-08-11 22:17:00,2026-08-13 03:15:00,2026-08-12 22:17:00,,BILLS_PAYMENT,,,"{""original"": {""source_amount"": {""amount"": 211.06}}, ""fees"": [{""definition"": {""label"": ""Transfer fee"", ""kind"": ""FIXED""}}]}",{},Transfer fee,FIXED,INSERT,1230,2026-09-07 11:36:00
ffac54fd-0345-eeda-2de6-6d5b5e10a3a0,0267deb3-aab6-12c9-415d-174a75a66981,fcd6bdca-5876-fd09-f1fa-f665711533f3,COLLECTION_CONVERSION_DISBURSEMENT,COMPLETED,846.39,EUR,1768955.1,NGN,2090.0,848.89,d0be73ee-fd37-2539-65f2-02f983f02dc7,095ffa81-40d9-2bce-7930-ba208b040f49,,2026-09-05 22:27:52,2026-09-07 06:56:52,2026-09-06 22:27:52,,GOODS_PURCHASE,,,"{""original"": {""source_amount"": {""amount"": 848.89}}, ""fees"": [{""definition"": {""label"": ""Transfer fee"", ""kind"": ""FIXED""}}]}",{},Transfer fee,FIXED,INSERT,1231,2026-09-07 11:56:00
c416c07c-b6a7-87b1-c3cb-0c28474cfa29,7bf47042-bd15-31c8-3764-fbda3108d448,4d6168bd-2def-e193-5c62-b3a23a3c563e,COLLECTION_CONVERSION_DISBURSEMENT,COMPLETED,658.18,USD,3159264.0,UGX,4800.0,660.68,5cd33369-04aa-c1b7-5ca0-c428822c4d32,36d55494-f37f-d50d-2e25-b5ee4f11d8dc,,2026-09-03 04:28:04,2026-09-04 09:28:04,2026-09-04 04:28:04,,GOODS_PURCHASE,,,"{""original"": {""source_amount"": {""amount"": 660.68}}, ""fees"": [{""definition"": {""label"": ""Transfer fee"", ""kind"": ""FIXED""}}]}",{},Transfer fee,FIXED,INSERT,1232,2026-09-07 11:52:00
851b5f38-c069-7f1d-a93c-94131396a289,45b1ed25-f153-3ae8-670a-cc5cb321bf21,3a9aca5e-1761-32ed-069f-14f140181c6e,COLLECTION_CONVERSION_DISBURSEMENT,COMPLETED,104.77,USD,199063.0,NGN,1900.0,107.27,45d5a68d-290a-3abb-c35b-9fea1578d709,25b8a42f-836b-15c7-e7c2-25da73069588,,2026-08-23 16:38:37,2026-08-25 11:11:37,2026-08-24 16:38:37,,BILLS_PAYMENT,,,"{""original"": {""source_amount"": {""amount"": 107.27}}, ""fees"": [{""definition"": {""label"": ""Transfer fee"", ""kind"": ""FIXED""}}]}",{},Transfer fee,FIXED,INSERT,1233,2026-09-07 11:59:00
2a055b69-b4c0-4bdf-e27b-b6c44d945434,c0e3befd-4c71-e0fe-5a0c-dd7cf1578470,560c95ee-638c-254c-076e-2bba7c5308bf,COLLECTION_CONVERSION_DISBURSEMENT,COMPLETED,777.12,GBP,1919486.4,NGN,2470.0,779.62,50ee7a92-a091-51e0-f891-b0c3dd3f487e,780b3657-117b-355b-7094-4bdb26a524e3,,2026-08-20 12:33:48,2026-08-22 09:34:48,2026-08-21 12:33:48,,BILLS_PAYMENT,,,"{""original"": {""source_amount"": {""amount"": 779.62}}, ""fees"": [{""definition"": {""label"": ""Transfer fee"", ""kind"": ""FIXED""}}]}",{},Transfer fee,FIXED,INSERT,1234,2026-09-07 11:31:00
5dcd0d40-d641-5102-20d1-968f0b8ce21f,acf5e81e-7131-6269-7118-e36477097749,55cee5db-9e87-e04c-a208-6977a9f25336,INCOMING_COLLECTION,COMPLETED,44.77,USD,214896.0,UGX,4800.0,47.27,,,,2026-08-09 01:23:22,2026-08-09 05:35:22,2026-08-10 01:23:22,,BILLS_PAYMENT,,,"{""original"": {""source_amount"": {""amount"": 47.27}}, ""fees"": [{""definition"": {""label"": ""Transfer fee"", ""kind"": ""FIXED""}}]}",{},Transfer fee,FIXED,INSERT,1235,2026-09-07 11:45:00
3c10316d-3f63-a065-3e85-c8c4a9470663,acf5e81e-7131-6269-7118-e36477097749,55cee5db-9e87-e04c-a208-6977a9f25336,COLLECTION_CONVERSION_DISBURSEMENT,COMPLETED,329.12,USD,1579776.0,UGX,4800.0,331.62,2bffe17b-5324-01fc-f758-dce20556daea,75c8e90d-9e3d-750d-f296-d9f0cd2372c2,,2026-08-10 20:21:41,2026-08-12 00:29:41,2026-08-11 20:21:41,,GOODS_PURCHASE,,,"{""original"": {""source_amount"": {""amount"": 331.62}}, ""fees"": [{""definition"": {""label"": ""Transfer fee"", ""kind"": ""FIXED""}}]}",{},Transfer fee,FIXED,INSERT,1236,2026-09-07 11:54:00
b0dc75fb-199d-5089-7d05-121cceee7d65,de8a774b-cf36-d58b-4737-819096da1dac,1a2a73ed-562b-0f79-c374-59eef50bea63,COLLECTION_CONVERSION_DISBURSEMENT,FAILED,523.83,EUR,2765822.4,UGX,5280.0,526.33,5cd8fe1a-dafe-c8a9-3c71-e0bef3579560,5e09a9ee-af88-bdec-fb1e-143b196f4dfa,,2026-08-12 10:44:00,2026-08-13 08:45:00,2026-08-13 10:44:00,,GOODS_PURCHASE,,,"{""original"": {""source_amount"": {""amount"": 526.33}}, ""fees"": [{""definition"": {""label"": ""Transfer fee"", ""kind"": ""FIXED""}}]}",{},Transfer fee,FIXED,INSERT,1237,2026-09-07 11:51:00
563b04fa-9784-713d-1840-764294047909,f2b43abf-8441-aefd-0299-436a8e485223,7da67785-b63b-4dc3-a559-e46379e13cea,COLLECTION_CONVERSION_DISBURSEMENT,FAILED,651.58,USD,1238002.0,NGN,1900.0,654.08,2434a678-a9e2-7ba9-952e-6abb14dd5061,f7baf55e-4f6b-58c8-598d-daeceaafe543,,2026-08-29 13:31:38,2026-08-29 19:48:38,2026-08-30 13:31:38,,BILLS_PAYMENT,,,"{""original"": {""source_amount"": {""amount"": 654.08}}, ""fees"": [{""definition"": {""label"": ""Transfer fee"", ""kind"": ""FIXED""}}]}",{},Transfer fee,FIXED,INSERT,1238,2026-09-07 11:59:00
a92a9880-3684-1339-7fcb-cf3193ac009a,ca8f3653-c9af-18f8-43b9-da13ec856f37,cae9b4a7-2a79-ea68-0f44-704f1247ea4e,COLLECTION_CONVERSION_DISBURSEMENT,CANCELLED,779.18,EUR,4114070.4,UGX,5280.0,781.68,61c2645a-c733-2304-4822-3120c4f9eccd,f75d599f-6b2d-5b09-8707-9ad480be7e35,,2026-08-27 15:26:26,2026-08-29 02:41:26,2026-08-28 15:26:26,,GOODS_PURCHASE,,,"{""original"": {""source_amount"": {""amount"": 781.68}}, ""fees"": [{""definition"": {""label"": ""Transfer fee"", ""kind"": ""FIXED""}}]}",{},Transfer fee,FIXED,INSERT,1239,2026-09-07 11:44:00
d2deb47d-4455-d60e-6995-8fd1d8914adf,0267deb3-aab6-12c9-415d-174a75a66981,fcd6bdca-5876-fd09-f1fa-f665711533f3,COLLECTION_CONVERSION_DISBURSEMENT,COMPLETED,577.86,EUR,1207727.4,NGN,2090.0,580.36,d0be73ee-fd37-2539-65f2-02f983f02dc7,095ffa81-40d9-2bce-7930-ba208b040f49,,2026-09-04 06:11:21,2026-09-04 10:35:21,2026-09-05 06:11:21,,BILLS_PAYMENT,,,"{""original"": {""source_amount"": {""amount"": 580.36}}, ""fees"": [{""definition"": {""label"": ""Transfer fee"", ""kind"": ""FIXED""}}]}",{},Transfer fee,FIXED,INSERT,1240,2026-09-07 11:38:00
7c602399-b8f4-0e5e-f6ba-bccc0acfbd89,de8a774b-cf36-d58b-4737-819096da1dac,1a2a73ed-562b-0f79-c374-59eef50bea63,COLLECTION_CONVERSION_DISBURSEMENT,CANCELLED,586.98,EUR,3099254.4,UGX,5280.0,589.48,5cd8fe1a-dafe-c8a9-3c71-e0bef3579560,5e09a9ee-af88-bdec-fb1e-143b196f4dfa,,2026-08-20 05:37:08,2026-08-20 17:38:08,2026-08-21 05:37:08,,REMITTANCE,,,"{""original"": {""source_amount"": {""amount"": 589.48}}, ""fees"": [{""definition"": {""label"": ""Transfer fee"", ""kind"": ""FIXED""}}]}",{},Transfer fee,FIXED,INSERT,1241,2026-09-07 11:43:00
7f176b55-4076-7e21-8677-72d3ee7a6de6,f1738856-e25d-36eb-9e9a-9f83066803ee,1dde7969-6886-13db-a634-8e784d5c55c7,CONVERSION_DISBURSEMENT,EXPIRED,855.71,USD,4107408.0,UGX,4800.0,858.21,ca9e4a62-fae3-114b-a3b4-42bd46494296,abd2b512-1335-e5db-0eaf-04b5f2a9dc8a,,2026-09-02 17:50:00,2026-09-04 09:28:00,2026-09-03 17:50:00,,REMITTANCE,,,"{""original"": {""source_amount"": {""amount"": 858.21}}, ""fees"": [{""definition"": {""label"": ""Transfer fee"", ""kind"": ""FIXED""}}]}",{},Transfer fee,FIXED,INSERT,1242,2026-09-07 11:45:00
f2deb798-b31a-25b5-5fec-aa6e88917cf5,37bb3eec-4bf5-0b52-309d-258c27a0c3d7,eb5cf467-80ba-cd64-7a0e-cfea958ca9ba,COLLECTION_CONVERSION_DISBURSEMENT,COMPLETED,69.21,USD,228393.0,TZS,3300.0,71.71,112fa612-7969-9ed2-ec48-bf55afd380c4,17dded81-15da-705c-d4ef-00aa175a81ec,,2026-08-05 20:17:16,2026-08-07 12:32:16,2026-08-06 20:17:16,,REMITTANCE,,,"{""original"": {""source_amount"": {""amount"": 71.71}}, ""fees"": [{""definition"": {""label"": ""Transfer fee"", ""kind"": ""FIXED""}}]}",{},Transfer fee,FIXED,INSERT,1243,2026-09-07 11:48:00
af6c6f61-cfef-a2a2-e735-4db25ce4124b,750cab75-4ccc-9bc2-a53f-8a28abf3e3fc,43e42caf-8181-a8cc-3691-47eb89a2688b,DISBURSEMENT,COMPLETED,863.47,USD,2849451.0,TZS,3300.0,865.97,39681c81-7b70-c3b8-a81f-dec3279c658a,d86a6460-59a1-120e-1bb4-3332d8e7012f,,2026-08-08 12:19:26,2026-08-10 07:57:26,2026-08-09 12:19:26,,REMITTANCE,,,"{""original"": {""source_amount"": {""amount"": 865.97}}, ""fees"": [{""definition"": {""label"": ""Transfer fee"", ""kind"": ""FIXED""}}]}",{},Transfer fee,FIXED,INSERT,1244,2026-09-07 11:51:00
148113b4-ddcf-5003-4627-41ec08ac784f,8a0b3c33-36d8-393a-7c44-1fe7ab4220a7,6e595ed3-a8b3-17fa-18d0-752b1825bc54,INCOMING_PEER_TO_PEER,COMPLETED,377.53,USD,62292.45,KES,165.0,380.03,,,,2026-09-05 04:39:12,2026-09-07 00:39:12,2026-09-06 04:39:12,,BILLS_PAYMENT,,,"{""original"": {""source_amount"": {""amount"": 380.03}}, ""fees"": [{""definition"": {""label"": ""Transfer fee"", ""kind"": ""FIXED""}}]}",{},Transfer fee,FIXED,INSERT,1245,2026-09-07 11:56:00
10fd7164-819f-2393-42ce-ef41b2cfba8b,06e745f9-88bc-539c-9f4c-3b79fb10987f,610cf373-4299-9aa4-0cdf-742b2e85cb21,COLLECTION_CONVERSION_DISBURSEMENT,DISBURSEMENT_IN_PROGRESS,745.47,GBP,1841310.9,NGN,2470.0,747.97,0e9058b6-09a0-a0f6-73b0-a0917634c169,13a4a492-497d-e16d-d4ea-120a5e659654,,2026-08-14 00:05:31,2026-08-14 06:57:31,2026-08-15 00:05:31,,BILLS_PAYMENT,,,"{""original"": {""source_amount"": {""amount"": 747.97}}, ""fees"": [{""definition"": {""label"": ""Transfer fee"", ""kind"": ""FIXED""}}]}",{},Transfer fee,FIXED,INSERT,1246,2026-09-07 11:30:00
214dc588-c35e-a18a-a630-b287d4a39a51,6dadd6c7-95a7-6d79-bf3c-4c06434308bc,a0a04dc4-2720-9bdf-1c11-f735dc713d96,COLLECTION_CONVERSION_DISBURSEMENT,COMPLETED,873.3,GBP,2157051.0,NGN,2470.0,875.8,fcce96f6-250a-4578-fbe9-4499dbc080fd,cc6b66e5-402a-df9c-8a4b-8f7c21472a15,,2026-08-18 13:36:35,2026-08-20 14:19:35,2026-08-19 13:36:35,,GOODS_PURCHASE,,,"{""original"": {""source_amount"": {""amount"": 875.8}}, ""fees"": [{""definition"": {""label"": ""Transfer fee"", ""kind"": ""FIXED""}}]}",{},Transfer fee,FIXED,INSERT,1247,2026-09-07 11:42:00
16c72b1a-e826-fac7-3a8c-8ed5a06aa68a,6e417d47-5ff5-95ea-5bc4-40f14b1a269b,deef580f-9c07-a751-1437-45092cd1586a,COLLECTION_CONVERSION_DISBURSEMENT,COMPLETED,589.45,GBP,2528740.5,TZS,4290.0,591.95,56ab087a-8bc7-8e81-5a30-45280b599562,d49405f0-2cd2-a404-a48e-40f1d0421dfa,,2026-09-07 07:30:13,2026-09-08 21:38:13,2026-09-08 07:30:13,,BILLS_PAYMENT,,,"{""original"": {""source_amount"": {""amount"": 591.95}}, ""fees"": [{""definition"": {""label"": ""Transfer fee"", ""kind"": ""FIXED""}}]}",{},Transfer fee,FIXED,INSERT,1248,2026-09-07 11:57:00
68950908-2e2c-b850-6b17-bd75307a1acb,3f4b1a70-c074-718e-425a-609f7337c599,3c07c574-4925-7af1-b6aa-e05b13d5f2f7,OUTGOING_PEER_TO_PEER,COMPLETED,659.5,USD,1253050.0,NGN,1900.0,662.0,,,,2026-09-02 12:07:59,2026-09-03 07:27:59,2026-09-03 12:07:59,,REMITTANCE,,,"{""original"": {""source_amount"": {""amount"": 662.0}}, ""fees"": [{""definition"": {""label"": ""Transfer fee"", ""kind"": ""FIXED""}}]}",{},Transfer fee,FIXED,INSERT,1249,2026-09-07 11:48:00
a5b13afd-af2c-20ac-9539-22c05ea0942c,de8a774b-cf36-d58b-4737-819096da1dac,1a2a73ed-562b-0f79-c374-59eef50bea63,COLLECTION_CONVERSION_DISBURSEMENT,COMPLETED,818.45,EUR,4321416.0,UGX,5280.0,820.95,5cd8fe1a-dafe-c8a9-3c71-e0bef3579560,5e09a9ee-af88-bdec-fb1e-143b196f4dfa,,2026-08-23 11:38:58,2026-08-24 18:26:58,2026-08-24 11:38:58,,BILLS_PAYMENT,,,"{""original"": {""source_amount"": {""amount"": 820.95}}, ""fees"": [{""definition"": {""label"": ""Transfer fee"", ""kind"": ""FIXED""}}]}",{},Transfer fee,FIXED,INSERT,1250,2026-09-07 11:46:00
40efa857-015f-566c-0ba6-aa86cf5285f7,c1101266-2408-a6dc-1346-d1a9f6802cdb,ac1e86d8-bfbf-397b-ac3e-7b0d5e5ba13d,OUTGOING_PEER_TO_PEER,EXPIRED,644.42,USD,3093216.0,UGX,4800.0,646.92,,,,2026-09-01 10:41:14,2026-09-03 03:32:14,2026-09-02 10:41:14,,GOODS_PURCHASE,,,"{""original"": {""source_amount"": {""amount"": 646.92}}, ""fees"": [{""definition"": {""label"": ""Transfer fee"", ""kind"": ""FIXED""}}]}",{},Transfer fee,FIXED,INSERT,1251,2026-09-07 11:53:00
949aca46-0a87-2ac2-8f3f-5995e468eb64,7daa39f0-c0b6-fce2-de53-790aa34b6cf6,40a26c60-0d27-0659-f72a-da9b2f32751e,COLLECTION_CONVERSION_DISBURSEMENT,COMPLETED,136.37,GBP,29251.37,KES,214.5,138.87,d5ca69ab-8a2e-6a93-c558-0bb281f7f3fb,09a9d1c1-86ca-c6f4-e238-fe93bd17c5e8,,2026-08-26 02:04:36,2026-08-27 03:24:36,2026-08-27 02:04:36,,REMITTANCE,,,"{""original"": {""source_amount"": {""amount"": 138.87}}, ""fees"": [{""definition"": {""label"": ""Transfer fee"", ""kind"": ""FIXED""}}]}",{},Transfer fee,FIXED,INSERT,1252,2026-09-07 11:55:00
50c76baa-2a3c-6137-e486-23dd6f8ef978,13432e61-1ca3-c448-0279-b6a68f9797b0,5d59cd2a-4eea-04e7-0ab5-4bde20a04502,OUTGOING_PEER_TO_PEER,ON_HOLD,474.94,EUR,2507683.2,UGX,5280.0,477.44,,,,2026-09-07 11:42:12,2026-09-08 05:43:12,2026-09-08 11:42:12,,GOODS_PURCHASE,,,"{""original"": {""source_amount"": {""amount"": 477.44}}, ""fees"": [{""definition"": {""label"": ""Transfer fee"", ""kind"": ""FIXED""}}]}",{},Transfer fee,FIXED,INSERT,1253,2026-09-07 11:47:00
2ee25989-3ad8-2406-0df8-1d2b260c037e,78660765-14f7-ce8d-d5bc-b8d04094dded,f510ab53-c7fe-e39f-1190-f938a66fd7f7,DISBURSEMENT,CANCELLED,66.84,USD,320832.0,UGX,4800.0,69.34,f4488385-8de7-ad6c-9490-77c27674456f,0a8076ec-e558-2e16-bd29-ede9cab4923b,,2026-08-24 09:45:12,2026-08-25 15:48:12,2026-08-25 09:45:12,,REMITTANCE,,,"{""original"": {""source_amount"": {""amount"": 69.34}}, ""fees"": [{""definition"": {""label"": ""Transfer fee"", ""kind"": ""FIXED""}}]}",{},Transfer fee,FIXED,INSERT,1254,2026-09-07 11:43:00
bffbd93b-2b15-619e-d5bf-85f32e3f674c,da743152-627b-41a1-ffd6-f23232ffe294,d47d577b-fa5a-91ca-059d-d55d4b943e30,COLLECTION_CONVERSION_DISBURSEMENT,COMPLETED,783.99,EUR,1638539.1,NGN,2090.0,786.49,0c3ce284-c7e5-3bbb-dcb5-1c535b62a8df,45f18619-54f9-0429-a7de-02ccdda4f4a7,,2026-07-29 01:01:34,2026-07-29 14:56:34,2026-07-30 01:01:34,,GOODS_PURCHASE,,,"{""original"": {""source_amount"": {""amount"": 786.49}}, ""fees"": [{""definition"": {""label"": ""Transfer fee"", ""kind"": ""FIXED""}}]}",{},Transfer fee,FIXED,INSERT,1255,2026-09-07 11:46:00
b52c4358-d4a8-b45a-75d1-d77614c08f6d,e9a1fa6f-81f7-6d1c-2dbc-2134c30ff46e,1ca35cfb-04fc-6d82-7d15-438552fbe43b,COLLECTION_CONVERSION_DISBURSEMENT,FAILED,155.32,EUR,324618.8,NGN,2090.0,157.82,0d6a05b3-43ef-2016-2c9b-662e040a3aae,86ad8a8c-6bc4-123e-bde1-3c1b20733f6d,,2026-07-29 15:34:49,2026-07-30 13:40:49,2026-07-30 15:34:49,,GOODS_PURCHASE,,,"{""original"": {""source_amount"": {""amount"": 157.82}}, ""fees"": [{""definition"": {""label"": ""Transfer fee"", ""kind"": ""FIXED""}}]}",{},Transfer fee,FIXED,INSERT,1256,2026-09-07 11:43:00
a5accd5a-48f1-8eed-6703-7089c78cd2c3,89e06ab3-7250-ee18-260a-5962dd81b7f5,9261549d-3d22-5c30-b28f-41defb140bc3,COLLECTION_CONVERSION_DISBURSEMENT,COMPLETED,163.39,USD,539187.0,TZS,3300.0,165.89,9d642932-0066-853d-6de2-99a14a90cd0c,6aa42c9f-9217-0475-3d95-9e3f5a5226e6,,2026-09-03 21:03:17,2026-09-04 11:16:17,2026-09-04 21:03:17,,GOODS_PURCHASE,,,"{""original"": {""source_amount"": {""amount"": 165.89}}, ""fees"": [{""definition"": {""label"": ""Transfer fee"", ""kind"": ""FIXED""}}]}",{},Transfer fee,FIXED,INSERT,1257,2026-09-07 11:49:00
17cb67b8-6d0f-74e6-a174-a7856f2190cb,f2b43abf-8441-aefd-0299-436a8e485223,7da67785-b63b-4dc3-a559-e46379e13cea,COLLECTION_CONVERSION_DISBURSEMENT,ON_HOLD,560.2,USD,1064380.0,NGN,1900.0,562.7,2434a678-a9e2-7ba9-952e-6abb14dd5061,f7baf55e-4f6b-58c8-598d-daeceaafe543,,2026-08-14 00:17:25,2026-08-15 01:26:25,2026-08-15 00:17:25,,REMITTANCE,,,"{""original"": {""source_amount"": {""amount"": 562.7}}, ""fees"": [{""definition"": {""label"": ""Transfer fee"", ""kind"": ""FIXED""}}]}",{},Transfer fee,FIXED,INSERT,1258,2026-09-07 11:58:00
0b8b56f7-ead4-4e11-1397-a29f8d0df6f6,bf5ae7e6-53a3-dd5a-4b8c-5bdce8dd5e5a,d499da99-45c4-5a3e-e9da-484a80759f1f,COLLECTION_CONVERSION_DISBURSEMENT,COMPLETED,520.31,EUR,94436.26,KES,181.5,522.81,6e3c4532-1434-8f62-6cac-028cba220065,2e326567-d284-f54e-febe-c0db9a3a6103,,2026-08-14 06:20:37,2026-08-15 02:31:37,2026-08-15 06:20:37,,GOODS_PURCHASE,,,"{""original"": {""source_amount"": {""amount"": 522.81}}, ""fees"": [{""definition"": {""label"": ""Transfer fee"", ""kind"": ""FIXED""}}]}",{},Transfer fee,FIXED,INSERT,1259,2026-09-07 11:45:00
732fc932-ab96-2697-c1e1-f813747ac231,ec1b8ca1-f91e-1d4c-1ff4-9b7889463e85,4a15544d-c5e7-ce8a-3a57-8a8ea9488d99,COLLECTION_CONVERSION_DISBURSEMENT,DISBURSEMENT_IN_PROGRESS,536.74,EUR,97418.31,KES,181.5,539.24,f7dc67e0-3097-4b2b-46a0-2a9b65ec7acd,d2fe2fde-d918-b3e5-f2f2-5eef1f45dbfd,,2026-08-07 22:47:04,2026-08-08 20:13:04,2026-08-08 22:47:04,,GOODS_PURCHASE,,,"{""original"": {""source_amount"": {""amount"": 539.24}}, ""fees"": [{""definition"": {""label"": ""Transfer fee"", ""kind"": ""FIXED""}}]}",{},Transfer fee,FIXED,INSERT,1260,2026-09-07 11:51:00
9de2fd3f-f952-f1e8-d029-733c9e55f98d,c0e3befd-4c71-e0fe-5a0c-dd7cf1578470,560c95ee-638c-254c-076e-2bba7c5308bf,INCOMING_PEER_TO_PEER,ON_HOLD,448.32,GBP,2797516.8,UGX,6240.0,450.82,,,,2026-08-22 17:14:58,2026-08-24 18:48:58,2026-08-23 17:14:58,,BILLS_PAYMENT,,,"{""original"": {""source_amount"": {""amount"": 450.82}}, ""fees"": [{""definition"": {""label"": ""Transfer fee"", ""kind"": ""FIXED""}}]}",{},Transfer fee,FIXED,INSERT,1261,2026-09-07 11:48:00
b22f2e91-0411-0e35-d0e3-4b2b1ca64c33,9384ec2b-44fe-acae-d248-a9a7ac1aa554,6f962882-95d8-2980-ff37-d19c2e76128b,COLLECTION_CONVERSION_DISBURSEMENT,COMPLETED,32.21,EUR,5846.12,KES,181.5,34.71,808389c8-657e-01c9-0da2-3e5c6a36af18,fe9936a3-62db-c850-3c5b-f3a75fbbf0b1,,2026-07-30 13:44:23,2026-07-30 22:58:23,2026-07-31 13:44:23,,REMITTANCE,,,"{""original"": {""source_amount"": {""amount"": 34.71}}, ""fees"": [{""definition"": {""label"": ""Transfer fee"", ""kind"": ""FIXED""}}]}",{},Transfer fee,FIXED,INSERT,1262,2026-09-07 11:56:00
d456e29d-91c6-31cf-4b7a-123e338aea2d,9384ec2b-44fe-acae-d248-a9a7ac1aa554,6f962882-95d8-2980-ff37-d19c2e76128b,CONVERSION_DISBURSEMENT,COMPLETED,535.0,EUR,97102.5,KES,181.5,537.5,808389c8-657e-01c9-0da2-3e5c6a36af18,fe9936a3-62db-c850-3c5b-f3a75fbbf0b1,,2026-07-25 10:52:04,2026-07-26 17:34:04,2026-07-26 10:52:04,,BILLS_PAYMENT,,,"{""original"": {""source_amount"": {""amount"": 537.5}}, ""fees"": [{""definition"": {""label"": ""Transfer fee"", ""kind"": ""FIXED""}}]}",{},Transfer fee,FIXED,INSERT,1263,2026-09-07 11:58:00
9f690cde-7eaa-7a91-1def-d401792cad76,3f4b1a70-c074-718e-425a-609f7337c599,3c07c574-4925-7af1-b6aa-e05b13d5f2f7,DISBURSEMENT,COMPLETED,387.08,USD,1277364.0,TZS,3300.0,389.58,9a36d1ec-2c6a-6e9a-3280-67a14187222b,a7cf705c-c257-cf73-c29d-782b2722796e,,2026-08-06 12:03:59,2026-08-08 08:19:59,2026-08-07 12:03:59,,GOODS_PURCHASE,,,"{""original"": {""source_amount"": {""amount"": 389.58}}, ""fees"": [{""definition"": {""label"": ""Transfer fee"", ""kind"": ""FIXED""}}]}",{},Transfer fee,FIXED,INSERT,1264,2026-09-07 11:39:00
ac50c260-f0f2-4933-d544-c79b6ab76840,292bd156-db94-6570-1ac7-0ec0ab8ddeb4,50843242-168b-1625-746f-78910964fbbf,COLLECTION_CONVERSION_DISBURSEMENT,COMPLETED,363.53,USD,690707.0,NGN,1900.0,366.03,ee4a9b5d-5195-54e3-0737-4c86397b5f51,a663d2cd-b6f6-dbf1-d6d4-41cc195d82f8,,2026-08-28 14:21:00,2026-08-30 14:55:00,2026-08-29 14:21:00,,GOODS_PURCHASE,,,"{""original"": {""source_amount"": {""amount"": 366.03}}, ""fees"": [{""definition"": {""label"": ""Transfer fee"", ""kind"": ""FIXED""}}]}",{},Transfer fee,FIXED,INSERT,1265,2026-09-07 11:47:00
5b673a25-42c4-5041-e183-10035bd972c7,78660765-14f7-ce8d-d5bc-b8d04094dded,f510ab53-c7fe-e39f-1190-f938a66fd7f7,COLLECTION_CONVERSION_DISBURSEMENT,COMPLETED,899.35,USD,4316880.0,UGX,4800.0,901.85,f4488385-8de7-ad6c-9490-77c27674456f,0a8076ec-e558-2e16-bd29-ede9cab4923b,,2026-08-20 12:45:16,2026-08-20 15:58:16,2026-08-21 12:45:16,,GOODS_PURCHASE,,,"{""original"": {""source_amount"": {""amount"": 901.85}}, ""fees"": [{""definition"": {""label"": ""Transfer fee"", ""kind"": ""FIXED""}}]}",{},Transfer fee,FIXED,INSERT,1266,2026-09-07 11:36:00
7015693c-f23e-9a06-ed37-c2ce0ce87570,bf5ae7e6-53a3-dd5a-4b8c-5bdce8dd5e5a,d499da99-45c4-5a3e-e9da-484a80759f1f,COLLECTION,COMPLETED,111.64,EUR,405253.2,TZS,3630.0,114.14,,,,2026-08-22 20:02:53,2026-08-24 17:45:53,2026-08-23 20:02:53,,BILLS_PAYMENT,,,"{""original"": {""source_amount"": {""amount"": 114.14}}, ""fees"": [{""definition"": {""label"": ""Transfer fee"", ""kind"": ""FIXED""}}]}",{},Transfer fee,FIXED,INSERT,1267,2026-09-07 11:30:00
e9365d1b-3494-3114-def1-4d581e392331,7daa39f0-c0b6-fce2-de53-790aa34b6cf6,40a26c60-0d27-0659-f72a-da9b2f32751e,DISBURSEMENT,COMPLETED,167.0,GBP,1042080.0,UGX,6240.0,169.5,23377bbc-fffe-77c8-39fe-b99c31274148,d82c7565-4bb9-07ec-13c1-175427aa7cbc,,2026-08-18 03:03:14,2026-08-18 10:15:14,2026-08-19 03:03:14,,BILLS_PAYMENT,,,"{""original"": {""source_amount"": {""amount"": 169.5}}, ""fees"": [{""definition"": {""label"": ""Transfer fee"", ""kind"": ""FIXED""}}]}",{},Transfer fee,FIXED,INSERT,1268,2026-09-07 11:46:00
4968fdf2-5760-c094-7942-000acf242413,680ac07a-2a93-5d62-3c83-5dc0d9441fa5,43e458fc-63f2-ae24-fc3d-3348008d4127,COLLECTION_CONVERSION_DISBURSEMENT,ON_HOLD,235.88,GBP,1011925.2,TZS,4290.0,238.38,3a7e8e14-e359-eee1-7399-1a476e191042,74188109-d3d1-bf0f-56c4-38e469efafb1,,2026-08-30 19:59:18,2026-08-30 20:26:18,2026-08-31 19:59:18,,GOODS_PURCHASE,,,"{""original"": {""source_amount"": {""amount"": 238.38}}, ""fees"": [{""definition"": {""label"": ""Transfer fee"", ""kind"": ""FIXED""}}]}",{},Transfer fee,FIXED,INSERT,1269,2026-09-07 11:53:00
569b111f-15b4-066e-11d0-12a7f19293c9,de8a774b-cf36-d58b-4737-819096da1dac,1a2a73ed-562b-0f79-c374-59eef50bea63,COLLECTION_CONVERSION_DISBURSEMENT,ON_HOLD,729.5,EUR,3851760.0,UGX,5280.0,732.0,5cd8fe1a-dafe-c8a9-3c71-e0bef3579560,5e09a9ee-af88-bdec-fb1e-143b196f4dfa,,2026-07-24 23:35:27,2026-07-27 00:35:27,2026-07-25 23:35:27,,BILLS_PAYMENT,,,"{""original"": {""source_amount"": {""amount"": 732.0}}, ""fees"": [{""definition"": {""label"": ""Transfer fee"", ""kind"": ""FIXED""}}]}",{},Transfer fee,FIXED,INSERT,1270,2026-09-07 11:50:00
9e418884-c9d0-c0fc-9fd6-09228b5f74aa,7daa39f0-c0b6-fce2-de53-790aa34b6cf6,40a26c60-0d27-0659-f72a-da9b2f32751e,COLLECTION,COMPLETED,200.52,GBP,1251244.8,UGX,6240.0,203.02,,,,2026-08-15 03:50:52,2026-08-16 23:48:52,2026-08-16 03:50:52,,GOODS_PURCHASE,,,"{""original"": {""source_amount"": {""amount"": 203.02}}, ""fees"": [{""definition"": {""label"": ""Transfer fee"", ""kind"": ""FIXED""}}]}",{},Transfer fee,FIXED,INSERT,1271,2026-09-07 11:53:00
e13f8740-bd74-0fe0-b808-8e14b9a01137,89e06ab3-7250-ee18-260a-5962dd81b7f5,9261549d-3d22-5c30-b28f-41defb140bc3,COLLECTION_CONVERSION_DISBURSEMENT,COMPLETED,314.35,USD,1037355.0,TZS,3300.0,316.85,9d642932-0066-853d-6de2-99a14a90cd0c,6aa42c9f-9217-0475-3d95-9e3f5a5226e6,,2026-07-26 07:04:24,2026-07-27 19:46:24,2026-07-27 07:04:24,,REMITTANCE,,,"{""original"": {""source_amount"": {""amount"": 316.85}}, ""fees"": [{""definition"": {""label"": ""Transfer fee"", ""kind"": ""FIXED""}}]}",{},Transfer fee,FIXED,INSERT,1272,2026-09-07 11:47:00
f0fbdb65-a6a5-790a-c1ad-e98a0c3838a5,e9a1fa6f-81f7-6d1c-2dbc-2134c30ff46e,1ca35cfb-04fc-6d82-7d15-438552fbe43b,COLLECTION_CONVERSION_DISBURSEMENT,COMPLETED,331.94,EUR,693754.6,NGN,2090.0,334.44,0d6a05b3-43ef-2016-2c9b-662e040a3aae,86ad8a8c-6bc4-123e-bde1-3c1b20733f6d,,2026-08-23 22:29:44,2026-08-25 09:08:44,2026-08-24 22:29:44,,REMITTANCE,,,"{""original"": {""source_amount"": {""amount"": 334.44}}, ""fees"": [{""definition"": {""label"": ""Transfer fee"", ""kind"": ""FIXED""}}]}",{},Transfer fee,FIXED,INSERT,1273,2026-09-07 11:54:00
d2a5d216-314b-4d36-9516-235984362fc7,292bd156-db94-6570-1ac7-0ec0ab8ddeb4,50843242-168b-1625-746f-78910964fbbf,EARNED_REWARD,COMPLETED,112.6,USD,213940.0,NGN,1900.0,115.1,,,,2026-08-18 17:27:19,2026-08-19 10:22:19,2026-08-19 17:27:19,,BILLS_PAYMENT,,,"{""original"": {""source_amount"": {""amount"": 115.1}}, ""fees"": [{""definition"": {""label"": ""Transfer fee"", ""kind"": ""FIXED""}}]}",{},Transfer fee,FIXED,INSERT,1274,2026-09-07 11:40:00
214bd473-e375-5867-6cc5-60710febecad,c0e3befd-4c71-e0fe-5a0c-dd7cf1578470,560c95ee-638c-254c-076e-2bba7c5308bf,COLLECTION_CONVERSION_DISBURSEMENT,DISBURSEMENT_IN_PROGRESS,92.11,GBP,227511.7,NGN,2470.0,94.61,50ee7a92-a091-51e0-f891-b0c3dd3f487e,780b3657-117b-355b-7094-4bdb26a524e3,,2026-08-14 03:58:02,2026-08-15 08:06:02,2026-08-15 03:58:02,,BILLS_PAYMENT,,,"{""original"": {""source_amount"": {""amount"": 94.61}}, ""fees"": [{""definition"": {""label"": ""Transfer fee"", ""kind"": ""FIXED""}}]}",{},Transfer fee,FIXED,INSERT,1275,2026-09-07 11:51:00
0858f527-792d-d499-7497-375c366fbddd,292bd156-db94-6570-1ac7-0ec0ab8ddeb4,50843242-168b-1625-746f-78910964fbbf,COLLECTION_CONVERSION_DISBURSEMENT,DISBURSEMENT_IN_PROGRESS,123.89,USD,235391.0,NGN,1900.0,126.39,ee4a9b5d-5195-54e3-0737-4c86397b5f51,a663d2cd-b6f6-dbf1-d6d4-41cc195d82f8,,2026-08-18 09:54:15,2026-08-19 22:02:15,2026-08-19 09:54:15,,GOODS_PURCHASE,,,"{""original"": {""source_amount"": {""amount"": 126.39}}, ""fees"": [{""definition"": {""label"": ""Transfer fee"", ""kind"": ""FIXED""}}]}",{},Transfer fee,FIXED,INSERT,1276,2026-09-07 11:43:00
bd5a6112-d1b2-2e3c-2ede-2487373058be,5f987c71-a65e-688e-abf3-ad39fec21bbe,b535106e-122c-9a56-01d7-425638602ab6,OUTGOING_PEER_TO_PEER,COMPLETED,802.37,EUR,145630.16,KES,181.5,804.87,,,,2026-07-26 20:40:57,2026-07-27 17:30:57,2026-07-27 20:40:57,,BILLS_PAYMENT,,,"{""original"": {""source_amount"": {""amount"": 804.87}}, ""fees"": [{""definition"": {""label"": ""Transfer fee"", ""kind"": ""FIXED""}}]}",{},Transfer fee,FIXED,INSERT,1277,2026-09-07 11:40:00
73cecf7c-90d5-e87e-4f48-9f4592b4002c,bc8960a9-23b8-c1e9-3924-56de3eb13b90,815ef6d1-3b8f-aa18-37f8-a88b17fc695a,DISBURSEMENT,COMPLETED,387.47,EUR,70325.81,KES,181.5,389.97,899ca782-e323-6d1a-3c1b-dacc18e19331,5efa9c5b-7421-ff46-637e-4b0122bae10e,,2026-07-27 18:43:06,2026-07-27 21:47:06,2026-07-28 18:43:06,,BILLS_PAYMENT,,,"{""original"": {""source_amount"": {""amount"": 389.97}}, ""fees"": [{""definition"": {""label"": ""Transfer fee"", ""kind"": ""FIXED""}}]}",{},Transfer fee,FIXED,INSERT,1278,2026-09-07 11:44:00
06598f83-b50b-9ff8-2a65-bae3ddaf2233,575aed2c-a5c5-650c-8186-a57611a72609,bbda0242-2d17-4fc9-6f7c-15ea272a6d8e,COLLECTION,COMPLETED,588.41,GBP,1453372.7,NGN,2470.0,590.91,,,,2026-08-29 05:24:01,2026-08-30 00:21:01,2026-08-30 05:24:01,,GOODS_PURCHASE,,,"{""original"": {""source_amount"": {""amount"": 590.91}}, ""fees"": [{""definition"": {""label"": ""Transfer fee"", ""kind"": ""FIXED""}}]}",{},Transfer fee,FIXED,INSERT,1279,2026-09-07 11:43:00
307c3f63-8591-a818-91fb-8925f5112438,a021c0ca-3531-968d-c342-bd2bf295456e,4a8ff810-784c-2f29-9804-02a2b07aa066,COLLECTION_CONVERSION_DISBURSEMENT,FAILED,686.7,USD,1304730.0,NGN,1900.0,689.2,72ecf16e-c8a7-23e9-bfa0-16c2c09cb506,4f3949a8-3d3a-2582-88b4-f4743be79df4,,2026-08-19 19:16:57,2026-08-21 10:39:57,2026-08-20 19:16:57,,BILLS_PAYMENT,,,"{""original"": {""source_amount"": {""amount"": 689.2}}, ""fees"": [{""definition"": {""label"": ""Transfer fee"", ""kind"": ""FIXED""}}]}",{},Transfer fee,FIXED,INSERT,1280,2026-09-07 11:46:00
41d6676a-61cb-78c3-513f-f9a9872491ca,f1738856-e25d-36eb-9e9a-9f83066803ee,1dde7969-6886-13db-a634-8e784d5c55c7,COLLECTION_CONVERSION_DISBURSEMENT,COMPLETED,41.17,USD,197616.0,UGX,4800.0,43.67,ca9e4a62-fae3-114b-a3b4-42bd46494296,abd2b512-1335-e5db-0eaf-04b5f2a9dc8a,,2026-08-02 06:18:25,2026-08-03 10:38:25,2026-08-03 06:18:25,,REMITTANCE,,,"{""original"": {""source_amount"": {""amount"": 43.67}}, ""fees"": [{""definition"": {""label"": ""Transfer fee"", ""kind"": ""FIXED""}}]}",{},Transfer fee,FIXED,INSERT,1281,2026-09-07 11:56:00
517e7f4a-0f85-93c3-44f0-07171d75f901,79279973-5e78-1fd7-94e0-d3baa9f948b2,4e7ed827-455a-c762-7428-a656b3ee4d3b,CONVERSION_DISBURSEMENT,COMPLETED,358.84,GBP,1539423.6,TZS,4290.0,361.34,15b02530-f020-e992-b576-255e98549f22,a4bbf962-606e-0e1c-8f15-84494f40c22f,,2026-08-30 00:35:52,2026-08-31 11:02:52,2026-08-31 00:35:52,,BILLS_PAYMENT,,,"{""original"": {""source_amount"": {""amount"": 361.34}}, ""fees"": [{""definition"": {""label"": ""Transfer fee"", ""kind"": ""FIXED""}}]}",{},Transfer fee,FIXED,INSERT,1282,2026-09-07 11:38:00
f7c90c89-c86a-ed73-3415-c076801c5617,d0e6e660-7c69-dee1-bb5e-4bcf15ed6269,f6e07cc0-6c52-c49f-9b49-bd26df57c59a,DISBURSEMENT,COMPLETED,764.72,GBP,164032.44,KES,214.5,767.22,5cae9610-c72c-1fe3-72c2-2a1679eb4168,73b6a09b-1bea-f6ac-97fa-7f0483639007,,2026-08-15 03:36:25,2026-08-15 09:20:25,2026-08-16 03:36:25,,REMITTANCE,,,"{""original"": {""source_amount"": {""amount"": 767.22}}, ""fees"": [{""definition"": {""label"": ""Transfer fee"", ""kind"": ""FIXED""}}]}",{},Transfer fee,FIXED,INSERT,1283,2026-09-07 11:58:00
6151bd93-ae14-55f4-d6e8-aad3403a423a,a021c0ca-3531-968d-c342-bd2bf295456e,4a8ff810-784c-2f29-9804-02a2b07aa066,COLLECTION_CONVERSION_DISBURSEMENT,COMPLETED,260.51,USD,494969.0,NGN,1900.0,263.01,72ecf16e-c8a7-23e9-bfa0-16c2c09cb506,4f3949a8-3d3a-2582-88b4-f4743be79df4,,2026-09-07 05:59:14,2026-09-08 14:55:14,2026-09-08 05:59:14,,BILLS_PAYMENT,,,"{""original"": {""source_amount"": {""amount"": 263.01}}, ""fees"": [{""definition"": {""label"": ""Transfer fee"", ""kind"": ""FIXED""}}]}",{},Transfer fee,FIXED,INSERT,1284,2026-09-07 11:39:00
3ef527fe-45e4-307a-73e5-550db52f5f46,f84f16b3-a79f-bfaf-def5-768968f45bce,da330aa1-541c-dfcd-da0d-4a5f148f8b74,COLLECTION,COMPLETED,882.08,EUR,4657382.4,UGX,5280.0,884.58,,,,2026-08-24 08:01:35,2026-08-25 01:52:35,2026-08-25 08:01:35,,GOODS_PURCHASE,,,"{""original"": {""source_amount"": {""amount"": 884.58}}, ""fees"": [{""definition"": {""label"": ""Transfer fee"", ""kind"": ""FIXED""}}]}",{},Transfer fee,FIXED,INSERT,1285,2026-09-07 11:52:00
69c50d69-2c6c-db5a-ac36-7cb90273be68,de8a774b-cf36-d58b-4737-819096da1dac,1a2a73ed-562b-0f79-c374-59eef50bea63,INCOMING_PEER_TO_PEER,COMPLETED,23.77,EUR,125505.6,UGX,5280.0,26.27,,,,2026-08-23 01:17:16,2026-08-24 09:49:16,2026-08-24 01:17:16,,GOODS_PURCHASE,,,"{""original"": {""source_amount"": {""amount"": 26.27}}, ""fees"": [{""definition"": {""label"": ""Transfer fee"", ""kind"": ""FIXED""}}]}",{},Transfer fee,FIXED,INSERT,1286,2026-09-07 11:56:00
89e4ec28-13d8-8e04-a6b9-6653a62b3d30,bf5ae7e6-53a3-dd5a-4b8c-5bdce8dd5e5a,d499da99-45c4-5a3e-e9da-484a80759f1f,INCOMING_COLLECTION,COMPLETED,712.83,EUR,129378.65,KES,181.5,715.33,,,,2026-08-19 14:58:06,2026-08-19 20:31:06,2026-08-20 14:58:06,,REMITTANCE,,,"{""original"": {""source_amount"": {""amount"": 715.33}}, ""fees"": [{""definition"": {""label"": ""Transfer fee"", ""kind"": ""FIXED""}}]}",{},Transfer fee,FIXED,INSERT,1287,2026-09-07 11:52:00
02288f07-fbda-05ae-b270-9103cfd6b161,a193c4b2-3c19-e71d-1184-05ad9e11d2cd,df615a5c-b432-3070-a23d-4c2fc2a79689,OUTGOING_PEER_TO_PEER,COMPLETED,758.45,EUR,1585160.5,NGN,2090.0,760.95,,,,2026-08-12 06:35:51,2026-08-12 18:41:51,2026-08-13 06:35:51,,REMITTANCE,,,"{""original"": {""source_amount"": {""amount"": 760.95}}, ""fees"": [{""definition"": {""label"": ""Transfer fee"", ""kind"": ""FIXED""}}]}",{},Transfer fee,FIXED,INSERT,1288,2026-09-07 11:56:00
ebe0c8c1-ae38-cf46-47f8-6de4c227e0f2,c0e3befd-4c71-e0fe-5a0c-dd7cf1578470,560c95ee-638c-254c-076e-2bba7c5308bf,COLLECTION_CONVERSION_DISBURSEMENT,COMPLETED,673.97,GBP,4205572.8,UGX,6240.0,676.47,46510367-cbdc-4318-4d85-a3d2a1a27485,81e0d489-5a18-e2a3-0e61-4bcd97674900,,2026-07-24 22:54:32,2026-07-25 14:02:32,2026-07-25 22:54:32,,GOODS_PURCHASE,,,"{""original"": {""source_amount"": {""amount"": 676.47}}, ""fees"": [{""definition"": {""label"": ""Transfer fee"", ""kind"": ""FIXED""}}]}",{},Transfer fee,FIXED,INSERT,1289,2026-09-07 11:58:00
3a5bece9-db00-ab4c-91e5-2e86eefe02c3,f2b43abf-8441-aefd-0299-436a8e485223,7da67785-b63b-4dc3-a559-e46379e13cea,COLLECTION_CONVERSION_DISBURSEMENT,FAILED,132.14,USD,251066.0,NGN,1900.0,134.64,2434a678-a9e2-7ba9-952e-6abb14dd5061,f7baf55e-4f6b-58c8-598d-daeceaafe543,,2026-07-30 17:25:04,2026-07-30 21:52:04,2026-07-31 17:25:04,,GOODS_PURCHASE,,,"{""original"": {""source_amount"": {""amount"": 134.64}}, ""fees"": [{""definition"": {""label"": ""Transfer fee"", ""kind"": ""FIXED""}}]}",{},Transfer fee,FIXED,INSERT,1290,2026-09-07 11:31:00
b8a1e477-e240-e060-0b20-802fc24f3f4c,afffcfd2-341e-f40b-57c7-00aab7b56ea7,c56811cd-5563-f616-00e8-5ece0b49452d,COLLECTION,COMPLETED,338.1,EUR,706629.0,NGN,2090.0,340.6,,,,2026-08-16 03:36:46,2026-08-17 13:26:46,2026-08-17 03:36:46,,REMITTANCE,,,"{""original"": {""source_amount"": {""amount"": 340.6}}, ""fees"": [{""definition"": {""label"": ""Transfer fee"", ""kind"": ""FIXED""}}]}",{},Transfer fee,FIXED,INSERT,1291,2026-09-07 11:58:00
fa647958-39c2-c1a2-bcc9-245cfd81fbc0,3eae0032-0bd4-a990-0640-be0f25b8fd4b,664fa663-7e8f-8095-624c-69b6b24445a7,COLLECTION_CONVERSION_DISBURSEMENT,COMPLETED,730.75,EUR,132631.13,KES,181.5,733.25,3e49fd09-1b19-d8b8-d830-20816fcc57dd,862268d1-6683-e107-96c0-44d06f887f28,,2026-09-05 05:23:20,2026-09-06 20:26:20,2026-09-06 05:23:20,,GOODS_PURCHASE,,,"{""original"": {""source_amount"": {""amount"": 733.25}}, ""fees"": [{""definition"": {""label"": ""Transfer fee"", ""kind"": ""FIXED""}}]}",{},Transfer fee,FIXED,INSERT,1292,2026-09-07 11:41:00
704377c3-9e9b-e9e2-9997-496bc6978476,1d870966-0710-d430-f071-d87954c63cd8,587ef344-6f3f-920c-98b8-e4cc1bc044fc,COLLECTION_CONVERSION_DISBURSEMENT,COMPLETED,850.32,USD,140302.8,KES,165.0,852.82,996d5c50-fc04-a168-652f-fb493873e57f,4d29d1ab-3455-12f7-01f7-c7ec0e0630cd,,2026-09-01 01:12:23,2026-09-01 17:22:23,2026-09-02 01:12:23,,REMITTANCE,,,"{""original"": {""source_amount"": {""amount"": 852.82}}, ""fees"": [{""definition"": {""label"": ""Transfer fee"", ""kind"": ""FIXED""}}]}",{},Transfer fee,FIXED,INSERT,1293,2026-09-07 11:51:00
997dcd9a-dd55-4b7d-3bad-3a0d693e5fcf,d4aac9a3-3ed8-c56c-da09-dfa052828d80,533420e6-d9d8-0b8d-7e8a-dee70758e201,COLLECTION_CONVERSION_DISBURSEMENT,COMPLETED,563.23,EUR,1177150.7,NGN,2090.0,565.73,8ed6ad5e-1831-8aa3-5466-9d1910df9974,4082cbb9-48bd-db3e-62f5-df2badaa44ca,,2026-08-12 23:59:40,2026-08-13 06:32:40,2026-08-13 23:59:40,,GOODS_PURCHASE,,,"{""original"": {""source_amount"": {""amount"": 565.73}}, ""fees"": [{""definition"": {""label"": ""Transfer fee"", ""kind"": ""FIXED""}}]}",{},Transfer fee,FIXED,INSERT,1294,2026-09-07 11:52:00
835c3541-6f93-be2a-95a3-40d94fc9663f,36c59dac-b4d7-e28e-271e-3ee2b1a6b1f1,63b4c08b-6b8e-869f-d538-5b0e34f3193c,COLLECTION_CONVERSION_DISBURSEMENT,COMPLETED,73.23,GBP,314156.7,TZS,4290.0,75.73,7e7e7419-a0c1-4035-c5d9-5f51f387e1bd,c2874f06-9050-f7ef-c123-5c9176c5a0dc,,2026-09-01 04:36:07,2026-09-01 07:37:07,2026-09-02 04:36:07,,GOODS_PURCHASE,,,"{""original"": {""source_amount"": {""amount"": 75.73}}, ""fees"": [{""definition"": {""label"": ""Transfer fee"", ""kind"": ""FIXED""}}]}",{},Transfer fee,FIXED,INSERT,1295,2026-09-07 11:57:00
576ff264-1182-e8e7-c907-0c973385db3b,0267deb3-aab6-12c9-415d-174a75a66981,fcd6bdca-5876-fd09-f1fa-f665711533f3,COLLECTION_CONVERSION_DISBURSEMENT,COMPLETED,583.69,EUR,105939.74,KES,181.5,586.19,ca862225-0b36-e356-339b-77a84b1f0d7b,50cae32d-0aba-590e-e2c3-28aa33107475,,2026-08-02 23:39:56,2026-08-03 13:20:56,2026-08-03 23:39:56,,REMITTANCE,,,"{""original"": {""source_amount"": {""amount"": 586.19}}, ""fees"": [{""definition"": {""label"": ""Transfer fee"", ""kind"": ""FIXED""}}]}",{},Transfer fee,FIXED,INSERT,1296,2026-09-07 11:42:00
54de2c80-d08d-13df-f3dc-d264c4b27b21,675dd5af-3c36-5296-dca0-2eecacdabacc,50fd9d3f-85d5-1695-90b2-b633956b8c0c,COLLECTION_CONVERSION_DISBURSEMENT,FAILED,443.06,GBP,95036.37,KES,214.5,445.56,cfd01cbd-5f65-c8ce-bd21-bc11be9d61ee,96229348-0f5a-e9d3-8e6e-5003214f3f12,,2026-08-03 20:19:27,2026-08-04 12:39:27,2026-08-04 20:19:27,,GOODS_PURCHASE,,,"{""original"": {""source_amount"": {""amount"": 445.56}}, ""fees"": [{""definition"": {""label"": ""Transfer fee"", ""kind"": ""FIXED""}}]}",{},Transfer fee,FIXED,INSERT,1297,2026-09-07 11:56:00
322c3dae-2db4-e428-3ef7-839f8df4097b,13432e61-1ca3-c448-0279-b6a68f9797b0,5d59cd2a-4eea-04e7-0ab5-4bde20a04502,COLLECTION_CONVERSION_DISBURSEMENT,COMPLETED,319.04,EUR,1684531.2,UGX,5280.0,321.54,284bf962-5744-f596-7422-21676b7a2460,530ac1c7-b8ba-8368-4fc7-77685ebbcca5,,2026-08-28 09:30:19,2026-08-28 21:24:19,2026-08-29 09:30:19,,REMITTANCE,,,"{""original"": {""source_amount"": {""amount"": 321.54}}, ""fees"": [{""definition"": {""label"": ""Transfer fee"", ""kind"": ""FIXED""}}]}",{},Transfer fee,FIXED,INSERT,1298,2026-09-07 11:51:00
31120678-308c-523d-cb7e-717c217bc29e,7daa39f0-c0b6-fce2-de53-790aa34b6cf6,40a26c60-0d27-0659-f72a-da9b2f32751e,EARNED_REWARD,COMPLETED,796.8,GBP,170913.6,KES,214.5,799.3,,,,2026-07-30 06:03:17,2026-07-30 15:55:17,2026-07-31 06:03:17,,GOODS_PURCHASE,,,"{""original"": {""source_amount"": {""amount"": 799.3}}, ""fees"": [{""definition"": {""label"": ""Transfer fee"", ""kind"": ""FIXED""}}]}",{},Transfer fee,FIXED,INSERT,1299,2026-09-07 11:52:00
965afd0f-9db4-02f1-c359-5dc20bd372a9,acf5e81e-7131-6269-7118-e36477097749,55cee5db-9e87-e04c-a208-6977a9f25336,COLLECTION_CONVERSION_DISBURSEMENT,FAILED,235.2,USD,1128960.0,UGX,4800.0,237.7,2bffe17b-5324-01fc-f758-dce20556daea,75c8e90d-9e3d-750d-f296-d9f0cd2372c2,,2026-08-14 08:27:02,2026-08-16 03:53:02,2026-08-15 08:27:02,,REMITTANCE,,,"{""original"": {""source_amount"": {""amount"": 237.7}}, ""fees"": [{""definition"": {""label"": ""Transfer fee"", ""kind"": ""FIXED""}}]}",{},Transfer fee,FIXED,INSERT,1300,2026-09-07 11:31:00
957fe29f-ca66-5da6-ebd2-cb71a35ae369,9384ec2b-44fe-acae-d248-a9a7ac1aa554,6f962882-95d8-2980-ff37-d19c2e76128b,EARNED_REWARD,COMPLETED,531.44,EUR,96456.36,KES,181.5,533.94,,,,2026-08-16 11:58:05,2026-08-17 06:18:05,2026-08-17 11:58:05,,GOODS_PURCHASE,,,"{""original"": {""source_amount"": {""amount"": 533.94}}, ""fees"": [{""definition"": {""label"": ""Transfer fee"", ""kind"": ""FIXED""}}]}",{},Transfer fee,FIXED,INSERT,1301,2026-09-07 11:40:00
6088825e-e382-6da1-6cce-4c234e55f3fe,ec1b8ca1-f91e-1d4c-1ff4-9b7889463e85,4a15544d-c5e7-ce8a-3a57-8a8ea9488d99,COLLECTION_CONVERSION_DISBURSEMENT,COMPLETED,368.39,EUR,66862.79,KES,181.5,370.89,f7dc67e0-3097-4b2b-46a0-2a9b65ec7acd,d2fe2fde-d918-b3e5-f2f2-5eef1f45dbfd,,2026-08-15 10:42:41,2026-08-16 02:43:41,2026-08-16 10:42:41,,GOODS_PURCHASE,,,"{""original"": {""source_amount"": {""amount"": 370.89}}, ""fees"": [{""definition"": {""label"": ""Transfer fee"", ""kind"": ""FIXED""}}]}",{},Transfer fee,FIXED,INSERT,1302,2026-09-07 11:37:00
136d6cce-a535-f9d7-43ff-fdea3bd9b015,f84f16b3-a79f-bfaf-def5-768968f45bce,da330aa1-541c-dfcd-da0d-4a5f148f8b74,COLLECTION_CONVERSION_DISBURSEMENT,COMPLETED,178.02,EUR,939945.6,UGX,5280.0,180.52,a2bb522b-0b25-1279-785a-c5d0df92a621,40ef3935-5f90-bed6-fb25-664d630aa767,,2026-08-12 01:29:39,2026-08-12 03:11:39,2026-08-13 01:29:39,,BILLS_PAYMENT,,,"{""original"": {""source_amount"": {""amount"": 180.52}}, ""fees"": [{""definition"": {""label"": ""Transfer fee"", ""kind"": ""FIXED""}}]}",{},Transfer fee,FIXED,INSERT,1303,2026-09-07 11:37:00
8b0a4802-bd64-e8d6-b757-ec69c09c3207,89e06ab3-7250-ee18-260a-5962dd81b7f5,9261549d-3d22-5c30-b28f-41defb140bc3,COLLECTION_CONVERSION_DISBURSEMENT,DISBURSEMENT_IN_PROGRESS,898.6,USD,2965380.0,TZS,3300.0,901.1,9d642932-0066-853d-6de2-99a14a90cd0c,6aa42c9f-9217-0475-3d95-9e3f5a5226e6,,2026-08-22 19:45:02,2026-08-23 05:10:02,2026-08-23 19:45:02,,BILLS_PAYMENT,,,"{""original"": {""source_amount"": {""amount"": 901.1}}, ""fees"": [{""definition"": {""label"": ""Transfer fee"", ""kind"": ""FIXED""}}]}",{},Transfer fee,FIXED,INSERT,1304,2026-09-07 11:47:00
5735773c-761e-6287-d07c-5e53b8f6703b,37bb3eec-4bf5-0b52-309d-258c27a0c3d7,eb5cf467-80ba-cd64-7a0e-cfea958ca9ba,COLLECTION_CONVERSION_DISBURSEMENT,COMPLETED,686.71,USD,2266143.0,TZS,3300.0,689.21,112fa612-7969-9ed2-ec48-bf55afd380c4,17dded81-15da-705c-d4ef-00aa175a81ec,,2026-08-21 23:54:31,2026-08-23 13:38:31,2026-08-22 23:54:31,,REMITTANCE,,,"{""original"": {""source_amount"": {""amount"": 689.21}}, ""fees"": [{""definition"": {""label"": ""Transfer fee"", ""kind"": ""FIXED""}}]}",{},Transfer fee,FIXED,INSERT,1305,2026-09-07 11:47:00
5379f279-4cb5-0625-89a0-6a99b0c5d3d5,1d870966-0710-d430-f071-d87954c63cd8,587ef344-6f3f-920c-98b8-e4cc1bc044fc,COLLECTION_CONVERSION_DISBURSEMENT,COMPLETED,691.3,USD,114064.5,KES,165.0,693.8,996d5c50-fc04-a168-652f-fb493873e57f,4d29d1ab-3455-12f7-01f7-c7ec0e0630cd,,2026-08-26 18:58:17,2026-08-27 22:31:17,2026-08-27 18:58:17,,GOODS_PURCHASE,,,"{""original"": {""source_amount"": {""amount"": 693.8}}, ""fees"": [{""definition"": {""label"": ""Transfer fee"", ""kind"": ""FIXED""}}]}",{},Transfer fee,FIXED,INSERT,1306,2026-09-07 11:47:00
acc54c62-1ab4-44a7-2be2-6bd117deace8,06e745f9-88bc-539c-9f4c-3b79fb10987f,610cf373-4299-9aa4-0cdf-742b2e85cb21,COLLECTION_CONVERSION_DISBURSEMENT,FAILED,807.37,GBP,1994203.9,NGN,2470.0,809.87,0e9058b6-09a0-a0f6-73b0-a0917634c169,13a4a492-497d-e16d-d4ea-120a5e659654,,2026-08-15 10:04:36,2026-08-17 05:42:36,2026-08-16 10:04:36,,GOODS_PURCHASE,,,"{""original"": {""source_amount"": {""amount"": 809.87}}, ""fees"": [{""definition"": {""label"": ""Transfer fee"", ""kind"": ""FIXED""}}]}",{},Transfer fee,FIXED,INSERT,1307,2026-09-07 11:56:00
639509c4-119a-7396-be3e-9a907a6eaaa5,da743152-627b-41a1-ffd6-f23232ffe294,d47d577b-fa5a-91ca-059d-d55d4b943e30,COLLECTION_CONVERSION_DISBURSEMENT,COMPLETED,492.08,EUR,1028447.2,NGN,2090.0,494.58,0c3ce284-c7e5-3bbb-dcb5-1c535b62a8df,45f18619-54f9-0429-a7de-02ccdda4f4a7,,2026-07-29 21:01:33,2026-07-30 05:50:33,2026-07-30 21:01:33,,REMITTANCE,,,"{""original"": {""source_amount"": {""amount"": 494.58}}, ""fees"": [{""definition"": {""label"": ""Transfer fee"", ""kind"": ""FIXED""}}]}",{},Transfer fee,FIXED,INSERT,1308,2026-09-07 11:52:00
0a0175e5-937d-6fb1-7673-359775cff755,7bf47042-bd15-31c8-3764-fbda3108d448,4d6168bd-2def-e193-5c62-b3a23a3c563e,CONVERSION_DISBURSEMENT,COMPLETED,793.73,USD,3809904.0,UGX,4800.0,796.23,5cd33369-04aa-c1b7-5ca0-c428822c4d32,36d55494-f37f-d50d-2e25-b5ee4f11d8dc,,2026-09-06 16:34:45,2026-09-08 07:26:45,2026-09-07 16:34:45,,GOODS_PURCHASE,,,"{""original"": {""source_amount"": {""amount"": 796.23}}, ""fees"": [{""definition"": {""label"": ""Transfer fee"", ""kind"": ""FIXED""}}]}",{},Transfer fee,FIXED,INSERT,1309,2026-09-07 11:36:00
b2da61f7-64bf-c76d-1874-ed7d9190c53f,300568d2-0de0-51a6-69ca-97d2764414fd,49bc473f-ed7b-f656-218a-15368c99a894,COLLECTION_CONVERSION_DISBURSEMENT,COMPLETED,181.43,EUR,658590.9,TZS,3630.0,183.93,72d78bdd-7817-99ff-b49e-04ccc24369e7,144823f7-e7e6-46c7-0158-24639d8776a0,,2026-09-06 17:11:50,2026-09-08 14:11:50,2026-09-07 17:11:50,,REMITTANCE,,,"{""original"": {""source_amount"": {""amount"": 183.93}}, ""fees"": [{""definition"": {""label"": ""Transfer fee"", ""kind"": ""FIXED""}}]}",{},Transfer fee,FIXED,INSERT,1310,2026-09-07 11:33:00
12bcf090-06d6-fba7-7650-9bcd0b6d35d7,89e06ab3-7250-ee18-260a-5962dd81b7f5,9261549d-3d22-5c30-b28f-41defb140bc3,COLLECTION_CONVERSION_DISBURSEMENT,COMPLETED,202.49,USD,668217.0,TZS,3300.0,204.99,9d642932-0066-853d-6de2-99a14a90cd0c,6aa42c9f-9217-0475-3d95-9e3f5a5226e6,,2026-08-01 12:03:05,2026-08-02 05:19:05,2026-08-02 12:03:05,,GOODS_PURCHASE,,,"{""original"": {""source_amount"": {""amount"": 204.99}}, ""fees"": [{""definition"": {""label"": ""Transfer fee"", ""kind"": ""FIXED""}}]}",{},Transfer fee,FIXED,INSERT,1311,2026-09-07 11:31:00
d6a7aa06-2bab-ba12-294f-513fd770a46e,ca8f3653-c9af-18f8-43b9-da13ec856f37,cae9b4a7-2a79-ea68-0f44-704f1247ea4e,EARNED_REWARD,COMPLETED,741.98,EUR,3917654.4,UGX,5280.0,744.48,,,,2026-07-31 07:24:35,2026-08-01 15:33:35,2026-08-01 07:24:35,,REMITTANCE,,,"{""original"": {""source_amount"": {""amount"": 744.48}}, ""fees"": [{""definition"": {""label"": ""Transfer fee"", ""kind"": ""FIXED""}}]}",{},Transfer fee,FIXED,INSERT,1312,2026-09-07 11:37:00
c37a927b-abe0-5b22-13dc-a1542b1fc2ab,7bf47042-bd15-31c8-3764-fbda3108d448,4d6168bd-2def-e193-5c62-b3a23a3c563e,COLLECTION_CONVERSION_DISBURSEMENT,COMPLETED,672.47,USD,3227856.0,UGX,4800.0,674.97,5cd33369-04aa-c1b7-5ca0-c428822c4d32,36d55494-f37f-d50d-2e25-b5ee4f11d8dc,,2026-07-30 12:38:48,2026-08-01 01:08:48,2026-07-31 12:38:48,,REMITTANCE,,,"{""original"": {""source_amount"": {""amount"": 674.97}}, ""fees"": [{""definition"": {""label"": ""Transfer fee"", ""kind"": ""FIXED""}}]}",{},Transfer fee,FIXED,INSERT,1313,2026-09-07 11:51:00
3332432b-3d10-fa95-e8a4-42385fe8b710,7bf47042-bd15-31c8-3764-fbda3108d448,4d6168bd-2def-e193-5c62-b3a23a3c563e,COLLECTION_CONVERSION_DISBURSEMENT,ON_HOLD,837.36,USD,4019328.0,UGX,4800.0,839.86,5cd33369-04aa-c1b7-5ca0-c428822c4d32,36d55494-f37f-d50d-2e25-b5ee4f11d8dc,,2026-08-11 19:41:51,2026-08-12 09:28:51,2026-08-12 19:41:51,,REMITTANCE,,,"{""original"": {""source_amount"": {""amount"": 839.86}}, ""fees"": [{""definition"": {""label"": ""Transfer fee"", ""kind"": ""FIXED""}}]}",{},Transfer fee,FIXED,INSERT,1314,2026-09-07 11:44:00
1b1b4cd7-36ba-4918-3b7f-19981eed0236,d4aac9a3-3ed8-c56c-da09-dfa052828d80,533420e6-d9d8-0b8d-7e8a-dee70758e201,OUTGOING_PEER_TO_PEER,COMPLETED,846.25,EUR,1768662.5,NGN,2090.0,848.75,,,,2026-08-19 19:07:45,2026-08-20 22:06:45,2026-08-20 19:07:45,,BILLS_PAYMENT,,,"{""original"": {""source_amount"": {""amount"": 848.75}}, ""fees"": [{""definition"": {""label"": ""Transfer fee"", ""kind"": ""FIXED""}}]}",{},Transfer fee,FIXED,INSERT,1315,2026-09-07 11:53:00
10e67176-3858-3966-7572-56f63677f5b4,dbccc477-09e9-db0a-df46-529061ee411a,6601ddd0-3170-f437-a8f7-ef5a060edf5b,COLLECTION_CONVERSION_DISBURSEMENT,COMPLETED,30.54,EUR,161251.2,UGX,5280.0,33.04,6a07f213-7129-cec7-9b69-554d7c54535f,832920b7-c143-f426-372f-871a45ee432d,,2026-08-25 05:57:24,2026-08-26 03:33:24,2026-08-26 05:57:24,,GOODS_PURCHASE,,,"{""original"": {""source_amount"": {""amount"": 33.04}}, ""fees"": [{""definition"": {""label"": ""Transfer fee"", ""kind"": ""FIXED""}}]}",{},Transfer fee,FIXED,INSERT,1316,2026-09-07 11:54:00
b00832da-e24b-a9d4-c2ff-d690a2a6861a,90164161-cfa7-01cd-2631-d00b26d794d3,715629ee-e893-be3d-7354-ea6f61607459,COLLECTION,ON_HOLD,312.2,USD,1030260.0,TZS,3300.0,314.7,,,,2026-08-27 04:14:35,2026-08-27 13:19:35,2026-08-28 04:14:35,,BILLS_PAYMENT,,,"{""original"": {""source_amount"": {""amount"": 314.7}}, ""fees"": [{""definition"": {""label"": ""Transfer fee"", ""kind"": ""FIXED""}}]}",{},Transfer fee,FIXED,INSERT,1317,2026-09-07 11:34:00
3b8c0f84-0367-1560-fd06-875bb462931f,c1101266-2408-a6dc-1346-d1a9f6802cdb,ac1e86d8-bfbf-397b-ac3e-7b0d5e5ba13d,COLLECTION_CONVERSION_DISBURSEMENT,COMPLETED,463.01,USD,2222448.0,UGX,4800.0,465.51,59fefbbc-71a3-fad2-b094-6d2a2aa93b43,debac186-ba10-8217-0ad7-c9a2727716ec,,2026-08-24 14:20:37,2026-08-25 06:13:37,2026-08-25 14:20:37,,REMITTANCE,,,"{""original"": {""source_amount"": {""amount"": 465.51}}, ""fees"": [{""definition"": {""label"": ""Transfer fee"", ""kind"": ""FIXED""}}]}",{},Transfer fee,FIXED,INSERT,1318,2026-09-07 11:53:00
fa41dd2e-cab2-1438-8557-ec6c0a23b722,36c59dac-b4d7-e28e-271e-3ee2b1a6b1f1,63b4c08b-6b8e-869f-d538-5b0e34f3193c,COLLECTION_CONVERSION_DISBURSEMENT,COMPLETED,712.53,GBP,3056753.7,TZS,4290.0,715.03,7e7e7419-a0c1-4035-c5d9-5f51f387e1bd,c2874f06-9050-f7ef-c123-5c9176c5a0dc,,2026-08-08 21:57:33,2026-08-10 17:54:33,2026-08-09 21:57:33,,BILLS_PAYMENT,,,"{""original"": {""source_amount"": {""amount"": 715.03}}, ""fees"": [{""definition"": {""label"": ""Transfer fee"", ""kind"": ""FIXED""}}]}",{},Transfer fee,FIXED,INSERT,1319,2026-09-07 11:48:00
3447c34a-f032-c262-243b-7101fdf48930,90164161-cfa7-01cd-2631-d00b26d794d3,715629ee-e893-be3d-7354-ea6f61607459,COLLECTION_CONVERSION_DISBURSEMENT,COMPLETED,65.85,USD,217305.0,TZS,3300.0,68.35,29890880-277d-1be9-6070-b6a198e52499,c566aa81-b15e-54f6-d4d3-07952e4bebc4,,2026-07-27 21:32:18,2026-07-28 10:41:18,2026-07-28 21:32:18,,REMITTANCE,,,"{""original"": {""source_amount"": {""amount"": 68.35}}, ""fees"": [{""definition"": {""label"": ""Transfer fee"", ""kind"": ""FIXED""}}]}",{},Transfer fee,FIXED,INSERT,1320,2026-09-07 11:39:00
6c35e33c-70fe-05a1-7880-adc62af2b718,90164161-cfa7-01cd-2631-d00b26d794d3,715629ee-e893-be3d-7354-ea6f61607459,COLLECTION_CONVERSION_DISBURSEMENT,COMPLETED,370.46,USD,1222518.0,TZS,3300.0,372.96,29890880-277d-1be9-6070-b6a198e52499,c566aa81-b15e-54f6-d4d3-07952e4bebc4,,2026-07-28 09:13:31,2026-07-29 09:46:31,2026-07-29 09:13:31,,GOODS_PURCHASE,,,"{""original"": {""source_amount"": {""amount"": 372.96}}, ""fees"": [{""definition"": {""label"": ""Transfer fee"", ""kind"": ""FIXED""}}]}",{},Transfer fee,FIXED,INSERT,1321,2026-09-07 11:50:00
6507c321-f0b6-844f-6a73-30b3ecfa1700,bc8960a9-23b8-c1e9-3924-56de3eb13b90,815ef6d1-3b8f-aa18-37f8-a88b17fc695a,CONVERSION_DISBURSEMENT,DISBURSEMENT_IN_PROGRESS,452.48,EUR,82125.12,KES,181.5,454.98,899ca782-e323-6d1a-3c1b-dacc18e19331,5efa9c5b-7421-ff46-637e-4b0122bae10e,,2026-08-28 17:05:19,2026-08-29 18:38:19,2026-08-29 17:05:19,,GOODS_PURCHASE,,,"{""original"": {""source_amount"": {""amount"": 454.98}}, ""fees"": [{""definition"": {""label"": ""Transfer fee"", ""kind"": ""FIXED""}}]}",{},Transfer fee,FIXED,INSERT,1322,2026-09-07 11:37:00
a1861de1-5c85-a58c-d029-0d6bebe55cc4,a021c0ca-3531-968d-c342-bd2bf295456e,4a8ff810-784c-2f29-9804-02a2b07aa066,COLLECTION_CONVERSION_DISBURSEMENT,DISBURSEMENT_IN_PROGRESS,440.4,USD,2113920.0,UGX,4800.0,442.9,5e2ad32d-31ab-0b56-d5c9-fdc7e76adca9,fc043f08-9207-0158-f277-1f63ada58417,,2026-08-05 11:31:59,2026-08-06 04:04:59,2026-08-06 11:31:59,,GOODS_PURCHASE,,,"{""original"": {""source_amount"": {""amount"": 442.9}}, ""fees"": [{""definition"": {""label"": ""Transfer fee"", ""kind"": ""FIXED""}}]}",{},Transfer fee,FIXED,INSERT,1323,2026-09-07 11:40:00
4d5e42e8-b11c-377f-40bc-2b566d4772f8,3eae0032-0bd4-a990-0640-be0f25b8fd4b,664fa663-7e8f-8095-624c-69b6b24445a7,CONVERSION_DISBURSEMENT,COMPLETED,165.92,EUR,30114.48,KES,181.5,168.42,3e49fd09-1b19-d8b8-d830-20816fcc57dd,862268d1-6683-e107-96c0-44d06f887f28,,2026-09-05 00:37:16,2026-09-06 05:30:16,2026-09-06 00:37:16,,GOODS_PURCHASE,,,"{""original"": {""source_amount"": {""amount"": 168.42}}, ""fees"": [{""definition"": {""label"": ""Transfer fee"", ""kind"": ""FIXED""}}]}",{},Transfer fee,FIXED,INSERT,1324,2026-09-07 11:50:00
d0fee4f1-2b1c-2d3d-fcad-b3fd01a4c2d1,6fa17735-b572-f3d0-0b5c-ea6a41357e8c,505cc686-9f87-1ce7-5487-fd4febb7a385,COLLECTION_CONVERSION_DISBURSEMENT,ON_HOLD,635.13,EUR,3353486.4,UGX,5280.0,637.63,88575117-6155-4667-2112-507c2cfa55b0,8f0881ee-8011-316b-3ae8-8926b423ccde,,2026-08-03 16:06:53,2026-08-04 19:17:53,2026-08-04 16:06:53,,BILLS_PAYMENT,,,"{""original"": {""source_amount"": {""amount"": 637.63}}, ""fees"": [{""definition"": {""label"": ""Transfer fee"", ""kind"": ""FIXED""}}]}",{},Transfer fee,FIXED,INSERT,1325,2026-09-07 11:36:00
70d3b5f7-68a6-9e71-df22-3246e6fb61d3,680ac07a-2a93-5d62-3c83-5dc0d9441fa5,43e458fc-63f2-ae24-fc3d-3348008d4127,CONVERSION,COMPLETED,248.23,GBP,53245.33,KES,214.5,250.73,,,,2026-09-01 18:45:41,2026-09-02 07:51:41,2026-09-02 18:45:41,,GOODS_PURCHASE,,,"{""original"": {""source_amount"": {""amount"": 250.73}}, ""fees"": [{""definition"": {""label"": ""Transfer fee"", ""kind"": ""FIXED""}}]}",{},Transfer fee,FIXED,INSERT,1326,2026-09-07 11:59:00
579744ba-1073-80cb-46d9-e34d1feb21c7,c1101266-2408-a6dc-1346-d1a9f6802cdb,ac1e86d8-bfbf-397b-ac3e-7b0d5e5ba13d,INCOMING_PEER_TO_PEER,COMPLETED,95.42,USD,181298.0,NGN,1900.0,97.92,,,,2026-07-28 08:59:06,2026-07-29 05:00:06,2026-07-29 08:59:06,,REMITTANCE,,,"{""original"": {""source_amount"": {""amount"": 97.92}}, ""fees"": [{""definition"": {""label"": ""Transfer fee"", ""kind"": ""FIXED""}}]}",{},Transfer fee,FIXED,INSERT,1327,2026-09-07 11:56:00
01d99b33-f488-e328-c075-e119441dde33,79279973-5e78-1fd7-94e0-d3baa9f948b2,4e7ed827-455a-c762-7428-a656b3ee4d3b,CONVERSION_DISBURSEMENT,COMPLETED,28.37,GBP,121707.3,TZS,4290.0,30.87,15b02530-f020-e992-b576-255e98549f22,a4bbf962-606e-0e1c-8f15-84494f40c22f,,2026-08-26 03:52:26,2026-08-26 10:45:26,2026-08-27 03:52:26,,GOODS_PURCHASE,,,"{""original"": {""source_amount"": {""amount"": 30.87}}, ""fees"": [{""definition"": {""label"": ""Transfer fee"", ""kind"": ""FIXED""}}]}",{},Transfer fee,FIXED,INSERT,1328,2026-09-07 11:54:00
5c784ca4-f0e4-ca0b-3d56-3b0ed11ce5c8,3f4b1a70-c074-718e-425a-609f7337c599,3c07c574-4925-7af1-b6aa-e05b13d5f2f7,COLLECTION_CONVERSION_DISBURSEMENT,EXPIRED,899.51,USD,2968383.0,TZS,3300.0,902.01,9a36d1ec-2c6a-6e9a-3280-67a14187222b,a7cf705c-c257-cf73-c29d-782b2722796e,,2026-09-05 17:06:08,2026-09-06 16:32:08,2026-09-06 17:06:08,,GOODS_PURCHASE,,,"{""original"": {""source_amount"": {""amount"": 902.01}}, ""fees"": [{""definition"": {""label"": ""Transfer fee"", ""kind"": ""FIXED""}}]}",{},Transfer fee,FIXED,INSERT,1329,2026-09-07 11:43:00
a904babd-69c2-aa17-83d1-677a79a6ab72,a193c4b2-3c19-e71d-1184-05ad9e11d2cd,df615a5c-b432-3070-a23d-4c2fc2a79689,COLLECTION_CONVERSION_DISBURSEMENT,COMPLETED,599.81,EUR,1253602.9,NGN,2090.0,602.31,3dba6da8-5844-f9fc-114b-9547c9dc72b8,1a89b71e-a0d5-72c8-a837-fe68bba205ca,,2026-08-23 12:25:54,2026-08-25 11:16:54,2026-08-24 12:25:54,,REMITTANCE,,,"{""original"": {""source_amount"": {""amount"": 602.31}}, ""fees"": [{""definition"": {""label"": ""Transfer fee"", ""kind"": ""FIXED""}}]}",{},Transfer fee,FIXED,INSERT,1330,2026-09-07 11:30:00
b641d449-31f0-9021-9b6f-be204b3a9a83,f1738856-e25d-36eb-9e9a-9f83066803ee,1dde7969-6886-13db-a634-8e784d5c55c7,INCOMING_PEER_TO_PEER,EXPIRED,666.16,USD,3197568.0,UGX,4800.0,668.66,,,,2026-09-06 10:38:15,2026-09-06 17:30:15,2026-09-07 10:38:15,,REMITTANCE,,,"{""original"": {""source_amount"": {""amount"": 668.66}}, ""fees"": [{""definition"": {""label"": ""Transfer fee"", ""kind"": ""FIXED""}}]}",{},Transfer fee,FIXED,INSERT,1331,2026-09-07 11:37:00
fcba6c80-8c7a-a939-ff0d-d3c2ac4dcd33,da743152-627b-41a1-ffd6-f23232ffe294,d47d577b-fa5a-91ca-059d-d55d4b943e30,COLLECTION_CONVERSION_DISBURSEMENT,COMPLETED,285.19,EUR,596047.1,NGN,2090.0,287.69,0c3ce284-c7e5-3bbb-dcb5-1c535b62a8df,45f18619-54f9-0429-a7de-02ccdda4f4a7,,2026-09-01 04:21:48,2026-09-01 10:18:48,2026-09-02 04:21:48,,BILLS_PAYMENT,,,"{""original"": {""source_amount"": {""amount"": 287.69}}, ""fees"": [{""definition"": {""label"": ""Transfer fee"", ""kind"": ""FIXED""}}]}",{},Transfer fee,FIXED,INSERT,1332,2026-09-07 11:40:00
172730d8-7df1-02c2-b9b4-c225a23036d2,4d71c366-b41b-3143-8b10-550cd5704f32,2260e70f-e0cc-edc5-f05d-b76e1a84a51a,COLLECTION,COMPLETED,832.01,GBP,178466.14,KES,214.5,834.51,,,,2026-08-25 19:20:10,2026-08-26 04:37:10,2026-08-26 19:20:10,,GOODS_PURCHASE,,,"{""original"": {""source_amount"": {""amount"": 834.51}}, ""fees"": [{""definition"": {""label"": ""Transfer fee"", ""kind"": ""FIXED""}}]}",{},Transfer fee,FIXED,INSERT,1333,2026-09-07 11:44:00
f75c0751-8fd8-acb4-c8fb-2050a460cf44,ce177b4e-0837-b8a3-d261-a7ab3aa2e4f9,e27a984d-6548-21d0-7fcd-9eb1a7cad415,COLLECTION_CONVERSION_DISBURSEMENT,DISBURSEMENT_IN_PROGRESS,355.85,EUR,1291735.5,TZS,3630.0,358.35,541c7a86-3ba5-cd2f-dea4-5c19d0243d72,e68933a9-c9e4-8e8c-25c6-1c45c63d04ee,,2026-08-29 13:37:12,2026-08-31 15:07:12,2026-08-30 13:37:12,,BILLS_PAYMENT,,,"{""original"": {""source_amount"": {""amount"": 358.35}}, ""fees"": [{""definition"": {""label"": ""Transfer fee"", ""kind"": ""FIXED""}}]}",{},Transfer fee,FIXED,INSERT,1334,2026-09-07 11:36:00
850e6d30-2055-adec-cbeb-b43fef15b821,79279973-5e78-1fd7-94e0-d3baa9f948b2,4e7ed827-455a-c762-7428-a656b3ee4d3b,COLLECTION_CONVERSION_DISBURSEMENT,COMPLETED,721.82,GBP,3096607.8,TZS,4290.0,724.32,15b02530-f020-e992-b576-255e98549f22,a4bbf962-606e-0e1c-8f15-84494f40c22f,,2026-08-09 00:24:39,2026-08-10 01:20:39,2026-08-10 00:24:39,,GOODS_PURCHASE,,,"{""original"": {""source_amount"": {""amount"": 724.32}}, ""fees"": [{""definition"": {""label"": ""Transfer fee"", ""kind"": ""FIXED""}}]}",{},Transfer fee,FIXED,INSERT,1335,2026-09-07 11:50:00
399e4d08-cf77-98cc-ef36-feb1bb8f7b2b,acf5e81e-7131-6269-7118-e36477097749,55cee5db-9e87-e04c-a208-6977a9f25336,COLLECTION_CONVERSION_DISBURSEMENT,COMPLETED,205.34,USD,985632.0,UGX,4800.0,207.84,2bffe17b-5324-01fc-f758-dce20556daea,75c8e90d-9e3d-750d-f296-d9f0cd2372c2,,2026-09-02 16:33:20,2026-09-04 17:29:20,2026-09-03 16:33:20,,GOODS_PURCHASE,,,"{""original"": {""source_amount"": {""amount"": 207.84}}, ""fees"": [{""definition"": {""label"": ""Transfer fee"", ""kind"": ""FIXED""}}]}",{},Transfer fee,FIXED,INSERT,1336,2026-09-07 11:32:00
7b814ce1-b22a-2428-711f-4ae4233731e0,79279973-5e78-1fd7-94e0-d3baa9f948b2,4e7ed827-455a-c762-7428-a656b3ee4d3b,EARNED_REWARD,COMPLETED,164.05,GBP,703774.5,TZS,4290.0,166.55,,,,2026-08-15 17:03:50,2026-08-17 13:45:50,2026-08-16 17:03:50,,BILLS_PAYMENT,,,"{""original"": {""source_amount"": {""amount"": 166.55}}, ""fees"": [{""definition"": {""label"": ""Transfer fee"", ""kind"": ""FIXED""}}]}",{},Transfer fee,FIXED,INSERT,1337,2026-09-07 11:30:00
db2c1379-b9d8-59f5-5cba-d41002568225,bf5ae7e6-53a3-dd5a-4b8c-5bdce8dd5e5a,d499da99-45c4-5a3e-e9da-484a80759f1f,COLLECTION_CONVERSION_DISBURSEMENT,COMPLETED,667.08,EUR,2421500.4,TZS,3630.0,669.58,5e0a72ab-7f5d-b163-b12b-66807f072cb9,4447ceab-84ef-4324-cc1b-4157ec9f9c54,,2026-09-01 13:08:43,2026-09-02 02:30:43,2026-09-02 13:08:43,,GOODS_PURCHASE,,,"{""original"": {""source_amount"": {""amount"": 669.58}}, ""fees"": [{""definition"": {""label"": ""Transfer fee"", ""kind"": ""FIXED""}}]}",{},Transfer fee,FIXED,INSERT,1338,2026-09-07 11:37:00
c7195dd0-16f0-c19c-a894-b11eabb558e1,7bf47042-bd15-31c8-3764-fbda3108d448,4d6168bd-2def-e193-5c62-b3a23a3c563e,INCOMING_PEER_TO_PEER,ON_HOLD,892.22,USD,4282656.0,UGX,4800.0,894.72,,,,2026-08-11 17:20:22,2026-08-13 16:34:22,2026-08-12 17:20:22,,BILLS_PAYMENT,,,"{""original"": {""source_amount"": {""amount"": 894.72}}, ""fees"": [{""definition"": {""label"": ""Transfer fee"", ""kind"": ""FIXED""}}]}",{},Transfer fee,FIXED,INSERT,1339,2026-09-07 11:52:00
1f3ec572-1527-b2ac-1ddb-4f151eb85863,da743152-627b-41a1-ffd6-f23232ffe294,d47d577b-fa5a-91ca-059d-d55d4b943e30,COLLECTION_CONVERSION_DISBURSEMENT,CANCELLED,343.24,EUR,717371.6,NGN,2090.0,345.74,0c3ce284-c7e5-3bbb-dcb5-1c535b62a8df,45f18619-54f9-0429-a7de-02ccdda4f4a7,,2026-08-25 05:01:40,2026-08-26 11:25:40,2026-08-26 05:01:40,,BILLS_PAYMENT,,,"{""original"": {""source_amount"": {""amount"": 345.74}}, ""fees"": [{""definition"": {""label"": ""Transfer fee"", ""kind"": ""FIXED""}}]}",{},Transfer fee,FIXED,INSERT,1340,2026-09-07 11:54:00
87b3d329-cfec-1804-c891-c9c689529c51,ce177b4e-0837-b8a3-d261-a7ab3aa2e4f9,e27a984d-6548-21d0-7fcd-9eb1a7cad415,COLLECTION_CONVERSION_DISBURSEMENT,EXPIRED,509.33,EUR,1848867.9,TZS,3630.0,511.83,541c7a86-3ba5-cd2f-dea4-5c19d0243d72,e68933a9-c9e4-8e8c-25c6-1c45c63d04ee,,2026-07-25 11:00:22,2026-07-26 13:53:22,2026-07-26 11:00:22,,BILLS_PAYMENT,,,"{""original"": {""source_amount"": {""amount"": 511.83}}, ""fees"": [{""definition"": {""label"": ""Transfer fee"", ""kind"": ""FIXED""}}]}",{},Transfer fee,FIXED,INSERT,1341,2026-09-07 11:49:00
e79524eb-84fa-3889-f21f-9823f23b1efb,8dedf9fb-4bb0-0f20-b27c-40266703b636,8c459ce2-67f4-8ad5-4d0b-0d1a91b0e1d9,COLLECTION_CONVERSION_DISBURSEMENT,CANCELLED,284.53,EUR,594667.7,NGN,2090.0,287.03,67884209-92ca-525a-6de5-93329364f3d0,4a1dab32-6aed-fdc7-a3e0-5309b5a1b949,,2026-07-24 12:05:58,2026-07-25 05:03:58,2026-07-25 12:05:58,,BILLS_PAYMENT,,,"{""original"": {""source_amount"": {""amount"": 287.03}}, ""fees"": [{""definition"": {""label"": ""Transfer fee"", ""kind"": ""FIXED""}}]}",{},Transfer fee,FIXED,INSERT,1342,2026-09-07 11:38:00
9f4fe355-baa6-961c-20e4-dbfe470367f7,0267deb3-aab6-12c9-415d-174a75a66981,fcd6bdca-5876-fd09-f1fa-f665711533f3,COLLECTION_CONVERSION_DISBURSEMENT,FAILED,540.77,EUR,98149.76,KES,181.5,543.27,ca862225-0b36-e356-339b-77a84b1f0d7b,50cae32d-0aba-590e-e2c3-28aa33107475,,2026-08-20 07:12:32,2026-08-20 21:57:32,2026-08-21 07:12:32,,BILLS_PAYMENT,,,"{""original"": {""source_amount"": {""amount"": 543.27}}, ""fees"": [{""definition"": {""label"": ""Transfer fee"", ""kind"": ""FIXED""}}]}",{},Transfer fee,FIXED,INSERT,1343,2026-09-07 11:57:00
13d8a6e6-3f5c-022a-9a86-013df6c9dd38,8dedf9fb-4bb0-0f20-b27c-40266703b636,8c459ce2-67f4-8ad5-4d0b-0d1a91b0e1d9,COLLECTION_CONVERSION_DISBURSEMENT,COMPLETED,353.47,EUR,738752.3,NGN,2090.0,355.97,67884209-92ca-525a-6de5-93329364f3d0,4a1dab32-6aed-fdc7-a3e0-5309b5a1b949,,2026-08-08 20:35:11,2026-08-10 02:12:11,2026-08-09 20:35:11,,BILLS_PAYMENT,,,"{""original"": {""source_amount"": {""amount"": 355.97}}, ""fees"": [{""definition"": {""label"": ""Transfer fee"", ""kind"": ""FIXED""}}]}",{},Transfer fee,FIXED,INSERT,1344,2026-09-07 11:54:00
8769ee24-1875-589a-7d57-a51fce8a5306,8da0365b-f898-97b9-405c-acec877409a9,6f4cc69a-4b22-d308-1c8e-aee95715bd6f,COLLECTION_CONVERSION_DISBURSEMENT,COMPLETED,538.17,GBP,115437.46,KES,214.5,540.67,21bddb41-0699-8731-ddcf-8766a93b12cd,c9d6a63b-ca3c-6f5f-5bb5-c40c03cde2e3,,2026-08-28 20:33:46,2026-08-29 17:29:46,2026-08-29 20:33:46,,BILLS_PAYMENT,,,"{""original"": {""source_amount"": {""amount"": 540.67}}, ""fees"": [{""definition"": {""label"": ""Transfer fee"", ""kind"": ""FIXED""}}]}",{},Transfer fee,FIXED,INSERT,1345,2026-09-07 11:54:00
b9b513c7-eb1e-fddc-0d88-893344725ab7,45b1ed25-f153-3ae8-670a-cc5cb321bf21,3a9aca5e-1761-32ed-069f-14f140181c6e,INCOMING_PEER_TO_PEER,COMPLETED,519.45,USD,986955.0,NGN,1900.0,521.95,,,,2026-07-31 10:13:21,2026-08-01 12:05:21,2026-08-01 10:13:21,,GOODS_PURCHASE,,,"{""original"": {""source_amount"": {""amount"": 521.95}}, ""fees"": [{""definition"": {""label"": ""Transfer fee"", ""kind"": ""FIXED""}}]}",{},Transfer fee,FIXED,INSERT,1346,2026-09-07 11:49:00
cc68753e-5a9f-d637-fc7a-a2dc705faecd,8dedf9fb-4bb0-0f20-b27c-40266703b636,8c459ce2-67f4-8ad5-4d0b-0d1a91b0e1d9,COLLECTION,FAILED,422.85,EUR,883756.5,NGN,2090.0,425.35,,,,2026-08-13 19:17:21,2026-08-15 19:32:21,2026-08-14 19:17:21,,BILLS_PAYMENT,,,"{""original"": {""source_amount"": {""amount"": 425.35}}, ""fees"": [{""definition"": {""label"": ""Transfer fee"", ""kind"": ""FIXED""}}]}",{},Transfer fee,FIXED,INSERT,1347,2026-09-07 11:31:00
d862042e-500f-86b1-c544-a04968115a5c,e776b886-d534-ee1d-7f29-84f5bec39a37,a5769411-a0a1-1839-e745-770418dfbc3c,COLLECTION_CONVERSION_DISBURSEMENT,CANCELLED,853.76,EUR,1784358.4,NGN,2090.0,856.26,be4969ec-6667-d3bb-e3b5-63606fdc0bad,62fb26d7-f4db-ca07-e506-f6707092947d,,2026-09-04 03:33:03,2026-09-04 09:30:03,2026-09-05 03:33:03,,REMITTANCE,,,"{""original"": {""source_amount"": {""amount"": 856.26}}, ""fees"": [{""definition"": {""label"": ""Transfer fee"", ""kind"": ""FIXED""}}]}",{},Transfer fee,FIXED,INSERT,1348,2026-09-07 11:45:00
6ccb6ae1-b6d3-31ca-01dd-c628bef46f0c,45b1ed25-f153-3ae8-670a-cc5cb321bf21,3a9aca5e-1761-32ed-069f-14f140181c6e,COLLECTION_CONVERSION_DISBURSEMENT,COMPLETED,821.58,USD,1561002.0,NGN,1900.0,824.08,b61e5fdb-1a43-5206-ef2d-dcc48df661da,1feae1e0-d9e6-04b3-8412-a335d88c656d,,2026-08-23 10:01:33,2026-08-23 23:00:33,2026-08-24 10:01:33,,GOODS_PURCHASE,,,"{""original"": {""source_amount"": {""amount"": 824.08}}, ""fees"": [{""definition"": {""label"": ""Transfer fee"", ""kind"": ""FIXED""}}]}",{},Transfer fee,FIXED,INSERT,1349,2026-09-07 11:55:00
e9fedd48-5684-7457-1cfc-df01f8401eea,1d48a071-ab61-a7b1-793b-4c3220500494,bf780e3f-f6b7-51f7-9b74-92459b1bc895,COLLECTION_CONVERSION_DISBURSEMENT,COMPLETED,170.03,GBP,36471.43,KES,214.5,172.53,57eb89b1-d65e-59dd-e62d-2d06cf9b8558,812a1f9b-1596-9802-b6dd-6257fb7d9f1c,,2026-08-17 13:18:30,2026-08-18 15:11:30,2026-08-18 13:18:30,,GOODS_PURCHASE,,,"{""original"": {""source_amount"": {""amount"": 172.53}}, ""fees"": [{""definition"": {""label"": ""Transfer fee"", ""kind"": ""FIXED""}}]}",{},Transfer fee,FIXED,INSERT,1350,2026-09-07 11:59:00
e3e3e73b-5987-5c7d-0151-ccb01b6f1a9e,35a240ae-5af3-0553-5ec4-2e0829a3b2e9,fd5166e6-451b-4cf3-6123-fdf77656af72,COLLECTION_CONVERSION_DISBURSEMENT,FAILED,282.55,USD,536845.0,NGN,1900.0,285.05,c9776598-203c-8c25-fd23-5def3e5a87e3,d46ef104-1190-6f50-3488-5a4690882eaf,,2026-08-15 20:21:04,2026-08-16 18:47:04,2026-08-16 20:21:04,,GOODS_PURCHASE,,,"{""original"": {""source_amount"": {""amount"": 285.05}}, ""fees"": [{""definition"": {""label"": ""Transfer fee"", ""kind"": ""FIXED""}}]}",{},Transfer fee,FIXED,INSERT,1351,2026-09-07 11:38:00
5a8e8f05-23ce-cf1e-296d-f91f7079ae53,3f4b1a70-c074-718e-425a-609f7337c599,3c07c574-4925-7af1-b6aa-e05b13d5f2f7,CONVERSION_DISBURSEMENT,COMPLETED,597.53,USD,1135307.0,NGN,1900.0,600.03,a53bc024-d1a6-9d87-f54e-2019ba35844e,1a5165ca-3c7c-1d85-25cf-0041d0a643fe,,2026-07-29 18:38:19,2026-07-31 00:35:19,2026-07-30 18:38:19,,GOODS_PURCHASE,,,"{""original"": {""source_amount"": {""amount"": 600.03}}, ""fees"": [{""definition"": {""label"": ""Transfer fee"", ""kind"": ""FIXED""}}]}",{},Transfer fee,FIXED,INSERT,1352,2026-09-07 11:44:00
532bd70a-209f-839f-b6dd-bd11ae864837,06e745f9-88bc-539c-9f4c-3b79fb10987f,610cf373-4299-9aa4-0cdf-742b2e85cb21,COLLECTION_CONVERSION_DISBURSEMENT,COMPLETED,456.1,GBP,1126567.0,NGN,2470.0,458.6,0e9058b6-09a0-a0f6-73b0-a0917634c169,13a4a492-497d-e16d-d4ea-120a5e659654,,2026-08-17 05:48:19,2026-08-18 19:22:19,2026-08-18 05:48:19,,BILLS_PAYMENT,,,"{""original"": {""source_amount"": {""amount"": 458.6}}, ""fees"": [{""definition"": {""label"": ""Transfer fee"", ""kind"": ""FIXED""}}]}",{},Transfer fee,FIXED,INSERT,1353,2026-09-07 11:46:00
2709f5b2-9e1b-e56d-3f6c-5de56dcfcb58,bc8960a9-23b8-c1e9-3924-56de3eb13b90,815ef6d1-3b8f-aa18-37f8-a88b17fc695a,CONVERSION_DISBURSEMENT,COMPLETED,92.7,EUR,489456.0,UGX,5280.0,95.2,278ed00d-ba02-66ef-be05-5787965befdf,19597b5a-a7a8-f636-6a35-df59e2aa7a5d,,2026-08-07 04:48:50,2026-08-08 13:59:50,2026-08-08 04:48:50,,GOODS_PURCHASE,,,"{""original"": {""source_amount"": {""amount"": 95.2}}, ""fees"": [{""definition"": {""label"": ""Transfer fee"", ""kind"": ""FIXED""}}]}",{},Transfer fee,FIXED,INSERT,1354,2026-09-07 11:49:00
6844a0e3-615e-ca80-0d0b-6920dd460c91,afffcfd2-341e-f40b-57c7-00aab7b56ea7,c56811cd-5563-f616-00e8-5ece0b49452d,COLLECTION_CONVERSION_DISBURSEMENT,COMPLETED,195.69,EUR,408992.1,NGN,2090.0,198.19,01902620-59dc-abd0-56fe-bfb9ebe9e207,90fa6b57-24ac-2130-deaf-528d2e709838,,2026-07-25 08:34:37,2026-07-27 02:40:37,2026-07-26 08:34:37,,GOODS_PURCHASE,,,"{""original"": {""source_amount"": {""amount"": 198.19}}, ""fees"": [{""definition"": {""label"": ""Transfer fee"", ""kind"": ""FIXED""}}]}",{},Transfer fee,FIXED,INSERT,1355,2026-09-07 11:59:00
9b4503bc-e892-464d-47b8-85fa78d8cdd6,ec1b8ca1-f91e-1d4c-1ff4-9b7889463e85,4a15544d-c5e7-ce8a-3a57-8a8ea9488d99,COLLECTION_CONVERSION_DISBURSEMENT,CANCELLED,206.54,EUR,37487.01,KES,181.5,209.04,f7dc67e0-3097-4b2b-46a0-2a9b65ec7acd,d2fe2fde-d918-b3e5-f2f2-5eef1f45dbfd,,2026-08-29 15:42:07,2026-08-30 13:40:07,2026-08-30 15:42:07,,REMITTANCE,,,"{""original"": {""source_amount"": {""amount"": 209.04}}, ""fees"": [{""definition"": {""label"": ""Transfer fee"", ""kind"": ""FIXED""}}]}",{},Transfer fee,FIXED,INSERT,1356,2026-09-07 11:54:00
a12ac11c-2167-7dca-1b3a-c54ce31f2212,8dedf9fb-4bb0-0f20-b27c-40266703b636,8c459ce2-67f4-8ad5-4d0b-0d1a91b0e1d9,INCOMING_PEER_TO_PEER,COMPLETED,357.96,EUR,748136.4,NGN,2090.0,360.46,,,,2026-08-03 16:42:23,2026-08-05 08:36:23,2026-08-04 16:42:23,,GOODS_PURCHASE,,,"{""original"": {""source_amount"": {""amount"": 360.46}}, ""fees"": [{""definition"": {""label"": ""Transfer fee"", ""kind"": ""FIXED""}}]}",{},Transfer fee,FIXED,INSERT,1357,2026-09-07 11:51:00
eced9c30-721d-f83c-b464-99f43163b274,7bf47042-bd15-31c8-3764-fbda3108d448,4d6168bd-2def-e193-5c62-b3a23a3c563e,COLLECTION_CONVERSION_DISBURSEMENT,FAILED,739.32,USD,3548736.0,UGX,4800.0,741.82,5cd33369-04aa-c1b7-5ca0-c428822c4d32,36d55494-f37f-d50d-2e25-b5ee4f11d8dc,,2026-09-06 18:45:46,2026-09-08 15:26:46,2026-09-07 18:45:46,,REMITTANCE,,,"{""original"": {""source_amount"": {""amount"": 741.82}}, ""fees"": [{""definition"": {""label"": ""Transfer fee"", ""kind"": ""FIXED""}}]}",{},Transfer fee,FIXED,INSERT,1358,2026-09-07 11:31:00
2abc42b1-0599-97f6-ca77-736e80fd963d,c1101266-2408-a6dc-1346-d1a9f6802cdb,ac1e86d8-bfbf-397b-ac3e-7b0d5e5ba13d,COLLECTION_CONVERSION_DISBURSEMENT,COMPLETED,839.57,USD,4029936.0,UGX,4800.0,842.07,59fefbbc-71a3-fad2-b094-6d2a2aa93b43,debac186-ba10-8217-0ad7-c9a2727716ec,,2026-08-13 20:10:30,2026-08-15 07:56:30,2026-08-14 20:10:30,,GOODS_PURCHASE,,,"{""original"": {""source_amount"": {""amount"": 842.07}}, ""fees"": [{""definition"": {""label"": ""Transfer fee"", ""kind"": ""FIXED""}}]}",{},Transfer fee,FIXED,INSERT,1359,2026-09-07 11:57:00
9794b389-37c2-3f27-9267-e7e628f5f5c2,d4aac9a3-3ed8-c56c-da09-dfa052828d80,533420e6-d9d8-0b8d-7e8a-dee70758e201,COLLECTION_CONVERSION_DISBURSEMENT,FAILED,181.98,EUR,380338.2,NGN,2090.0,184.48,8ed6ad5e-1831-8aa3-5466-9d1910df9974,4082cbb9-48bd-db3e-62f5-df2badaa44ca,,2026-08-06 16:18:49,2026-08-07 06:26:49,2026-08-07 16:18:49,,GOODS_PURCHASE,,,"{""original"": {""source_amount"": {""amount"": 184.48}}, ""fees"": [{""definition"": {""label"": ""Transfer fee"", ""kind"": ""FIXED""}}]}",{},Transfer fee,FIXED,INSERT,1360,2026-09-07 11:54:00
35c0c003-d2cb-03eb-fd52-3fad3fbefe33,e776b886-d534-ee1d-7f29-84f5bec39a37,a5769411-a0a1-1839-e745-770418dfbc3c,COLLECTION_CONVERSION_DISBURSEMENT,COMPLETED,585.32,EUR,1223318.8,NGN,2090.0,587.82,be4969ec-6667-d3bb-e3b5-63606fdc0bad,62fb26d7-f4db-ca07-e506-f6707092947d,,2026-09-04 21:33:53,2026-09-05 01:05:53,2026-09-05 21:33:53,,GOODS_PURCHASE,,,"{""original"": {""source_amount"": {""amount"": 587.82}}, ""fees"": [{""definition"": {""label"": ""Transfer fee"", ""kind"": ""FIXED""}}]}",{},Transfer fee,FIXED,INSERT,1361,2026-09-07 11:38:00
95509b75-c7cf-b659-f063-6972c737327a,afffcfd2-341e-f40b-57c7-00aab7b56ea7,c56811cd-5563-f616-00e8-5ece0b49452d,COLLECTION_CONVERSION_DISBURSEMENT,COMPLETED,881.31,EUR,1841937.9,NGN,2090.0,883.81,01902620-59dc-abd0-56fe-bfb9ebe9e207,90fa6b57-24ac-2130-deaf-528d2e709838,,2026-08-19 14:06:11,2026-08-21 10:59:11,2026-08-20 14:06:11,,REMITTANCE,,,"{""original"": {""source_amount"": {""amount"": 883.81}}, ""fees"": [{""definition"": {""label"": ""Transfer fee"", ""kind"": ""FIXED""}}]}",{},Transfer fee,FIXED,INSERT,1362,2026-09-07 11:35:00
e29ff19c-29b5-0942-4f66-a91405635b30,3fa7f104-1bf9-0e27-dc96-925eccf3a171,8ce21ea3-db20-a56e-dc81-5fe7ceda8bbb,DISBURSEMENT,COMPLETED,589.86,GBP,126524.97,KES,214.5,592.36,9bb96155-5275-eb94-14ae-af5ce63658c9,466772ce-204e-178c-10d0-8d1125f934bf,,2026-08-28 21:54:20,2026-08-29 10:13:20,2026-08-29 21:54:20,,REMITTANCE,,,"{""original"": {""source_amount"": {""amount"": 592.36}}, ""fees"": [{""definition"": {""label"": ""Transfer fee"", ""kind"": ""FIXED""}}]}",{},Transfer fee,FIXED,INSERT,1363,2026-09-07 11:32:00
d49cc547-c371-2e42-0378-25dad399956c,25074181-8d1f-b540-74ef-f5453e652603,81fb18b3-c9a7-d91f-ef2a-e71357021049,OUTGOING_PEER_TO_PEER,COMPLETED,38.23,USD,6307.95,KES,165.0,40.73,,,,2026-08-11 20:15:23,2026-08-12 22:28:23,2026-08-12 20:15:23,,GOODS_PURCHASE,,,"{""original"": {""source_amount"": {""amount"": 40.73}}, ""fees"": [{""definition"": {""label"": ""Transfer fee"", ""kind"": ""FIXED""}}]}",{},Transfer fee,FIXED,INSERT,1364,2026-09-07 11:59:00
03748864-9981-d28f-a09c-4325f047fbeb,f1738856-e25d-36eb-9e9a-9f83066803ee,1dde7969-6886-13db-a634-8e784d5c55c7,COLLECTION_CONVERSION_DISBURSEMENT,COMPLETED,255.54,USD,1226592.0,UGX,4800.0,258.04,ca9e4a62-fae3-114b-a3b4-42bd46494296,abd2b512-1335-e5db-0eaf-04b5f2a9dc8a,,2026-08-30 21:15:07,2026-08-31 02:58:07,2026-08-31 21:15:07,,REMITTANCE,,,"{""original"": {""source_amount"": {""amount"": 258.03999999999996}}, ""fees"": [{""definition"": {""label"": ""Transfer fee"", ""kind"": ""FIXED""}}]}",{},Transfer fee,FIXED,INSERT,1365,2026-09-07 11:40:00
6a5018b5-d623-c671-e2ee-d64b82f47196,90164161-cfa7-01cd-2631-d00b26d794d3,715629ee-e893-be3d-7354-ea6f61607459,COLLECTION_CONVERSION_DISBURSEMENT,COMPLETED,281.13,USD,927729.0,TZS,3300.0,283.63,29890880-277d-1be9-6070-b6a198e52499,c566aa81-b15e-54f6-d4d3-07952e4bebc4,,2026-07-29 11:47:18,2026-07-31 00:58:18,2026-07-30 11:47:18,,REMITTANCE,,,"{""original"": {""source_amount"": {""amount"": 283.63}}, ""fees"": [{""definition"": {""label"": ""Transfer fee"", ""kind"": ""FIXED""}}]}",{},Transfer fee,FIXED,INSERT,1366,2026-09-07 11:48:00
0b18c73c-e545-281b-15b5-bc25eb7cd628,6fa17735-b572-f3d0-0b5c-ea6a41357e8c,505cc686-9f87-1ce7-5487-fd4febb7a385,OUTGOING_PEER_TO_PEER,COMPLETED,832.52,EUR,4395705.6,UGX,5280.0,835.02,,,,2026-07-30 05:53:19,2026-07-31 06:30:19,2026-07-31 05:53:19,,GOODS_PURCHASE,,,"{""original"": {""source_amount"": {""amount"": 835.02}}, ""fees"": [{""definition"": {""label"": ""Transfer fee"", ""kind"": ""FIXED""}}]}",{},Transfer fee,FIXED,INSERT,1367,2026-09-07 11:44:00
aad26db6-e4a3-5a10-2674-d1ff6cdcd3be,5f987c71-a65e-688e-abf3-ad39fec21bbe,b535106e-122c-9a56-01d7-425638602ab6,COLLECTION_CONVERSION_DISBURSEMENT,COMPLETED,179.6,EUR,32597.4,KES,181.5,182.1,ddf275eb-e8a3-f341-c881-9065ba2c98ce,75424646-4d37-a539-857d-d3b3a8addf36,,2026-08-09 18:07:17,2026-08-11 11:04:17,2026-08-10 18:07:17,,GOODS_PURCHASE,,,"{""original"": {""source_amount"": {""amount"": 182.1}}, ""fees"": [{""definition"": {""label"": ""Transfer fee"", ""kind"": ""FIXED""}}]}",{},Transfer fee,FIXED,INSERT,1368,2026-09-07 11:41:00
b184071c-7b35-b9f9-6c80-423a7e8450d7,6dadd6c7-95a7-6d79-bf3c-4c06434308bc,a0a04dc4-2720-9bdf-1c11-f735dc713d96,COLLECTION_CONVERSION_DISBURSEMENT,COMPLETED,330.3,GBP,815841.0,NGN,2470.0,332.8,fcce96f6-250a-4578-fbe9-4499dbc080fd,cc6b66e5-402a-df9c-8a4b-8f7c21472a15,,2026-08-30 18:14:36,2026-08-31 20:32:36,2026-08-31 18:14:36,,BILLS_PAYMENT,,,"{""original"": {""source_amount"": {""amount"": 332.8}}, ""fees"": [{""definition"": {""label"": ""Transfer fee"", ""kind"": ""FIXED""}}]}",{},Transfer fee,FIXED,INSERT,1369,2026-09-07 11:59:00
5cc624ef-0464-3f52-d9c0-99f6fe709416,f2b43abf-8441-aefd-0299-436a8e485223,7da67785-b63b-4dc3-a559-e46379e13cea,COLLECTION,COMPLETED,22.52,USD,42788.0,NGN,1900.0,25.02,,,,2026-08-04 22:01:11,2026-08-05 22:43:11,2026-08-05 22:01:11,,GOODS_PURCHASE,,,"{""original"": {""source_amount"": {""amount"": 25.02}}, ""fees"": [{""definition"": {""label"": ""Transfer fee"", ""kind"": ""FIXED""}}]}",{},Transfer fee,FIXED,INSERT,1370,2026-09-07 11:44:00
35f2e254-3e14-4f6a-6bcb-b347e9b758ee,8dedf9fb-4bb0-0f20-b27c-40266703b636,8c459ce2-67f4-8ad5-4d0b-0d1a91b0e1d9,COLLECTION_CONVERSION_DISBURSEMENT,COMPLETED,875.2,EUR,1829168.0,NGN,2090.0,877.7,67884209-92ca-525a-6de5-93329364f3d0,4a1dab32-6aed-fdc7-a3e0-5309b5a1b949,,2026-07-31 11:56:07,2026-08-02 01:35:07,2026-08-01 11:56:07,,REMITTANCE,,,"{""original"": {""source_amount"": {""amount"": 877.7}}, ""fees"": [{""definition"": {""label"": ""Transfer fee"", ""kind"": ""FIXED""}}]}",{},Transfer fee,FIXED,INSERT,1371,2026-09-07 11:32:00
23de67fc-be59-d035-7842-80712eb35f6a,750cab75-4ccc-9bc2-a53f-8a28abf3e3fc,43e42caf-8181-a8cc-3691-47eb89a2688b,COLLECTION_CONVERSION_DISBURSEMENT,FAILED,151.75,USD,25038.75,KES,165.0,154.25,4ffca6b1-99b4-79d4-49a2-14aef7e8f8e5,81e5c9f6-93f2-77cc-1a85-910d5a057c11,,2026-09-02 20:15:51,2026-09-04 00:41:51,2026-09-03 20:15:51,,GOODS_PURCHASE,,,"{""original"": {""source_amount"": {""amount"": 154.25}}, ""fees"": [{""definition"": {""label"": ""Transfer fee"", ""kind"": ""FIXED""}}]}",{},Transfer fee,FIXED,INSERT,1372,2026-09-07 11:52:00
3a314e67-b598-2577-4e58-3dde807ab658,3f4b1a70-c074-718e-425a-609f7337c599,3c07c574-4925-7af1-b6aa-e05b13d5f2f7,DISBURSEMENT,DISBURSEMENT_IN_PROGRESS,828.85,USD,2735205.0,TZS,3300.0,831.35,9a36d1ec-2c6a-6e9a-3280-67a14187222b,a7cf705c-c257-cf73-c29d-782b2722796e,,2026-09-02 18:27:31,2026-09-03 12:04:31,2026-09-03 18:27:31,,BILLS_PAYMENT,,,"{""original"": {""source_amount"": {""amount"": 831.35}}, ""fees"": [{""definition"": {""label"": ""Transfer fee"", ""kind"": ""FIXED""}}]}",{},Transfer fee,FIXED,INSERT,1373,2026-09-07 11:44:00
2a31edfd-6166-7c7c-d3c6-e5a067b4a019,d4aac9a3-3ed8-c56c-da09-dfa052828d80,533420e6-d9d8-0b8d-7e8a-dee70758e201,COLLECTION,COMPLETED,594.38,EUR,1242254.2,NGN,2090.0,596.88,,,,2026-08-16 16:13:48,2026-08-17 13:36:48,2026-08-17 16:13:48,,REMITTANCE,,,"{""original"": {""source_amount"": {""amount"": 596.88}}, ""fees"": [{""definition"": {""label"": ""Transfer fee"", ""kind"": ""FIXED""}}]}",{},Transfer fee,FIXED,INSERT,1374,2026-09-07 11:56:00
1b4142aa-8aa4-31e9-29aa-aa7e483eb6a1,ce177b4e-0837-b8a3-d261-a7ab3aa2e4f9,e27a984d-6548-21d0-7fcd-9eb1a7cad415,OUTGOING_PEER_TO_PEER,ON_HOLD,44.68,EUR,162188.4,TZS,3630.0,47.18,,,,2026-09-03 14:22:16,2026-09-04 13:17:16,2026-09-04 14:22:16,,REMITTANCE,,,"{""original"": {""source_amount"": {""amount"": 47.18}}, ""fees"": [{""definition"": {""label"": ""Transfer fee"", ""kind"": ""FIXED""}}]}",{},Transfer fee,FIXED,INSERT,1375,2026-09-07 11:58:00
44e831e1-3d86-9ad2-0849-30a1ede02d33,37bb3eec-4bf5-0b52-309d-258c27a0c3d7,eb5cf467-80ba-cd64-7a0e-cfea958ca9ba,CONVERSION,COMPLETED,197.52,USD,948096.0,UGX,4800.0,200.02,,,,2026-08-02 14:44:14,2026-08-04 04:24:14,2026-08-03 14:44:14,,REMITTANCE,,,"{""original"": {""source_amount"": {""amount"": 200.02}}, ""fees"": [{""definition"": {""label"": ""Transfer fee"", ""kind"": ""FIXED""}}]}",{},Transfer fee,FIXED,INSERT,1376,2026-09-07 11:33:00
fb04c6b1-022b-a960-4f00-ba6af189d0b1,f2b43abf-8441-aefd-0299-436a8e485223,7da67785-b63b-4dc3-a559-e46379e13cea,DISBURSEMENT,COMPLETED,296.83,USD,563977.0,NGN,1900.0,299.33,2434a678-a9e2-7ba9-952e-6abb14dd5061,f7baf55e-4f6b-58c8-598d-daeceaafe543,,2026-07-26 17:13:18,2026-07-26 20:30:18,2026-07-27 17:13:18,,BILLS_PAYMENT,,,"{""original"": {""source_amount"": {""amount"": 299.33}}, ""fees"": [{""definition"": {""label"": ""Transfer fee"", ""kind"": ""FIXED""}}]}",{},Transfer fee,FIXED,INSERT,1377,2026-09-07 11:59:00
4a454398-0993-96ff-da1e-72b2de6a7c6e,8da0365b-f898-97b9-405c-acec877409a9,6f4cc69a-4b22-d308-1c8e-aee95715bd6f,COLLECTION_CONVERSION_DISBURSEMENT,FAILED,439.72,GBP,94319.94,KES,214.5,442.22,21bddb41-0699-8731-ddcf-8766a93b12cd,c9d6a63b-ca3c-6f5f-5bb5-c40c03cde2e3,,2026-09-01 03:29:16,2026-09-02 05:35:16,2026-09-02 03:29:16,,REMITTANCE,,,"{""original"": {""source_amount"": {""amount"": 442.22}}, ""fees"": [{""definition"": {""label"": ""Transfer fee"", ""kind"": ""FIXED""}}]}",{},Transfer fee,FIXED,INSERT,1378,2026-09-07 11:41:00
9b5c4b58-9c42-5665-ff3c-03a6357544ee,8dedf9fb-4bb0-0f20-b27c-40266703b636,8c459ce2-67f4-8ad5-4d0b-0d1a91b0e1d9,COLLECTION_CONVERSION_DISBURSEMENT,DISBURSEMENT_IN_PROGRESS,361.12,EUR,754740.8,NGN,2090.0,363.62,67884209-92ca-525a-6de5-93329364f3d0,4a1dab32-6aed-fdc7-a3e0-5309b5a1b949,,2026-08-31 01:58:45,2026-09-02 00:36:45,2026-09-01 01:58:45,,REMITTANCE,,,"{""original"": {""source_amount"": {""amount"": 363.62}}, ""fees"": [{""definition"": {""label"": ""Transfer fee"", ""kind"": ""FIXED""}}]}",{},Transfer fee,FIXED,INSERT,1379,2026-09-07 11:38:00
42089fc8-75f3-21cb-c59d-e4aab5ed7ce8,ce177b4e-0837-b8a3-d261-a7ab3aa2e4f9,e27a984d-6548-21d0-7fcd-9eb1a7cad415,DISBURSEMENT,COMPLETED,82.6,EUR,299838.0,TZS,3630.0,85.1,541c7a86-3ba5-cd2f-dea4-5c19d0243d72,e68933a9-c9e4-8e8c-25c6-1c45c63d04ee,,2026-08-10 15:42:14,2026-08-10 21:48:14,2026-08-11 15:42:14,,BILLS_PAYMENT,,,"{""original"": {""source_amount"": {""amount"": 85.1}}, ""fees"": [{""definition"": {""label"": ""Transfer fee"", ""kind"": ""FIXED""}}]}",{},Transfer fee,FIXED,INSERT,1380,2026-09-07 11:50:00
69c718ee-aea4-b7d6-155f-a2f45fa9b21a,0267deb3-aab6-12c9-415d-174a75a66981,fcd6bdca-5876-fd09-f1fa-f665711533f3,COLLECTION_CONVERSION_DISBURSEMENT,COMPLETED,857.8,EUR,155690.7,KES,181.5,860.3,ca862225-0b36-e356-339b-77a84b1f0d7b,50cae32d-0aba-590e-e2c3-28aa33107475,,2026-08-18 09:04:53,2026-08-20 03:43:53,2026-08-19 09:04:53,,GOODS_PURCHASE,,,"{""original"": {""source_amount"": {""amount"": 860.3}}, ""fees"": [{""definition"": {""label"": ""Transfer fee"", ""kind"": ""FIXED""}}]}",{},Transfer fee,FIXED,INSERT,1381,2026-09-07 11:33:00
d17b6fc6-e66e-b0e2-88fd-5890a479dce2,675dd5af-3c36-5296-dca0-2eecacdabacc,50fd9d3f-85d5-1695-90b2-b633956b8c0c,COLLECTION_CONVERSION_DISBURSEMENT,EXPIRED,429.97,GBP,1062025.9,NGN,2470.0,432.47,5a856750-692a-c139-1f4a-8ca1ab85fd59,c012a0ff-f0ed-e303-aa53-c19cdfa4bb9f,,2026-07-29 00:56:20,2026-07-30 00:46:20,2026-07-30 00:56:20,,BILLS_PAYMENT,,,"{""original"": {""source_amount"": {""amount"": 432.47}}, ""fees"": [{""definition"": {""label"": ""Transfer fee"", ""kind"": ""FIXED""}}]}",{},Transfer fee,FIXED,INSERT,1382,2026-09-07 11:52:00
615a58bd-c632-554b-99e0-3598fce12a25,5f987c71-a65e-688e-abf3-ad39fec21bbe,b535106e-122c-9a56-01d7-425638602ab6,COLLECTION_CONVERSION_DISBURSEMENT,CANCELLED,520.02,EUR,94383.63,KES,181.5,522.52,ddf275eb-e8a3-f341-c881-9065ba2c98ce,75424646-4d37-a539-857d-d3b3a8addf36,,2026-08-03 20:42:38,2026-08-04 18:34:38,2026-08-04 20:42:38,,REMITTANCE,,,"{""original"": {""source_amount"": {""amount"": 522.52}}, ""fees"": [{""definition"": {""label"": ""Transfer fee"", ""kind"": ""FIXED""}}]}",{},Transfer fee,FIXED,INSERT,1383,2026-09-07 11:43:00
e6d1fe21-e51b-dfff-17aa-3aee0dc20df3,36c59dac-b4d7-e28e-271e-3ee2b1a6b1f1,63b4c08b-6b8e-869f-d538-5b0e34f3193c,CONVERSION_DISBURSEMENT,COMPLETED,181.99,GBP,780737.1,TZS,4290.0,184.49,7e7e7419-a0c1-4035-c5d9-5f51f387e1bd,c2874f06-9050-f7ef-c123-5c9176c5a0dc,,2026-08-26 00:11:32,2026-08-26 17:54:32,2026-08-27 00:11:32,,BILLS_PAYMENT,,,"{""original"": {""source_amount"": {""amount"": 184.49}}, ""fees"": [{""definition"": {""label"": ""Transfer fee"", ""kind"": ""FIXED""}}]}",{},Transfer fee,FIXED,INSERT,1384,2026-09-07 11:43:00
52e0234e-2505-a2b6-9dd3-c15a9417e0f5,acf5e81e-7131-6269-7118-e36477097749,55cee5db-9e87-e04c-a208-6977a9f25336,DISBURSEMENT,FAILED,656.0,USD,3148800.0,UGX,4800.0,658.5,2bffe17b-5324-01fc-f758-dce20556daea,75c8e90d-9e3d-750d-f296-d9f0cd2372c2,,2026-08-03 03:20:20,2026-08-03 08:39:20,2026-08-04 03:20:20,,GOODS_PURCHASE,,,"{""original"": {""source_amount"": {""amount"": 658.5}}, ""fees"": [{""definition"": {""label"": ""Transfer fee"", ""kind"": ""FIXED""}}]}",{},Transfer fee,FIXED,INSERT,1385,2026-09-07 11:54:00
60a78c20-99d7-6c9c-2a85-98d1c63e0e47,8da0365b-f898-97b9-405c-acec877409a9,6f4cc69a-4b22-d308-1c8e-aee95715bd6f,COLLECTION_CONVERSION_DISBURSEMENT,ON_HOLD,632.87,GBP,135750.61,KES,214.5,635.37,21bddb41-0699-8731-ddcf-8766a93b12cd,c9d6a63b-ca3c-6f5f-5bb5-c40c03cde2e3,,2026-08-02 14:38:10,2026-08-03 19:20:10,2026-08-03 14:38:10,,REMITTANCE,,,"{""original"": {""source_amount"": {""amount"": 635.37}}, ""fees"": [{""definition"": {""label"": ""Transfer fee"", ""kind"": ""FIXED""}}]}",{},Transfer fee,FIXED,INSERT,1386,2026-09-07 11:35:00
5f84e3c5-6daa-8c7e-7575-76022d02223f,6fa17735-b572-f3d0-0b5c-ea6a41357e8c,505cc686-9f87-1ce7-5487-fd4febb7a385,CONVERSION_DISBURSEMENT,COMPLETED,119.77,EUR,250319.3,NGN,2090.0,122.27,bdf66ba5-dc9c-96de-65a6-74c212738a23,75b27455-04cc-3ede-6fac-16730ad45230,,2026-08-18 21:32:13,2026-08-19 20:28:13,2026-08-19 21:32:13,,REMITTANCE,,,"{""original"": {""source_amount"": {""amount"": 122.27}}, ""fees"": [{""definition"": {""label"": ""Transfer fee"", ""kind"": ""FIXED""}}]}",{},Transfer fee,FIXED,INSERT,1387,2026-09-07 11:55:00
ed5edfa2-9fb3-0a4d-c071-2a38bffc4f09,8da0365b-f898-97b9-405c-acec877409a9,6f4cc69a-4b22-d308-1c8e-aee95715bd6f,INCOMING_PEER_TO_PEER,COMPLETED,111.23,GBP,23858.83,KES,214.5,113.73,,,,2026-08-23 09:59:43,2026-08-24 14:04:43,2026-08-24 09:59:43,,GOODS_PURCHASE,,,"{""original"": {""source_amount"": {""amount"": 113.73}}, ""fees"": [{""definition"": {""label"": ""Transfer fee"", ""kind"": ""FIXED""}}]}",{},Transfer fee,FIXED,INSERT,1388,2026-09-07 11:35:00
390e9f57-363d-2fb5-6baf-1e8fda095b0c,8da0365b-f898-97b9-405c-acec877409a9,6f4cc69a-4b22-d308-1c8e-aee95715bd6f,CONVERSION_DISBURSEMENT,FAILED,607.58,GBP,130325.91,KES,214.5,610.08,21bddb41-0699-8731-ddcf-8766a93b12cd,c9d6a63b-ca3c-6f5f-5bb5-c40c03cde2e3,,2026-09-01 14:54:26,2026-09-01 17:08:26,2026-09-02 14:54:26,,BILLS_PAYMENT,,,"{""original"": {""source_amount"": {""amount"": 610.08}}, ""fees"": [{""definition"": {""label"": ""Transfer fee"", ""kind"": ""FIXED""}}]}",{},Transfer fee,FIXED,INSERT,1389,2026-09-07 11:56:00
d1edc618-84da-c679-d113-b5ffd73cad84,c1101266-2408-a6dc-1346-d1a9f6802cdb,ac1e86d8-bfbf-397b-ac3e-7b0d5e5ba13d,COLLECTION_CONVERSION_DISBURSEMENT,COMPLETED,715.65,USD,3435120.0,UGX,4800.0,718.15,59fefbbc-71a3-fad2-b094-6d2a2aa93b43,debac186-ba10-8217-0ad7-c9a2727716ec,,2026-07-25 18:34:47,2026-07-26 05:03:47,2026-07-26 18:34:47,,GOODS_PURCHASE,,,"{""original"": {""source_amount"": {""amount"": 718.15}}, ""fees"": [{""definition"": {""label"": ""Transfer fee"", ""kind"": ""FIXED""}}]}",{},Transfer fee,FIXED,INSERT,1390,2026-09-07 11:56:00
20572e73-cd19-9b5e-b5c4-3078197df05f,300568d2-0de0-51a6-69ca-97d2764414fd,49bc473f-ed7b-f656-218a-15368c99a894,COLLECTION_CONVERSION_DISBURSEMENT,COMPLETED,404.91,EUR,1469823.3,TZS,3630.0,407.41,eada79a3-4970-ed9a-09ce-3cfb2339ba19,d4c3a832-b231-c60b-78f2-ce6bd46b415d,,2026-08-18 14:40:17,2026-08-19 01:29:17,2026-08-19 14:40:17,,GOODS_PURCHASE,,,"{""original"": {""source_amount"": {""amount"": 407.41}}, ""fees"": [{""definition"": {""label"": ""Transfer fee"", ""kind"": ""FIXED""}}]}",{},Transfer fee,FIXED,INSERT,1391,2026-09-07 11:50:00
ce9def4e-c7af-fa24-b9ef-9fa83ec8fe58,3fa7f104-1bf9-0e27-dc96-925eccf3a171,8ce21ea3-db20-a56e-dc81-5fe7ceda8bbb,INCOMING_PEER_TO_PEER,COMPLETED,491.17,GBP,105355.96,KES,214.5,493.67,,,,2026-08-07 21:56:23,2026-08-08 11:10:23,2026-08-08 21:56:23,,BILLS_PAYMENT,,,"{""original"": {""source_amount"": {""amount"": 493.67}}, ""fees"": [{""definition"": {""label"": ""Transfer fee"", ""kind"": ""FIXED""}}]}",{},Transfer fee,FIXED,INSERT,1392,2026-09-07 11:34:00
fc1bb61a-a36d-4d54-05ec-8e9fa09fc700,89e06ab3-7250-ee18-260a-5962dd81b7f5,9261549d-3d22-5c30-b28f-41defb140bc3,INCOMING_PEER_TO_PEER,COMPLETED,842.78,USD,2781174.0,TZS,3300.0,845.28,,,,2026-08-06 20:21:26,2026-08-07 02:01:26,2026-08-07 20:21:26,,GOODS_PURCHASE,,,"{""original"": {""source_amount"": {""amount"": 845.28}}, ""fees"": [{""definition"": {""label"": ""Transfer fee"", ""kind"": ""FIXED""}}]}",{},Transfer fee,FIXED,INSERT,1393,2026-09-07 11:36:00
2e3d9de2-e504-d1c6-4312-153d484f7f7c,da743152-627b-41a1-ffd6-f23232ffe294,d47d577b-fa5a-91ca-059d-d55d4b943e30,COLLECTION_CONVERSION_DISBURSEMENT,COMPLETED,114.23,EUR,238740.7,NGN,2090.0,116.73,0c3ce284-c7e5-3bbb-dcb5-1c535b62a8df,45f18619-54f9-0429-a7de-02ccdda4f4a7,,2026-08-22 10:16:02,2026-08-22 18:39:02,2026-08-23 10:16:02,,REMITTANCE,,,"{""original"": {""source_amount"": {""amount"": 116.73}}, ""fees"": [{""definition"": {""label"": ""Transfer fee"", ""kind"": ""FIXED""}}]}",{},Transfer fee,FIXED,INSERT,1394,2026-09-07 11:49:00
fe65b782-57c2-6cfd-f9d5-9f7f1e014975,bc8960a9-23b8-c1e9-3924-56de3eb13b90,815ef6d1-3b8f-aa18-37f8-a88b17fc695a,INCOMING_PEER_TO_PEER,FAILED,772.23,EUR,140159.75,KES,181.5,774.73,,,,2026-08-24 03:25:00,2026-08-25 20:50:00,2026-08-25 03:25:00,,BILLS_PAYMENT,,,"{""original"": {""source_amount"": {""amount"": 774.73}}, ""fees"": [{""definition"": {""label"": ""Transfer fee"", ""kind"": ""FIXED""}}]}",{},Transfer fee,FIXED,INSERT,1395,2026-09-07 11:45:00
89344b06-0790-eeb4-9b2a-1376315e4e80,06e745f9-88bc-539c-9f4c-3b79fb10987f,610cf373-4299-9aa4-0cdf-742b2e85cb21,COLLECTION_CONVERSION_DISBURSEMENT,COMPLETED,835.39,GBP,2063413.3,NGN,2470.0,837.89,0e9058b6-09a0-a0f6-73b0-a0917634c169,13a4a492-497d-e16d-d4ea-120a5e659654,,2026-08-29 12:08:21,2026-08-30 05:31:21,2026-08-30 12:08:21,,REMITTANCE,,,"{""original"": {""source_amount"": {""amount"": 837.89}}, ""fees"": [{""definition"": {""label"": ""Transfer fee"", ""kind"": ""FIXED""}}]}",{},Transfer fee,FIXED,INSERT,1396,2026-09-07 11:44:00
316c00bc-ec1f-0155-6662-9bd2f243b5c6,d4aac9a3-3ed8-c56c-da09-dfa052828d80,533420e6-d9d8-0b8d-7e8a-dee70758e201,COLLECTION_CONVERSION_DISBURSEMENT,ON_HOLD,403.73,EUR,843795.7,NGN,2090.0,406.23,8ed6ad5e-1831-8aa3-5466-9d1910df9974,4082cbb9-48bd-db3e-62f5-df2badaa44ca,,2026-09-01 18:34:01,2026-09-03 04:25:01,2026-09-02 18:34:01,,BILLS_PAYMENT,,,"{""original"": {""source_amount"": {""amount"": 406.23}}, ""fees"": [{""definition"": {""label"": ""Transfer fee"", ""kind"": ""FIXED""}}]}",{},Transfer fee,FIXED,INSERT,1397,2026-09-07 11:36:00
d1c06099-a1f8-86ce-e5dc-6ce55fbbdfd7,dbccc477-09e9-db0a-df46-529061ee411a,6601ddd0-3170-f437-a8f7-ef5a060edf5b,OUTGOING_PEER_TO_PEER,COMPLETED,519.08,EUR,2740742.4,UGX,5280.0,521.58,,,,2026-08-14 08:11:09,2026-08-14 21:50:09,2026-08-15 08:11:09,,REMITTANCE,,,"{""original"": {""source_amount"": {""amount"": 521.58}}, ""fees"": [{""definition"": {""label"": ""Transfer fee"", ""kind"": ""FIXED""}}]}",{},Transfer fee,FIXED,INSERT,1398,2026-09-07 11:48:00
a52523e3-e093-97d5-d3a1-b88a9a980457,36c59dac-b4d7-e28e-271e-3ee2b1a6b1f1,63b4c08b-6b8e-869f-d538-5b0e34f3193c,COLLECTION_CONVERSION_DISBURSEMENT,COMPLETED,380.63,GBP,1632902.7,TZS,4290.0,383.13,7e7e7419-a0c1-4035-c5d9-5f51f387e1bd,c2874f06-9050-f7ef-c123-5c9176c5a0dc,,2026-08-05 18:50:25,2026-08-07 10:54:25,2026-08-06 18:50:25,,GOODS_PURCHASE,,,"{""original"": {""source_amount"": {""amount"": 383.13}}, ""fees"": [{""definition"": {""label"": ""Transfer fee"", ""kind"": ""FIXED""}}]}",{},Transfer fee,FIXED,INSERT,1399,2026-09-07 11:42:00
36511c93-9a0f-b0b8-489a-f19562b61594,37bb3eec-4bf5-0b52-309d-258c27a0c3d7,eb5cf467-80ba-cd64-7a0e-cfea958ca9ba,DISBURSEMENT,COMPLETED,514.24,USD,1696992.0,TZS,3300.0,516.74,112fa612-7969-9ed2-ec48-bf55afd380c4,17dded81-15da-705c-d4ef-00aa175a81ec,,2026-09-06 03:06:45,2026-09-06 18:59:45,2026-09-07 03:06:45,,GOODS_PURCHASE,,,"{""original"": {""source_amount"": {""amount"": 516.74}}, ""fees"": [{""definition"": {""label"": ""Transfer fee"", ""kind"": ""FIXED""}}]}",{},Transfer fee,FIXED,INSERT,1400,2026-09-07 11:51:00
b1a8b71f-491b-90e9-9ca3-fbb3ff11c8ba,d4aac9a3-3ed8-c56c-da09-dfa052828d80,533420e6-d9d8-0b8d-7e8a-dee70758e201,COLLECTION_CONVERSION_DISBURSEMENT,ON_HOLD,412.72,EUR,862584.8,NGN,2090.0,415.22,8ed6ad5e-1831-8aa3-5466-9d1910df9974,4082cbb9-48bd-db3e-62f5-df2badaa44ca,,2026-08-06 03:15:34,2026-08-08 03:19:34,2026-08-07 03:15:34,,BILLS_PAYMENT,,,"{""original"": {""source_amount"": {""amount"": 415.22}}, ""fees"": [{""definition"": {""label"": ""Transfer fee"", ""kind"": ""FIXED""}}]}",{},Transfer fee,FIXED,DELETE,1402,2026-09-07 11:44:00
